gsm,celltype,gene,cells,mean_log1p_cp10k,detected_fraction,pseudobulk_log1p_cp10k
GSM5050523,b_plasma,COL1A1,40,3.823539137674218,0.8,5.251174972269822
GSM5050523,b_plasma,PDGFRA,40,0.31066536786034604,0.225,0.7007598303922401
GSM5050523,b_plasma,KRT14,40,0.8510168624571091,0.5,1.1736033285163667
GSM5050523,b_plasma,KRT10,40,0.8725357665093771,0.575,1.1736033285163667
GSM5050523,b_plasma,LYZ,40,0.0,0.0,0.0
GSM5050523,b_plasma,CD3D,40,0.050734559922132716,0.025,0.06549327767743107
GSM5050523,b_plasma,MS4A1,40,0.3943403367697186,0.15,0.5564915752838221
GSM5050523,b_plasma,PECAM1,40,0.0504637927114439,0.025,0.06549327767743107
GSM5050523,b_plasma,CCL21,40,0.11802103427491013,0.1,0.23960117057867814
GSM5050523,b_plasma,RGS5,40,0.3490184010361766,0.175,1.0630527007800468
GSM5050523,b_plasma,TPSAB1,40,0.050734559922132716,0.025,0.06549327767743107
GSM5050523,b_plasma,PMEL,40,0.0,0.0,0.0
GSM5050523,b_plasma,DCD,40,0.0,0.0,0.0
GSM5050523,b_plasma,TIMP1,40,1.6028658556181512,0.65,2.619210628378936
GSM5050523,b_plasma,CHI3L1,40,0.0,0.0,0.0
GSM5050523,b_plasma,FN1,40,1.2812166449732572,0.65,1.958925142062609
GSM5050523,b_plasma,DCN,40,2.222181492287895,0.725,3.238763652710193
GSM5050523,b_plasma,LUM,40,2.868924969567481,0.75,4.1014512770498674
GSM5050523,endothelial,COL1A1,420,1.0301149669887002,0.6595238095238095,2.000289032525752
GSM5050523,endothelial,PDGFRA,420,0.012414081203211922,0.014285714285714285,0.02198674365076187
GSM5050523,endothelial,KRT14,420,0.7109209352391938,0.5261904761904762,0.9810545403101316
GSM5050523,endothelial,KRT10,420,0.6108179989904863,0.4928571428571429,0.9355858798343648
GSM5050523,endothelial,LYZ,420,0.005275537948923404,0.009523809523809525,0.014711410153715585
GSM5050523,endothelial,CD3D,420,0.0,0.0,0.0
GSM5050523,endothelial,MS4A1,420,0.0,0.0,0.0
GSM5050523,endothelial,PECAM1,420,2.0387362611521156,0.8595238095238096,2.33030943882375
GSM5050523,endothelial,CCL21,420,0.07727709735370836,0.09761904761904762,0.15420217854174695
GSM5050523,endothelial,RGS5,420,0.16782148600606298,0.1357142857142857,0.5372927391615638
GSM5050523,endothelial,TPSAB1,420,0.015242326073260195,0.009523809523809525,0.018355693197333586
GSM5050523,endothelial,PMEL,420,0.010560957716878254,0.011904761904761904,0.018355693197333586
GSM5050523,endothelial,DCD,420,0.0,0.0,0.0
GSM5050523,endothelial,TIMP1,420,1.4287430718404484,0.7547619047619047,1.8343647086161796
GSM5050523,endothelial,CHI3L1,420,0.0,0.0,0.0
GSM5050523,endothelial,FN1,420,0.553506114429773,0.3523809523809524,1.0165336390637432
GSM5050523,endothelial,DCN,420,0.12115424497819917,0.1,0.35492905139513986
GSM5050523,endothelial,LUM,420,0.30039533616021435,0.2761904761904762,0.6746318811077374
GSM5050523,fibroblast,COL1A1,1238,5.587119079030212,0.9983844911147012,5.847701007637026
GSM5050523,fibroblast,PDGFRA,1238,0.6100383383019298,0.49596122778675283,0.7082692822178855
GSM5050523,fibroblast,KRT14,1238,0.726623029981802,0.6292407108239095,0.892507626303664
GSM5050523,fibroblast,KRT10,1238,1.1253255274156753,0.7681744749596123,1.3751103368060555
GSM5050523,fibroblast,LYZ,1238,0.0027812721639657294,0.0032310177705977385,0.004048777032328421
GSM5050523,fibroblast,CD3D,1238,0.002687336100029266,0.0024232633279483036,0.0030381185427784127
GSM5050523,fibroblast,MS4A1,1238,0.0,0.0,0.0
GSM5050523,fibroblast,PECAM1,1238,0.0513958778724572,0.06462035541195477,0.09936318108277917
GSM5050523,fibroblast,CCL21,1238,0.08937395544075576,0.1098546042003231,0.14249833521790078
GSM5050523,fibroblast,RGS5,1238,0.11213953991867996,0.11308562197092084,0.2586231330870167
GSM5050523,fibroblast,TPSAB1,1238,0.012757853531247327,0.012116316639741519,0.01709522412713379
GSM5050523,fibroblast,PMEL,1238,0.002238028165637614,0.0032310177705977385,0.004048777032328421
GSM5050523,fibroblast,DCD,1238,0.0,0.0,0.0
GSM5050523,fibroblast,TIMP1,1238,2.252516975534112,0.9394184168012925,2.593904272973184
GSM5050523,fibroblast,CHI3L1,1238,0.030361824389774562,0.018578352180936994,0.19141606687692692
GSM5050523,fibroblast,FN1,1238,2.067374106284932,0.8820678513731826,2.640837774081912
GSM5050523,fibroblast,DCN,1238,3.2669631206460674,0.9878836833602584,3.3801286162288573
GSM5050523,fibroblast,LUM,1238,3.9467326105667873,0.9911147011308562,4.249250917541265
GSM5050523,keratinocyte,COL1A1,170,1.115712501849255,0.8823529411764706,1.6194653649717212
GSM5050523,keratinocyte,PDGFRA,170,0.001018522563131243,0.0058823529411764705,0.0032875895273499676
GSM5050523,keratinocyte,KRT14,170,5.650940388528802,1.0,6.050639291524969
GSM5050523,keratinocyte,KRT10,170,2.1082509996947807,0.9058823529411765,3.6805875216390285
GSM5050523,keratinocyte,LYZ,170,0.0,0.0,0.0
GSM5050523,keratinocyte,CD3D,170,0.0,0.0,0.0
GSM5050523,keratinocyte,MS4A1,170,0.0,0.0,0.0
GSM5050523,keratinocyte,PECAM1,170,0.02380275935542844,0.052941176470588235,0.032399419950056
GSM5050523,keratinocyte,CCL21,170,0.11884862448113191,0.24705882352941178,0.16366695084641555
GSM5050523,keratinocyte,RGS5,170,0.1816817044004282,0.28823529411764703,0.3836324608556377
GSM5050523,keratinocyte,TPSAB1,170,0.009392818550276356,0.023529411764705882,0.013086001877766935
GSM5050523,keratinocyte,PMEL,170,0.002199409997719693,0.0058823529411764705,0.0032875895273499676
GSM5050523,keratinocyte,DCD,170,0.0,0.0,0.0
GSM5050523,keratinocyte,TIMP1,170,0.33184152813348944,0.4823529411764706,0.5333902622807639
GSM5050523,keratinocyte,CHI3L1,170,0.04773808131769016,0.07058823529411765,0.054470185885758075
GSM5050523,keratinocyte,FN1,170,0.1369594148393054,0.2235294117647059,0.21010124495237656
GSM5050523,keratinocyte,DCN,170,0.45010954981790063,0.5352941176470588,0.6737379728485665
GSM5050523,keratinocyte,LUM,170,0.3576478367053206,0.5058823529411764,0.6220624203493335
GSM5050523,lymphatic_ec,COL1A1,50,1.6621815993656859,0.76,2.7825659852523703
GSM5050523,lymphatic_ec,PDGFRA,50,0.026683125872273124,0.04,0.05921919951451583
GSM5050523,lymphatic_ec,KRT14,50,0.698542882825088,0.5,0.8894057517522186
GSM5050523,lymphatic_ec,KRT10,50,0.46300847899646597,0.42,0.7115431277442167
GSM5050523,lymphatic_ec,LYZ,50,0.0,0.0,0.0
GSM5050523,lymphatic_ec,CD3D,50,0.0062233345898682095,0.02,0.030047899916731693
GSM5050523,lymphatic_ec,MS4A1,50,0.0,0.0,0.0
GSM5050523,lymphatic_ec,PECAM1,50,0.7296985569463362,0.48,1.1902162260006381
GSM5050523,lymphatic_ec,CCL21,50,3.47772438841953,0.8,5.430191767310857
GSM5050523,lymphatic_ec,RGS5,50,0.29986352024652385,0.22,0.4571551794279608
GSM5050523,lymphatic_ec,TPSAB1,50,0.0,0.0,0.0
GSM5050523,lymphatic_ec,PMEL,50,0.040670538752415775,0.02,0.14195038868327697
GSM5050523,lymphatic_ec,DCD,50,0.0,0.0,0.0
GSM5050523,lymphatic_ec,TIMP1,50,2.650604146967512,0.9,4.167751683392948
GSM5050523,lymphatic_ec,CHI3L1,50,0.0,0.0,0.0
GSM5050523,lymphatic_ec,FN1,50,1.1555000679323035,0.66,1.583913829925379
GSM5050523,lymphatic_ec,DCN,50,0.6930808576209985,0.32,1.3988130202511648
GSM5050523,lymphatic_ec,LUM,50,1.1356591666036686,0.44,1.8935968394529212
GSM5050523,mast,COL1A1,43,1.2755251044552258,0.4883720930232558,3.4583918104318223
GSM5050523,mast,PDGFRA,43,0.04617688608383768,0.046511627906976744,0.2427070036980511
GSM5050523,mast,KRT14,43,0.5490292319916777,0.2558139534883721,1.1623882402529588
GSM5050523,mast,KRT10,43,0.4483090642692655,0.23255813953488372,1.0244338793956878
GSM5050523,mast,LYZ,43,0.0,0.0,0.0
GSM5050523,mast,CD3D,43,0.1762525989038973,0.06976744186046512,0.43786141925987443
GSM5050523,mast,MS4A1,43,0.0,0.0,0.0
GSM5050523,mast,PECAM1,43,0.14486861330264228,0.06976744186046512,0.34503733172978546
GSM5050523,mast,CCL21,43,0.06430512622400594,0.023255813953488372,0.1286988358063945
GSM5050523,mast,RGS5,43,0.2251653933493749,0.06976744186046512,2.080031961787747
GSM5050523,mast,TPSAB1,43,4.002356188069744,0.8604651162790697,4.656307935920149
GSM5050523,mast,PMEL,43,0.0,0.0,0.0
GSM5050523,mast,DCD,43,0.0,0.0,0.0
GSM5050523,mast,TIMP1,43,1.5248684677134052,0.5813953488372093,2.6522107461607636
GSM5050523,mast,CHI3L1,43,0.0,0.0,0.0
GSM5050523,mast,FN1,43,0.2384437130408165,0.13953488372093023,0.9206105824635421
GSM5050523,mast,DCN,43,0.4770247109095372,0.18604651162790697,2.0089298269705655
GSM5050523,mast,LUM,43,0.6048203082448491,0.18604651162790697,2.9072174345204695
GSM5050523,melanocyte,COL1A1,14,1.0791186218163573,0.42857142857142855,1.8715145410128013
GSM5050523,melanocyte,PDGFRA,14,0.0,0.0,0.0
GSM5050523,melanocyte,KRT14,14,0.28381245001968985,0.14285714285714285,0.7417592941730226
GSM5050523,melanocyte,KRT10,14,0.6852173958899052,0.2857142857142857,1.1629171119484514
GSM5050523,melanocyte,LYZ,14,0.0,0.0,0.0
GSM5050523,melanocyte,CD3D,14,0.0,0.0,0.0
GSM5050523,melanocyte,MS4A1,14,0.0,0.0,0.0
GSM5050523,melanocyte,PECAM1,14,0.0,0.0,0.0
GSM5050523,melanocyte,CCL21,14,0.0,0.0,0.0
GSM5050523,melanocyte,RGS5,14,0.5051094359822182,0.14285714285714285,1.5787088633719704
GSM5050523,melanocyte,TPSAB1,14,0.0,0.0,0.0
GSM5050523,melanocyte,PMEL,14,0.16378652577525615,0.07142857142857142,0.43813431950201187
GSM5050523,melanocyte,DCD,14,0.0,0.0,0.0
GSM5050523,melanocyte,TIMP1,14,1.487337631883508,0.5714285714285714,2.3366794272002687
GSM5050523,melanocyte,CHI3L1,14,0.0,0.0,0.0
GSM5050523,melanocyte,FN1,14,0.1037691302401701,0.07142857142857142,0.7417592941730226
GSM5050523,melanocyte,DCN,14,0.5685174707674244,0.21428571428571427,1.1629171119484514
GSM5050523,melanocyte,LUM,14,1.1845900813190766,0.35714285714285715,2.4845950405068544
GSM5050523,myeloid,COL1A1,97,1.1669344281645804,0.6288659793814433,2.3140681470205466
GSM5050523,myeloid,PDGFRA,97,0.009553985504046118,0.010309278350515464,0.030031114536781145
GSM5050523,myeloid,KRT14,97,0.6951973317840126,0.4020618556701031,1.050710566440166
GSM5050523,myeloid,KRT10,97,0.13383265555549517,0.10309278350515463,0.33384432624576177
GSM5050523,myeloid,LYZ,97,2.739420428877981,0.845360824742268,3.7649827907974265
GSM5050523,myeloid,CD3D,97,0.0,0.0,0.0
GSM5050523,myeloid,MS4A1,97,0.0,0.0,0.0
GSM5050523,myeloid,PECAM1,97,0.2002599810227568,0.12371134020618557,0.3765846870292802
GSM5050523,myeloid,CCL21,97,0.05112918680546916,0.041237113402061855,0.11506502188686277
GSM5050523,myeloid,RGS5,97,0.03197753063495969,0.020618556701030927,0.059186593653510235
GSM5050523,myeloid,TPSAB1,97,0.0,0.0,0.0
GSM5050523,myeloid,PMEL,97,0.0,0.0,0.0
GSM5050523,myeloid,DCD,97,0.018882424080935628,0.010309278350515464,0.030031114536781145
GSM5050523,myeloid,TIMP1,97,2.010272690162275,0.8041237113402062,2.854819554812459
GSM5050523,myeloid,CHI3L1,97,0.0,0.0,0.0
GSM5050523,myeloid,FN1,97,0.07283839211010243,0.05154639175257732,0.417572939356536
GSM5050523,myeloid,DCN,97,0.12566959413020493,0.07216494845360824,0.2891953485562164
GSM5050523,myeloid,LUM,97,0.24574306163305337,0.14432989690721648,0.8507534183426708
GSM5050523,pericyte_smc,COL1A1,1599,2.7411362396999244,0.924953095684803,3.7453045169792043
GSM5050523,pericyte_smc,PDGFRA,1599,0.006295749233147238,0.0068792995622263915,0.013413917582294916
GSM5050523,pericyte_smc,KRT14,1599,0.6576791873843482,0.482801751094434,0.9477900470249291
GSM5050523,pericyte_smc,KRT10,1599,0.7781283035543368,0.5465916197623515,1.1059056876380209
GSM5050523,pericyte_smc,LYZ,1599,0.004455582563395449,0.00375234521575985,0.012201878640434038
GSM5050523,pericyte_smc,CD3D,1599,0.0016729547096863643,0.001876172607879925,0.0036762219884775888
GSM5050523,pericyte_smc,MS4A1,1599,0.0,0.0,0.0
GSM5050523,pericyte_smc,PECAM1,1599,0.017967058048851108,0.01938711694809256,0.0572568879869074
GSM5050523,pericyte_smc,CCL21,1599,0.1142774623730415,0.09818636647904941,0.21164667894984307
GSM5050523,pericyte_smc,RGS5,1599,2.8091690050210874,0.8805503439649781,3.364983001382572
GSM5050523,pericyte_smc,TPSAB1,1599,0.004695864620893246,0.00375234521575985,0.007338978854516698
GSM5050523,pericyte_smc,PMEL,1599,0.003704020742121652,0.0050031269543464665,0.009773384718853763
GSM5050523,pericyte_smc,DCD,1599,0.0012302877100636917,0.0012507817385866166,0.0024523156681785455
GSM5050523,pericyte_smc,TIMP1,1599,2.4678203573713073,0.9274546591619762,3.0355306015173125
GSM5050523,pericyte_smc,CHI3L1,1599,0.0009753125550203594,0.001876172607879925,0.004898632193014771
GSM5050523,pericyte_smc,FN1,1599,1.3274838165071843,0.6716697936210131,2.049551827033047
GSM5050523,pericyte_smc,DCN,1599,1.178139214755571,0.5953721075672295,1.7574621763246907
GSM5050523,pericyte_smc,LUM,1599,2.037006903762473,0.8080050031269543,2.577088431107177
GSM5050523,t_cell,COL1A1,280,0.8843539762392933,0.35,3.3300954511159224
GSM5050523,t_cell,PDGFRA,280,0.016321807485113787,0.010714285714285714,0.10473289136078315
GSM5050523,t_cell,KRT14,280,0.5334224080401824,0.2392857142857143,1.1483773446890015
GSM5050523,t_cell,KRT10,280,0.31566063163245184,0.14285714285714285,0.8787043770574781
GSM5050523,t_cell,LYZ,280,0.0,0.0,0.0
GSM5050523,t_cell,CD3D,280,1.6632893231867267,0.6178571428571429,2.3079651450433722
GSM5050523,t_cell,MS4A1,280,0.0,0.0,0.0
GSM5050523,t_cell,PECAM1,280,0.07835767470302842,0.03571428571428571,0.265159136964387
GSM5050523,t_cell,CCL21,280,0.05007333837210372,0.025,0.19952926722233422
GSM5050523,t_cell,RGS5,280,0.0848526364742051,0.03214285714285714,0.890103460674955
GSM5050523,t_cell,TPSAB1,280,0.009580937586150924,0.0035714285714285713,0.02722938484051543
GSM5050523,t_cell,PMEL,280,0.0,0.0,0.0
GSM5050523,t_cell,DCD,280,0.0,0.0,0.0
GSM5050523,t_cell,TIMP1,280,0.5207591182662851,0.225,1.4156576686482287
GSM5050523,t_cell,CHI3L1,280,0.0,0.0,0.0
GSM5050523,t_cell,FN1,280,0.14126377111377467,0.060714285714285714,0.8074384193046075
GSM5050523,t_cell,DCN,280,0.17426556581848857,0.075,1.1912187769995404
GSM5050523,t_cell,LUM,280,0.2705156728684992,0.11071428571428571,1.904183418826854
GSM5050527,b_plasma,COL1A1,28,1.717324115162063,0.7142857142857143,3.1191773940982293
GSM5050527,b_plasma,PDGFRA,28,0.022030648350128818,0.03571428571428571,0.0693889426767053
GSM5050527,b_plasma,KRT14,28,1.5659375994568532,0.8571428571428571,1.8432639293124002
GSM5050527,b_plasma,KRT10,28,0.8993277178757731,0.6071428571428571,1.2569984465700907
GSM5050527,b_plasma,LYZ,28,0.0,0.0,0.0
GSM5050527,b_plasma,CD3D,28,0.0,0.0,0.0
GSM5050527,b_plasma,MS4A1,28,0.9669246427674433,0.35714285714285715,1.5851581179874692
GSM5050527,b_plasma,PECAM1,28,0.0558864651757,0.07142857142857142,0.19520409640134362
GSM5050527,b_plasma,CCL21,28,0.24553118162967538,0.14285714285714285,0.6596365319943203
GSM5050527,b_plasma,RGS5,28,0.6260144312762063,0.21428571428571427,1.49266695310431
GSM5050527,b_plasma,TPSAB1,28,0.0,0.0,0.0
GSM5050527,b_plasma,PMEL,28,0.0,0.0,0.0
GSM5050527,b_plasma,DCD,28,0.0,0.0,0.0
GSM5050527,b_plasma,TIMP1,28,1.971295170102483,0.75,3.210172007576075
GSM5050527,b_plasma,CHI3L1,28,0.07772276758367376,0.07142857142857142,0.30694417673387675
GSM5050527,b_plasma,FN1,28,0.9278506011649984,0.4642857142857143,2.343030564309219
GSM5050527,b_plasma,DCN,28,0.7339822888058506,0.32142857142857145,2.278913941964833
GSM5050527,b_plasma,LUM,28,1.0393951811154956,0.5357142857142857,2.2414331555636355
GSM5050527,endothelial,COL1A1,155,0.40575923356101273,0.3935483870967742,1.1190431845460118
GSM5050527,endothelial,PDGFRA,155,0.061084082490231506,0.07096774193548387,0.0948929249999541
GSM5050527,endothelial,KRT14,155,1.883828455154803,0.9548387096774194,1.922403946540615
GSM5050527,endothelial,KRT10,155,1.1305981664006415,0.7677419354838709,1.3630315139235862
GSM5050527,endothelial,LYZ,155,0.04985301716972503,0.04516129032258064,0.055321774687869384
GSM5050527,endothelial,CD3D,155,0.0,0.0,0.0
GSM5050527,endothelial,MS4A1,155,0.0,0.0,0.0
GSM5050527,endothelial,PECAM1,155,1.8574234025151577,0.8903225806451613,2.0682538730253484
GSM5050527,endothelial,CCL21,155,0.004921399937251654,0.012903225806451613,0.014120001277572469
GSM5050527,endothelial,RGS5,155,0.07275022359324693,0.09032258064516129,0.1013385138613206
GSM5050527,endothelial,TPSAB1,155,0.019180481681786283,0.01935483870967742,0.0211059335320085
GSM5050527,endothelial,PMEL,155,0.0,0.0,0.0
GSM5050527,endothelial,DCD,155,0.0,0.0,0.0
GSM5050527,endothelial,TIMP1,155,1.91906501731092,0.9032258064516129,2.349931003987717
GSM5050527,endothelial,CHI3L1,155,0.11498965090035396,0.13548387096774195,0.24474307878378157
GSM5050527,endothelial,FN1,155,0.760274563253871,0.4774193548387097,1.2913899778672857
GSM5050527,endothelial,DCN,155,0.34450400817989907,0.2967741935483871,0.8638369232479327
GSM5050527,endothelial,LUM,155,0.21596803155356742,0.1870967741935484,0.5287369390728962
GSM5050527,fibroblast,COL1A1,956,3.9309357851894795,0.9895397489539749,4.404206328464048
GSM5050527,fibroblast,PDGFRA,956,0.7646366377986515,0.6799163179916318,0.9747471287712923
GSM5050527,fibroblast,KRT14,956,1.7641144277944545,0.9728033472803347,1.8243007832439164
GSM5050527,fibroblast,KRT10,956,1.377958985198317,0.9205020920502092,1.5167264197130148
GSM5050527,fibroblast,LYZ,956,0.031225661291458803,0.04497907949790795,0.04910031593227441
GSM5050527,fibroblast,CD3D,956,0.003879222823133878,0.005230125523012552,0.005576169767560365
GSM5050527,fibroblast,MS4A1,956,0.0,0.0,0.0
GSM5050527,fibroblast,PECAM1,956,0.06269314232408825,0.09414225941422594,0.09674857872713635
GSM5050527,fibroblast,CCL21,956,0.025074791234658795,0.03765690376569038,0.032999936139975296
GSM5050527,fibroblast,RGS5,956,0.050583364246878856,0.053347280334728034,0.14303744366261714
GSM5050527,fibroblast,TPSAB1,956,0.0026740907028567165,0.0041841004184100415,0.003720899220332301
GSM5050527,fibroblast,PMEL,956,0.001613910845926324,0.0020920502092050207,0.0018621802455437678
GSM5050527,fibroblast,DCD,956,0.0,0.0,0.0
GSM5050527,fibroblast,TIMP1,956,3.9258419944848324,0.9968619246861925,4.752712697549331
GSM5050527,fibroblast,CHI3L1,956,1.3677689801026847,0.5292887029288703,3.1284096249418467
GSM5050527,fibroblast,FN1,956,2.1670346821030493,0.9361924686192469,2.689605905036757
GSM5050527,fibroblast,DCN,956,3.9036142229963637,0.9905857740585774,4.1910141509195675
GSM5050527,fibroblast,LUM,956,3.19881754646277,0.9822175732217573,3.478862312690344
GSM5050527,keratinocyte,COL1A1,311,0.7099558137990511,0.7942122186495176,0.6986857943176383
GSM5050527,keratinocyte,PDGFRA,311,0.013850611654779514,0.03858520900321544,0.017737472914917434
GSM5050527,keratinocyte,KRT14,311,4.87724486878629,0.9871382636655949,6.437355572611378
GSM5050527,keratinocyte,KRT10,311,2.5257995425400788,0.9292604501607717,4.635304249930589
GSM5050527,keratinocyte,LYZ,311,0.04676584630912445,0.12861736334405144,0.09550653347237288
GSM5050527,keratinocyte,CD3D,311,0.0,0.0,0.0
GSM5050527,keratinocyte,MS4A1,311,0.0,0.0,0.0
GSM5050527,keratinocyte,PECAM1,311,0.015947035119647613,0.05787781350482315,0.018616141268807215
GSM5050527,keratinocyte,CCL21,311,0.015662498627577705,0.07395498392282958,0.020371165188769254
GSM5050527,keratinocyte,RGS5,311,0.11713158108425586,0.10932475884244373,0.08158427412057051
GSM5050527,keratinocyte,TPSAB1,311,0.0023041192564753252,0.00964630225080386,0.0026807609644796905
GSM5050527,keratinocyte,PMEL,311,0.011845060663521138,0.04180064308681672,0.012449187574006352
GSM5050527,keratinocyte,DCD,311,0.0,0.0,0.0
GSM5050527,keratinocyte,TIMP1,311,1.2532927353253087,0.9389067524115756,1.320714668224246
GSM5050527,keratinocyte,CHI3L1,311,0.2564788414968114,0.4565916398713826,0.43555408789927735
GSM5050527,keratinocyte,FN1,311,0.34689038876434847,0.4630225080385852,0.29668194260956116
GSM5050527,keratinocyte,DCN,311,0.7410312951877231,0.7813504823151125,0.7973238697139127
GSM5050527,keratinocyte,LUM,311,0.5417569218399502,0.5787781350482315,0.5241277984789305
GSM5050527,lymphatic_ec,COL1A1,29,1.577678974633693,0.896551724137931,1.754944133822073
GSM5050527,lymphatic_ec,PDGFRA,29,0.0,0.0,0.0
GSM5050527,lymphatic_ec,KRT14,29,1.7576742014918978,0.9310344827586207,1.909817838616219
GSM5050527,lymphatic_ec,KRT10,29,0.8509688373903855,0.6206896551724138,1.0775480584456447
GSM5050527,lymphatic_ec,LYZ,29,0.09387818790875936,0.06896551724137931,0.11430299920390308
GSM5050527,lymphatic_ec,CD3D,29,0.0,0.0,0.0
GSM5050527,lymphatic_ec,MS4A1,29,0.0,0.0,0.0
GSM5050527,lymphatic_ec,PECAM1,29,0.19586012881906695,0.1724137931034483,0.5104283638849826
GSM5050527,lymphatic_ec,CCL21,29,2.2995211578070665,0.896551724137931,4.802787331658058
GSM5050527,lymphatic_ec,RGS5,29,0.25210133079314323,0.13793103448275862,0.5104283638849826
GSM5050527,lymphatic_ec,TPSAB1,29,0.0,0.0,0.0
GSM5050527,lymphatic_ec,PMEL,29,0.0,0.0,0.0
GSM5050527,lymphatic_ec,DCD,29,0.0,0.0,0.0
GSM5050527,lymphatic_ec,TIMP1,29,2.765324706622507,1.0,3.829643849557077
GSM5050527,lymphatic_ec,CHI3L1,29,0.14606901720834412,0.13793103448275862,0.3949884546959491
GSM5050527,lymphatic_ec,FN1,29,0.8965500911471774,0.5862068965517241,1.2301770348504641
GSM5050527,lymphatic_ec,DCN,29,0.9857769650362914,0.4482758620689655,2.516294341196603
GSM5050527,lymphatic_ec,LUM,29,1.1701027459677016,0.5172413793103449,1.8545125644021714
GSM5050527,mast,COL1A1,13,0.2010581338255378,0.07692307692307693,0.9125421929228279
GSM5050527,mast,PDGFRA,13,0.0,0.0,0.0
GSM5050527,mast,KRT14,13,1.5873850505165277,0.6153846153846154,2.4366371445665935
GSM5050527,mast,KRT10,13,0.7357515556521286,0.3076923076923077,1.553209404693324
GSM5050527,mast,LYZ,13,0.0,0.0,0.0
GSM5050527,mast,CD3D,13,0.0,0.0,0.0
GSM5050527,mast,MS4A1,13,0.0,0.0,0.0
GSM5050527,mast,PECAM1,13,0.0,0.0,0.0
GSM5050527,mast,CCL21,13,0.0,0.0,0.0
GSM5050527,mast,RGS5,13,0.0,0.0,0.0
GSM5050527,mast,TPSAB1,13,4.92366828429209,1.0,5.2447411719223185
GSM5050527,mast,PMEL,13,0.0,0.0,0.0
GSM5050527,mast,DCD,13,0.0,0.0,0.0
GSM5050527,mast,TIMP1,13,2.3516299369867255,0.8461538461538461,2.6683259202717053
GSM5050527,mast,CHI3L1,13,0.1531775589211466,0.07692307692307693,0.5569396947115408
GSM5050527,mast,FN1,13,0.23034600890076634,0.07692307692307693,1.174328509870746
GSM5050527,mast,DCN,13,0.3605383000065849,0.07692307692307693,2.6152396894842225
GSM5050527,mast,LUM,13,0.3401203902569875,0.07692307692307693,2.369233911042602
GSM5050527,melanocyte,COL1A1,8,1.0463647607171072,0.5,1.81452833832214
GSM5050527,melanocyte,PDGFRA,8,0.31965705066772143,0.25,0.7424318160090116
GSM5050527,melanocyte,KRT14,8,1.1088019010190275,0.625,1.7528743941915406
GSM5050527,melanocyte,KRT10,8,0.8001119389115738,0.5,1.370191162083337
GSM5050527,melanocyte,LYZ,8,0.0,0.0,0.0
GSM5050527,melanocyte,CD3D,8,0.0,0.0,0.0
GSM5050527,melanocyte,MS4A1,8,0.0,0.0,0.0
GSM5050527,melanocyte,PECAM1,8,0.0,0.0,0.0
GSM5050527,melanocyte,CCL21,8,0.0,0.0,0.0
GSM5050527,melanocyte,RGS5,8,0.0,0.0,0.0
GSM5050527,melanocyte,TPSAB1,8,0.0,0.0,0.0
GSM5050527,melanocyte,PMEL,8,0.25453673644622377,0.25,0.5504457365549602
GSM5050527,melanocyte,DCD,8,0.0,0.0,0.0
GSM5050527,melanocyte,TIMP1,8,3.2457992499480595,0.875,4.0328050099892465
GSM5050527,melanocyte,CHI3L1,8,1.2424887870728212,0.5,2.2832299010922155
GSM5050527,melanocyte,FN1,8,1.2748299202609217,0.5,2.0289678953336323
GSM5050527,melanocyte,DCN,8,2.3290545726821312,0.75,3.2979795552055218
GSM5050527,melanocyte,LUM,8,1.4579517755426084,0.625,2.0760915317687294
GSM5050527,myeloid,COL1A1,443,0.35869404716465486,0.1963882618510158,1.6788556372194214
GSM5050527,myeloid,PDGFRA,443,0.008986573150532995,0.009029345372460496,0.037207143305795234
GSM5050527,myeloid,KRT14,443,1.6623482185311773,0.7652370203160271,1.9616103498649982
GSM5050527,myeloid,KRT10,443,0.5663575391501763,0.34085778781038373,0.9982176967422735
GSM5050527,myeloid,LYZ,443,3.493344279249746,0.8961625282167043,4.284973455792384
GSM5050527,myeloid,CD3D,443,0.0018000484782220163,0.002257336343115124,0.007553002976498265
GSM5050527,myeloid,MS4A1,443,0.0,0.0,0.0
GSM5050527,myeloid,PECAM1,443,0.38609748886620143,0.24830699774266365,0.6782592295604758
GSM5050527,myeloid,CCL21,443,0.0034958056798443087,0.002257336343115124,0.007553002976498265
GSM5050527,myeloid,RGS5,443,0.029675926299777562,0.020316027088036117,0.17356665366530624
GSM5050527,myeloid,TPSAB1,443,0.009644814943651592,0.004514672686230248,0.015049385486431614
GSM5050527,myeloid,PMEL,443,0.0,0.0,0.0
GSM5050527,myeloid,DCD,443,0.0,0.0,0.0
GSM5050527,myeloid,TIMP1,443,3.221202443255065,0.927765237020316,3.8947375228881573
GSM5050527,myeloid,CHI3L1,443,0.12986792021086888,0.07900677200902935,0.4404825873920462
GSM5050527,myeloid,FN1,443,0.31907355670456194,0.15124153498871332,1.0965970923077468
GSM5050527,myeloid,DCN,443,0.3320318583480765,0.16478555304740405,1.5823987088383487
GSM5050527,myeloid,LUM,443,0.25871535251336636,0.12189616252821671,1.2747323251794274
GSM5050527,pericyte_smc,COL1A1,843,2.3190257809193753,0.8766310794780545,3.2708217495207577
GSM5050527,pericyte_smc,PDGFRA,843,0.009608422743298236,0.011862396204033215,0.026010680223861826
GSM5050527,pericyte_smc,KRT14,843,1.7095090966552995,0.9181494661921709,1.8585515624552562
GSM5050527,pericyte_smc,KRT10,843,1.0926399647024545,0.7402135231316725,1.3570343716808042
GSM5050527,pericyte_smc,LYZ,843,0.03775592563332395,0.03914590747330961,0.0629760932496566
GSM5050527,pericyte_smc,CD3D,843,0.0013669810345592049,0.002372479240806643,0.003507429781491777
GSM5050527,pericyte_smc,MS4A1,843,0.0008637558102794478,0.0011862396204033216,0.0017552526479166677
GSM5050527,pericyte_smc,PECAM1,843,0.018051591854589214,0.022538552787663108,0.03283409871881592
GSM5050527,pericyte_smc,CCL21,843,0.08559395819070244,0.0711743772241993,0.15885315942646822
GSM5050527,pericyte_smc,RGS5,843,1.7024088186917452,0.6571767497034401,2.5087174329970154
GSM5050527,pericyte_smc,TPSAB1,843,0.008099551743066386,0.00830367734282325,0.01222255732959159
GSM5050527,pericyte_smc,PMEL,843,0.0030256509947649076,0.004744958481613286,0.008745615403235952
GSM5050527,pericyte_smc,DCD,843,0.0,0.0,0.0
GSM5050527,pericyte_smc,TIMP1,843,2.7542942583465093,0.9644128113879004,3.4913303583736965
GSM5050527,pericyte_smc,CHI3L1,843,0.0981463871793469,0.09845788849347568,0.3834288879212275
GSM5050527,pericyte_smc,FN1,843,1.3996909829358082,0.7520759193357058,1.9991032078917799
GSM5050527,pericyte_smc,DCN,843,0.9109170150804765,0.5172004744958482,1.6618423815950225
GSM5050527,pericyte_smc,LUM,843,0.8779572848840487,0.4970344009489917,1.5407705344461469
GSM5050527,sweat_gland,COL1A1,4,1.2026465127565693,0.5,1.4280544063383127
GSM5050527,sweat_gland,PDGFRA,4,0.3405288350289322,0.25,0.7211800691908409
GSM5050527,sweat_gland,KRT14,4,3.4652279105607184,1.0,3.791689160566718
GSM5050527,sweat_gland,KRT10,4,1.593303078589336,0.75,1.8380536758531696
GSM5050527,sweat_gland,LYZ,4,0.0,0.0,0.0
GSM5050527,sweat_gland,CD3D,4,0.0,0.0,0.0
GSM5050527,sweat_gland,MS4A1,4,0.0,0.0,0.0
GSM5050527,sweat_gland,PECAM1,4,0.3405288350289322,0.25,0.7211800691908409
GSM5050527,sweat_gland,CCL21,4,0.0,0.0,0.0
GSM5050527,sweat_gland,RGS5,4,0.0,0.0,0.0
GSM5050527,sweat_gland,TPSAB1,4,0.0,0.0,0.0
GSM5050527,sweat_gland,PMEL,4,0.0,0.0,0.0
GSM5050527,sweat_gland,DCD,4,0.0,0.0,0.0
GSM5050527,sweat_gland,TIMP1,4,1.331861422480676,0.5,2.352491884461828
GSM5050527,sweat_gland,CHI3L1,4,1.4763131571680739,0.25,4.899064690443269
GSM5050527,sweat_gland,FN1,4,0.5683748281887028,0.25,1.4280544063383127
GSM5050527,sweat_gland,DCN,4,0.9143328090039304,0.25,2.6905083855107628
GSM5050527,sweat_gland,LUM,4,1.1341355834768745,0.5,2.448293679854602
GSM5050527,t_cell,COL1A1,75,0.4787835150436284,0.26666666666666666,1.56327575509329
GSM5050527,t_cell,PDGFRA,75,0.011919935816356843,0.013333333333333334,0.051094854720356624
GSM5050527,t_cell,KRT14,75,1.7061938838327304,0.7466666666666667,2.0493083557410765
GSM5050527,t_cell,KRT10,75,0.891204835503141,0.5066666666666667,1.3430806164059823
GSM5050527,t_cell,LYZ,75,0.03517505673736939,0.013333333333333334,0.051094854720356624
GSM5050527,t_cell,CD3D,75,1.7914176585157338,0.7066666666666667,2.3146670662379747
GSM5050527,t_cell,MS4A1,75,0.0,0.0,0.0
GSM5050527,t_cell,PECAM1,75,0.07031204449168325,0.04,0.38648915978338355
GSM5050527,t_cell,CCL21,75,0.0,0.0,0.0
GSM5050527,t_cell,RGS5,75,0.057363384586023435,0.02666666666666667,0.7910551031513908
GSM5050527,t_cell,TPSAB1,75,0.0,0.0,0.0
GSM5050527,t_cell,PMEL,75,0.0,0.0,0.0
GSM5050527,t_cell,DCD,75,0.0,0.0,0.0
GSM5050527,t_cell,TIMP1,75,1.4360621790814923,0.5733333333333334,3.020485873639324
GSM5050527,t_cell,CHI3L1,75,0.033372254230205914,0.02666666666666667,0.09970544430079459
GSM5050527,t_cell,FN1,75,0.20960767930961266,0.10666666666666667,1.1471901599112875
GSM5050527,t_cell,DCN,75,0.45458700192794,0.21333333333333335,1.839707103478773
GSM5050527,t_cell,LUM,75,0.2997580606531518,0.14666666666666667,1.0602933288037262
GSM5050530,b_plasma,COL1A1,536,0.4439795958041482,0.23880597014925373,1.9606881251500594
GSM5050530,b_plasma,PDGFRA,536,0.015506290744637868,0.018656716417910446,0.04436861800996157
GSM5050530,b_plasma,KRT14,536,0.3726075597863687,0.32649253731343286,0.6853556386966763
GSM5050530,b_plasma,KRT10,536,0.5902473230795724,0.498134328358209,0.8396952325375158
GSM5050530,b_plasma,LYZ,536,0.01736012754673097,0.018656716417910446,0.07849849325823746
GSM5050530,b_plasma,CD3D,536,0.02424691775154815,0.022388059701492536,0.04436861800996157
GSM5050530,b_plasma,MS4A1,536,0.9235307623705119,0.43470149253731344,0.8903102788974856
GSM5050530,b_plasma,PECAM1,536,0.08363081048360146,0.11753731343283583,0.1744103672586427
GSM5050530,b_plasma,CCL21,536,0.053849640719041,0.07462686567164178,0.09513632420117361
GSM5050530,b_plasma,RGS5,536,0.10264211366551271,0.06716417910447761,0.3277869106633611
GSM5050530,b_plasma,TPSAB1,536,0.04793591114406285,0.03917910447761194,0.10947075688591859
GSM5050530,b_plasma,PMEL,536,0.0011275389401681497,0.0018656716417910447,0.002265812367762573
GSM5050530,b_plasma,DCD,536,0.0,0.0,0.0
GSM5050530,b_plasma,TIMP1,536,0.5776129906361194,0.3358208955223881,2.100234460707856
GSM5050530,b_plasma,CHI3L1,536,0.04356737259014572,0.027985074626865673,0.15711365262784352
GSM5050530,b_plasma,FN1,536,0.146182538682842,0.08768656716417911,0.6167581069407165
GSM5050530,b_plasma,DCN,536,0.18464364154308555,0.11567164179104478,0.6944585788603576
GSM5050530,b_plasma,LUM,536,0.1585375985123435,0.08955223880597014,0.6433347584336101
GSM5050530,endothelial,COL1A1,262,0.2072757386160785,0.18702290076335878,0.3310265104988507
GSM5050530,endothelial,PDGFRA,262,0.0,0.0,0.0
GSM5050530,endothelial,KRT14,262,0.3245952868612103,0.2862595419847328,0.508632293468998
GSM5050530,endothelial,KRT10,262,0.7606941950181341,0.5572519083969466,1.0904169469426437
GSM5050530,endothelial,LYZ,262,0.011768082506798056,0.011450381679389313,0.02009315498159603
GSM5050530,endothelial,CD3D,262,0.002147203779763464,0.003816793893129771,0.006742677403476757
GSM5050530,endothelial,MS4A1,262,0.006672249962697148,0.007633587786259542,0.013440195433526526
GSM5050530,endothelial,PECAM1,262,1.406998311237068,0.7404580152671756,1.8336629194436012
GSM5050530,endothelial,CCL21,262,0.0522772936592555,0.05725190839694656,0.09665646084538929
GSM5050530,endothelial,RGS5,262,0.04168548347395074,0.030534351145038167,0.05910737148848976
GSM5050530,endothelial,TPSAB1,262,0.0314222255359201,0.030534351145038167,0.05270978995317908
GSM5050530,endothelial,PMEL,262,0.008102365522298266,0.007633587786259542,0.013440195433526526
GSM5050530,endothelial,DCD,262,0.0,0.0,0.0
GSM5050530,endothelial,TIMP1,262,1.511646745606943,0.8206106870229007,1.7883166957801904
GSM5050530,endothelial,CHI3L1,262,0.026410735274671134,0.019083969465648856,0.0462710156931498
GSM5050530,endothelial,FN1,262,0.34401408184198345,0.24427480916030533,0.7204762303556091
GSM5050530,endothelial,DCN,262,0.027725796094420135,0.019083969465648856,0.05910737148848976
GSM5050530,endothelial,LUM,262,0.0185237362750851,0.015267175572519083,0.026702145025143387
GSM5050530,fibroblast,COL1A1,221,4.006065552886101,1.0,4.438558740479355
GSM5050530,fibroblast,PDGFRA,221,0.5622285962472552,0.497737556561086,0.8830343853481916
GSM5050530,fibroblast,KRT14,221,0.29302542127098247,0.3438914027149321,0.384064290446524
GSM5050530,fibroblast,KRT10,221,1.0592576593886833,0.7918552036199095,1.2342345409799897
GSM5050530,fibroblast,LYZ,221,0.03156721122642272,0.04524886877828054,0.04403895293572291
GSM5050530,fibroblast,CD3D,221,0.012754798678001408,0.013574660633484163,0.013416512977911911
GSM5050530,fibroblast,MS4A1,221,0.0,0.0,0.0
GSM5050530,fibroblast,PECAM1,221,0.04204139776768985,0.06787330316742081,0.06535186954657952
GSM5050530,fibroblast,CCL21,221,0.08850811762465761,0.09954751131221719,0.13852300188243438
GSM5050530,fibroblast,RGS5,221,0.3001424629740461,0.19457013574660634,0.4607735317486493
GSM5050530,fibroblast,TPSAB1,221,0.013602915527832903,0.01809954751131222,0.01784897930996905
GSM5050530,fibroblast,PMEL,221,0.0,0.0,0.0
GSM5050530,fibroblast,DCD,221,0.0,0.0,0.0
GSM5050530,fibroblast,TIMP1,221,2.8455941697704015,0.9819004524886877,3.3773312174510517
GSM5050530,fibroblast,CHI3L1,221,0.8157437493097359,0.3755656108597285,2.0699651260580123
GSM5050530,fibroblast,FN1,221,1.5700152980078075,0.8914027149321267,2.016280017830021
GSM5050530,fibroblast,DCN,221,2.80718329896606,0.8823529411764706,3.6916638971310833
GSM5050530,fibroblast,LUM,221,2.6573082328409936,0.9276018099547512,3.256240212340396
GSM5050530,keratinocyte,COL1A1,196,0.38230802368387834,0.37244897959183676,1.1785547992606853
GSM5050530,keratinocyte,PDGFRA,196,0.0,0.0,0.0
GSM5050530,keratinocyte,KRT14,196,4.854074626322276,1.0,5.253041900480809
GSM5050530,keratinocyte,KRT10,196,1.204273082137767,0.75,2.500378831250709
GSM5050530,keratinocyte,LYZ,196,0.0,0.0,0.0
GSM5050530,keratinocyte,CD3D,196,0.010779274513832293,0.025510204081632654,0.016874033396254904
GSM5050530,keratinocyte,MS4A1,196,0.003082129776916502,0.00510204081632653,0.006783819397878597
GSM5050530,keratinocyte,PECAM1,196,0.004703931497970967,0.015306122448979591,0.010158549205679795
GSM5050530,keratinocyte,CCL21,196,0.04400571426675689,0.07142857142857142,0.04979119835687447
GSM5050530,keratinocyte,RGS5,196,0.06460890498790768,0.061224489795918366,0.16295092000454697
GSM5050530,keratinocyte,TPSAB1,196,0.023285754269400286,0.04591836734693878,0.030171204292226996
GSM5050530,keratinocyte,PMEL,196,0.009473229617983457,0.02040816326530612,0.013521928506363877
GSM5050530,keratinocyte,DCD,196,0.0,0.0,0.0
GSM5050530,keratinocyte,TIMP1,196,0.3991304739994277,0.40816326530612246,0.8195522383494048
GSM5050530,keratinocyte,CHI3L1,196,0.2308271125618633,0.20408163265306123,0.4757470448973318
GSM5050530,keratinocyte,FN1,196,0.1091550095681291,0.09183673469387756,0.28014892718239937
GSM5050530,keratinocyte,DCN,196,0.5538191756916182,0.4489795918367347,0.9180175753338136
GSM5050530,keratinocyte,LUM,196,0.1804069288483808,0.25510204081632654,0.30804684018992173
GSM5050530,lymphatic_ec,COL1A1,58,1.400854385360145,0.6379310344827587,2.3980960913442626
GSM5050530,lymphatic_ec,PDGFRA,58,0.0,0.0,0.0
GSM5050530,lymphatic_ec,KRT14,58,0.42876226331578227,0.3448275862068966,1.1274717492934818
GSM5050530,lymphatic_ec,KRT10,58,0.7918773364130018,0.6206896551724138,0.9930311857626141
GSM5050530,lymphatic_ec,LYZ,58,0.01703758467090212,0.017241379310344827,0.023987199805066875
GSM5050530,lymphatic_ec,CD3D,58,0.0,0.0,0.0
GSM5050530,lymphatic_ec,MS4A1,58,0.0,0.0,0.0
GSM5050530,lymphatic_ec,PECAM1,58,0.3667244432510388,0.27586206896551724,0.805644069037105
GSM5050530,lymphatic_ec,CCL21,58,3.2795637629490195,0.9137931034482759,5.410282705580262
GSM5050530,lymphatic_ec,RGS5,58,0.5362924557072587,0.29310344827586204,1.2735130255587608
GSM5050530,lymphatic_ec,TPSAB1,58,0.0,0.0,0.0
GSM5050530,lymphatic_ec,PMEL,58,0.0,0.0,0.0
GSM5050530,lymphatic_ec,DCD,58,0.0,0.0,0.0
GSM5050530,lymphatic_ec,TIMP1,58,2.3810107415095167,0.896551724137931,3.4039965874554445
GSM5050530,lymphatic_ec,CHI3L1,58,0.06445254495690786,0.034482758620689655,0.23669079201665771
GSM5050530,lymphatic_ec,FN1,58,0.6801084434168743,0.43103448275862066,1.1660297317771402
GSM5050530,lymphatic_ec,DCN,58,0.7815535143590374,0.43103448275862066,1.2031560283886051
GSM5050530,lymphatic_ec,LUM,58,1.015587817042719,0.4827586206896552,1.6008379824118968
GSM5050530,mast,COL1A1,46,0.6462274012119027,0.1956521739130435,2.274199357330288
GSM5050530,mast,PDGFRA,46,0.03959861376506588,0.021739130434782608,0.11740370711871503
GSM5050530,mast,KRT14,46,0.25323230439600963,0.10869565217391304,1.942980167062719
GSM5050530,mast,KRT10,46,0.7685889240280384,0.32608695652173914,1.6554610968023102
GSM5050530,mast,LYZ,46,0.037500097203904174,0.021739130434782608,0.11740370711871503
GSM5050530,mast,CD3D,46,0.13511792872599554,0.043478260869565216,0.31752239499185475
GSM5050530,mast,MS4A1,46,0.047282992934847036,0.021739130434782608,0.31752239499185475
GSM5050530,mast,PECAM1,46,0.0,0.0,0.0
GSM5050530,mast,CCL21,46,0.061734785369500986,0.043478260869565216,0.22246065631143525
GSM5050530,mast,RGS5,46,0.10093264665915372,0.043478260869565216,0.48419414197642763
GSM5050530,mast,TPSAB1,46,4.484070685028595,0.8695652173913043,5.094179007974504
GSM5050530,mast,PMEL,46,0.0,0.0,0.0
GSM5050530,mast,DCD,46,0.0,0.0,0.0
GSM5050530,mast,TIMP1,46,1.4235644914670755,0.5,2.653578080666552
GSM5050530,mast,CHI3L1,46,0.02606803638389799,0.021739130434782608,0.40432669055164083
GSM5050530,mast,FN1,46,0.2779908182725467,0.10869565217391304,1.1762891395438015
GSM5050530,mast,DCN,46,0.22136310787313246,0.08695652173913043,0.6914390678580754
GSM5050530,mast,LUM,46,0.14728033702213142,0.06521739130434782,0.6914390678580754
GSM5050530,melanocyte,COL1A1,44,1.039402370256033,0.4090909090909091,2.6065989300817836
GSM5050530,melanocyte,PDGFRA,44,0.0,0.0,0.0
GSM5050530,melanocyte,KRT14,44,0.5629058811158963,0.20454545454545456,2.864693627759258
GSM5050530,melanocyte,KRT10,44,0.4186150832962325,0.29545454545454547,1.0600653823802009
GSM5050530,melanocyte,LYZ,44,0.0,0.0,0.0
GSM5050530,melanocyte,CD3D,44,0.0,0.0,0.0
GSM5050530,melanocyte,MS4A1,44,0.0,0.0,0.0
GSM5050530,melanocyte,PECAM1,44,0.0,0.0,0.0
GSM5050530,melanocyte,CCL21,44,0.047314729388129105,0.06818181818181818,0.196947381816819
GSM5050530,melanocyte,RGS5,44,0.3175382262074268,0.1590909090909091,0.9257497612222695
GSM5050530,melanocyte,TPSAB1,44,0.025260037138925186,0.022727272727272728,0.07004830402818371
GSM5050530,melanocyte,PMEL,44,0.26730887352757154,0.18181818181818182,1.4673579688807563
GSM5050530,melanocyte,DCD,44,0.0,0.0,0.0
GSM5050530,melanocyte,TIMP1,44,1.1556590757498506,0.4772727272727273,3.089670458630417
GSM5050530,melanocyte,CHI3L1,44,0.23107699174073737,0.13636363636363635,0.8035787323795974
GSM5050530,melanocyte,FN1,44,0.3336265372098239,0.18181818181818182,0.7363981433372608
GSM5050530,melanocyte,DCN,44,0.6643293566864851,0.2727272727272727,1.9387300185898508
GSM5050530,melanocyte,LUM,44,0.7106398314323422,0.29545454545454547,1.6777691082024888
GSM5050530,myeloid,COL1A1,60,0.25505774014169863,0.15,0.6209297925189857
GSM5050530,myeloid,PDGFRA,60,0.0,0.0,0.0
GSM5050530,myeloid,KRT14,60,0.395719272377762,0.35,0.3977562371542269
GSM5050530,myeloid,KRT10,60,0.15879352455679083,0.21666666666666667,0.33320771446641534
GSM5050530,myeloid,LYZ,60,2.508532866611816,0.7,3.727311308058613
GSM5050530,myeloid,CD3D,60,0.0,0.0,0.0
GSM5050530,myeloid,MS4A1,60,0.0,0.0,0.0
GSM5050530,myeloid,PECAM1,60,0.08079120293892876,0.06666666666666667,0.08896649057363117
GSM5050530,myeloid,CCL21,60,0.01129680179814237,0.016666666666666666,0.022994593340644003
GSM5050530,myeloid,RGS5,60,0.0,0.0,0.0
GSM5050530,myeloid,TPSAB1,60,0.0,0.0,0.0
GSM5050530,myeloid,PMEL,60,0.0,0.0,0.0
GSM5050530,myeloid,DCD,60,0.0,0.0,0.0
GSM5050530,myeloid,TIMP1,60,1.7942975028603276,0.7666666666666667,2.5452809335920743
GSM5050530,myeloid,CHI3L1,60,0.01340420926623478,0.016666666666666666,0.022994593340644003
GSM5050530,myeloid,FN1,60,0.06999016791400102,0.06666666666666667,0.08896649057363117
GSM5050530,myeloid,DCN,60,0.1526418688755041,0.13333333333333333,0.22782941802783452
GSM5050530,myeloid,LUM,60,0.04797009863148508,0.03333333333333333,0.045472298723874184
GSM5050530,pericyte_smc,COL1A1,442,3.6974025449185257,0.9592760180995475,4.244748610242854
GSM5050530,pericyte_smc,PDGFRA,442,0.004106220960300845,0.006787330316742082,0.00696553843898649
GSM5050530,pericyte_smc,KRT14,442,0.3002998066203254,0.3506787330316742,0.45604918567971936
GSM5050530,pericyte_smc,KRT10,442,1.0110071641752283,0.7941176470588235,1.2057525839278391
GSM5050530,pericyte_smc,LYZ,442,0.005308999060558637,0.006787330316742082,0.00696553843898649
GSM5050530,pericyte_smc,CD3D,442,0.008275977755604952,0.011312217194570135,0.013882893581364693
GSM5050530,pericyte_smc,MS4A1,442,0.0019191726743802272,0.004524886877828055,0.0046490790826021824
GSM5050530,pericyte_smc,PECAM1,442,0.008445150536080694,0.01583710407239819,0.018468022667195244
GSM5050530,pericyte_smc,CCL21,442,0.15294337421488202,0.16968325791855204,0.2681578996505726
GSM5050530,pericyte_smc,RGS5,442,2.130304994249974,0.8914027149321267,2.5391104398050572
GSM5050530,pericyte_smc,TPSAB1,442,0.03169425151631767,0.042986425339366516,0.04331719262033815
GSM5050530,pericyte_smc,PMEL,442,0.012455538497493266,0.01809954751131222,0.020752727454882578
GSM5050530,pericyte_smc,DCD,442,0.0,0.0,0.0
GSM5050530,pericyte_smc,TIMP1,442,3.1412667304234,0.9796380090497737,3.916046578012042
GSM5050530,pericyte_smc,CHI3L1,442,0.024721438351309345,0.020361990950226245,0.07623702715806063
GSM5050530,pericyte_smc,FN1,442,1.7720750671534653,0.8552036199095022,2.300079238656096
GSM5050530,pericyte_smc,DCN,442,1.0280405392235086,0.6538461538461539,1.4856958683824697
GSM5050530,pericyte_smc,LUM,442,0.8820337956964688,0.6470588235294118,1.199453101384809
GSM5050530,sweat_gland,COL1A1,14,0.13340830640136409,0.2857142857142857,0.21769189326512595
GSM5050530,sweat_gland,PDGFRA,14,0.08017350687337041,0.14285714285714285,0.11475800668355954
GSM5050530,sweat_gland,KRT14,14,3.534995006884729,0.9285714285714286,4.0398058476048275
GSM5050530,sweat_gland,KRT10,14,1.4651607560440902,0.8571428571428571,1.8952921576240522
GSM5050530,sweat_gland,LYZ,14,0.0,0.0,0.0
GSM5050530,sweat_gland,CD3D,14,0.0,0.0,0.0
GSM5050530,sweat_gland,MS4A1,14,0.0,0.0,0.0
GSM5050530,sweat_gland,PECAM1,14,0.0,0.0,0.0
GSM5050530,sweat_gland,CCL21,14,0.0,0.0,0.0
GSM5050530,sweat_gland,RGS5,14,0.04321170716993147,0.07142857142857142,0.059024275848904635
GSM5050530,sweat_gland,TPSAB1,14,0.04635214227865777,0.07142857142857142,0.059024275848904635
GSM5050530,sweat_gland,PMEL,14,0.0,0.0,0.0
GSM5050530,sweat_gland,DCD,14,0.0,0.0,0.0
GSM5050530,sweat_gland,TIMP1,14,0.1849764359431387,0.2857142857142857,0.2654402682218931
GSM5050530,sweat_gland,CHI3L1,14,0.21668233461847017,0.35714285714285715,0.3110122600209412
GSM5050530,sweat_gland,FN1,14,0.024776189612637643,0.07142857142857142,0.059024275848904635
GSM5050530,sweat_gland,DCN,14,0.11313629804936023,0.07142857142857142,0.16754878881399446
GSM5050530,sweat_gland,LUM,14,0.024776189612637643,0.07142857142857142,0.059024275848904635
GSM5050530,t_cell,COL1A1,400,0.18135324168939726,0.11,1.1382850929048838
GSM5050530,t_cell,PDGFRA,400,0.0026762267497443043,0.0025,0.00803384301269911
GSM5050530,t_cell,KRT14,400,0.3099471359147619,0.1925,0.6178940210659916
GSM5050530,t_cell,KRT10,400,0.40412797311613774,0.26,0.7092536316309314
GSM5050530,t_cell,LYZ,400,0.0033732303469088893,0.0025,0.00803384301269911
GSM5050530,t_cell,CD3D,400,1.474435238971279,0.705,1.944936430387894
GSM5050530,t_cell,MS4A1,400,0.018008302038033382,0.0125,0.03953893618911985
GSM5050530,t_cell,PECAM1,400,0.01247359173467942,0.0075,0.023910455832021574
GSM5050530,t_cell,CCL21,400,0.035284948722607686,0.03,0.09239175360264155
GSM5050530,t_cell,RGS5,400,0.02618355183401662,0.0125,0.18369979251198326
GSM5050530,t_cell,TPSAB1,400,0.021137814748390705,0.015,0.05492692090958758
GSM5050530,t_cell,PMEL,400,0.0,0.0,0.0
GSM5050530,t_cell,DCD,400,0.0,0.0,0.0
GSM5050530,t_cell,TIMP1,400,0.4628081689626361,0.275,0.9260477666918311
GSM5050530,t_cell,CHI3L1,400,0.013990307341816912,0.005,0.1425908221540667
GSM5050530,t_cell,FN1,400,0.04796188115118187,0.0275,0.18369979251198326
GSM5050530,t_cell,DCN,400,0.054649958505036234,0.0325,0.3155733996814806
GSM5050530,t_cell,LUM,400,0.03640577136817827,0.0225,0.1425908221540667
GSM5050531,b_plasma,COL1A1,28,0.4877929970160112,0.21428571428571427,2.4292184793263414
GSM5050531,b_plasma,PDGFRA,28,0.0,0.0,0.0
GSM5050531,b_plasma,KRT14,28,1.02802948252903,0.6071428571428571,1.2379071861343403
GSM5050531,b_plasma,KRT10,28,0.29990224326279125,0.25,0.6367478719285073
GSM5050531,b_plasma,LYZ,28,0.0,0.0,0.0
GSM5050531,b_plasma,CD3D,28,0.11091325070975269,0.03571428571428571,0.2009640544243481
GSM5050531,b_plasma,MS4A1,28,1.9542818251026883,0.75,2.389207341549919
GSM5050531,b_plasma,PECAM1,28,0.0,0.0,0.0
GSM5050531,b_plasma,CCL21,28,0.04976378765586761,0.03571428571428571,0.10552187373679116
GSM5050531,b_plasma,RGS5,28,0.1589147521501684,0.07142857142857142,1.0226834896131953
GSM5050531,b_plasma,TPSAB1,28,0.0,0.0,0.0
GSM5050531,b_plasma,PMEL,28,0.0,0.0,0.0
GSM5050531,b_plasma,DCD,28,0.0,0.0,0.0
GSM5050531,b_plasma,TIMP1,28,0.7075783825699219,0.42857142857142855,1.5882478671617402
GSM5050531,b_plasma,CHI3L1,28,0.0,0.0,0.0
GSM5050531,b_plasma,FN1,28,0.19473004168913327,0.10714285714285714,0.799394843624456
GSM5050531,b_plasma,DCN,28,0.17321028335334437,0.14285714285714285,0.5114708999220641
GSM5050531,b_plasma,LUM,28,0.2557957530697596,0.17857142857142858,0.6939537107164405
GSM5050531,endothelial,COL1A1,211,0.35354383044054893,0.2843601895734597,0.8071880144947127
GSM5050531,endothelial,PDGFRA,211,0.04632475636212083,0.04265402843601896,0.133584203712407
GSM5050531,endothelial,KRT14,211,1.2237435575914812,0.7109004739336493,1.4639107140045706
GSM5050531,endothelial,KRT10,211,0.6079087722505929,0.44075829383886256,0.9585153421820011
GSM5050531,endothelial,LYZ,211,0.039714435973246816,0.03317535545023697,0.06902103774756631
GSM5050531,endothelial,CD3D,211,0.012366423359919696,0.018957345971563982,0.04369311888920551
GSM5050531,endothelial,MS4A1,211,0.0,0.0,0.0
GSM5050531,endothelial,PECAM1,211,1.642120539234271,0.7677725118483413,2.147765290792709
GSM5050531,endothelial,CCL21,211,0.06284188621589296,0.07109004739336493,0.12573811547664226
GSM5050531,endothelial,RGS5,211,0.053706844195493694,0.052132701421800945,0.16436706437259466
GSM5050531,endothelial,TPSAB1,211,0.0,0.0,0.0
GSM5050531,endothelial,PMEL,211,0.018520890073581476,0.018957345971563982,0.03510588866580988
GSM5050531,endothelial,DCD,211,0.0,0.0,0.0
GSM5050531,endothelial,TIMP1,211,1.5510385817091839,0.7677725118483413,1.9972495906940164
GSM5050531,endothelial,CHI3L1,211,0.0460538411827327,0.04265402843601896,0.077323099417243
GSM5050531,endothelial,FN1,211,0.28170932885690453,0.1895734597156398,0.7197971749362615
GSM5050531,endothelial,DCN,211,0.20568124172962285,0.13744075829383887,0.830815560600229
GSM5050531,endothelial,LUM,211,0.21037636207508498,0.15165876777251186,0.9412409331511483
GSM5050531,fibroblast,COL1A1,452,4.225246074838938,0.995575221238938,4.509339603925628
GSM5050531,fibroblast,PDGFRA,452,1.0487724611106648,0.7676991150442478,1.2501037732145495
GSM5050531,fibroblast,KRT14,452,1.273097408874675,0.8893805309734514,1.3572975783274162
GSM5050531,fibroblast,KRT10,452,1.1823856531781802,0.8008849557522124,1.4720938158986956
GSM5050531,fibroblast,LYZ,452,0.03634437212728899,0.035398230088495575,0.06273974937593438
GSM5050531,fibroblast,CD3D,452,0.012436748950197453,0.01327433628318584,0.012866806749511095
GSM5050531,fibroblast,MS4A1,452,0.004608628982401676,0.004424778761061947,0.004307356764929011
GSM5050531,fibroblast,PECAM1,452,0.07275982463515318,0.11061946902654868,0.11986183293670287
GSM5050531,fibroblast,CCL21,452,0.051219662445965215,0.07079646017699115,0.07081533837259146
GSM5050531,fibroblast,RGS5,452,0.09373254480852371,0.09292035398230089,0.1611185140774096
GSM5050531,fibroblast,TPSAB1,452,0.0016849378187440678,0.0022123893805309734,0.0021559975459592125
GSM5050531,fibroblast,PMEL,452,0.002932327325860466,0.004424778761061947,0.004307356764929011
GSM5050531,fibroblast,DCD,452,0.0,0.0,0.0
GSM5050531,fibroblast,TIMP1,452,2.8249678164970486,0.9823008849557522,3.4591719488984864
GSM5050531,fibroblast,CHI3L1,452,1.3877102415095468,0.6460176991150443,2.273036278991556
GSM5050531,fibroblast,FN1,452,1.9648820882060973,0.9336283185840708,2.224760869795772
GSM5050531,fibroblast,DCN,452,3.623973427834786,0.9977876106194691,3.9044485737423904
GSM5050531,fibroblast,LUM,452,3.582077164629613,0.9800884955752213,3.923277365242236
GSM5050531,keratinocyte,COL1A1,230,0.42837445702373117,0.5956521739130435,0.6184493403964283
GSM5050531,keratinocyte,PDGFRA,230,0.006468761097217772,0.013043478260869565,0.009212008705735264
GSM5050531,keratinocyte,KRT14,230,5.4497096557320415,0.9956521739130435,5.883216907896804
GSM5050531,keratinocyte,KRT10,230,0.9005390595043976,0.7347826086956522,2.0370450760417134
GSM5050531,keratinocyte,LYZ,230,0.06213293182518565,0.10434782608695652,0.0627700729869333
GSM5050531,keratinocyte,CD3D,230,0.013567429786170265,0.030434782608695653,0.016065749184911386
GSM5050531,keratinocyte,MS4A1,230,0.0,0.0,0.0
GSM5050531,keratinocyte,PECAM1,230,0.012685323674742642,0.034782608695652174,0.020608951305749603
GSM5050531,keratinocyte,CCL21,230,0.054701100385740775,0.14347826086956522,0.08000374873503353
GSM5050531,keratinocyte,RGS5,230,0.032782355400589165,0.06086956521739131,0.036349556281040925
GSM5050531,keratinocyte,TPSAB1,230,0.0,0.0,0.0
GSM5050531,keratinocyte,PMEL,230,0.012044023430233693,0.030434782608695653,0.016065749184911386
GSM5050531,keratinocyte,DCD,230,0.0011340512239120277,0.004347826086956522,0.0023109701125800888
GSM5050531,keratinocyte,TIMP1,230,0.5328050997396458,0.6521739130434783,0.5790400773860378
GSM5050531,keratinocyte,CHI3L1,230,0.16714057836537002,0.16521739130434782,0.18146556699597374
GSM5050531,keratinocyte,FN1,230,0.11952863583009893,0.19130434782608696,0.15010390755251926
GSM5050531,keratinocyte,DCN,230,0.6546852813888628,0.6391304347826087,0.9215258726884307
GSM5050531,keratinocyte,LUM,230,0.558522145137093,0.6217391304347826,0.8208820230653975
GSM5050531,lymphatic_ec,COL1A1,34,0.6990911536156044,0.4411764705882353,1.6064844669314826
GSM5050531,lymphatic_ec,PDGFRA,34,0.07527226931188169,0.058823529411764705,0.08670413308953333
GSM5050531,lymphatic_ec,KRT14,34,1.6635809422863796,0.9117647058823529,2.0818738886679267
GSM5050531,lymphatic_ec,KRT10,34,0.4387660507501037,0.4117647058823529,0.7571423933725397
GSM5050531,lymphatic_ec,LYZ,34,0.018307278639914295,0.029411764705882353,0.04429147318316434
GSM5050531,lymphatic_ec,CD3D,34,0.09753004773611872,0.058823529411764705,0.08670413308953333
GSM5050531,lymphatic_ec,MS4A1,34,0.0,0.0,0.0
GSM5050531,lymphatic_ec,PECAM1,34,0.8561665702961543,0.5294117647058824,1.2757420765410759
GSM5050531,lymphatic_ec,CCL21,34,4.416972945655666,0.8529411764705882,5.688673082012933
GSM5050531,lymphatic_ec,RGS5,34,0.26592806800697655,0.17647058823529413,0.4910418719064396
GSM5050531,lymphatic_ec,TPSAB1,34,0.0,0.0,0.0
GSM5050531,lymphatic_ec,PMEL,34,0.018819451621801358,0.029411764705882353,0.04429147318316434
GSM5050531,lymphatic_ec,DCD,34,0.0,0.0,0.0
GSM5050531,lymphatic_ec,TIMP1,34,3.426981822738477,0.9117647058823529,4.531874248923932
GSM5050531,lymphatic_ec,CHI3L1,34,0.24196241638024737,0.08823529411764706,1.3948149332798834
GSM5050531,lymphatic_ec,FN1,34,1.7244473230054116,0.7941176470588235,2.208974176007227
GSM5050531,lymphatic_ec,DCN,34,0.3504028838785702,0.23529411764705882,0.9320685815554592
GSM5050531,lymphatic_ec,LUM,34,0.4504048739673332,0.23529411764705882,1.1830604107790128
GSM5050531,mast,COL1A1,6,0.49704891520015426,0.3333333333333333,0.5771783370617188
GSM5050531,mast,PDGFRA,6,0.4514039356835535,0.16666666666666666,0.3296655290459913
GSM5050531,mast,KRT14,6,0.866795791848106,0.3333333333333333,2.6586569185111033
GSM5050531,mast,KRT10,6,1.1810276856578013,0.6666666666666666,1.0826572950251931
GSM5050531,mast,LYZ,6,0.0,0.0,0.0
GSM5050531,mast,CD3D,6,0.0,0.0,0.0
GSM5050531,mast,MS4A1,6,0.0,0.0,0.0
GSM5050531,mast,PECAM1,6,0.0,0.0,0.0
GSM5050531,mast,CCL21,6,0.0,0.0,0.0
GSM5050531,mast,RGS5,6,0.09104470843682862,0.16666666666666666,0.3296655290459913
GSM5050531,mast,TPSAB1,6,1.856790967417263,0.5,1.8667187472954907
GSM5050531,mast,PMEL,6,0.0,0.0,0.0
GSM5050531,mast,DCD,6,0.0,0.0,0.0
GSM5050531,mast,TIMP1,6,0.34241354505298655,0.3333333333333333,0.9407928370665481
GSM5050531,mast,CHI3L1,6,0.19283402508122935,0.16666666666666666,0.7754222731306228
GSM5050531,mast,FN1,6,0.0,0.0,0.0
GSM5050531,mast,DCN,6,0.5353466788447953,0.3333333333333333,0.5771783370617188
GSM5050531,mast,LUM,6,0.0,0.0,0.0
GSM5050531,melanocyte,COL1A1,20,0.7158391290030182,0.35,1.358394092840926
GSM5050531,melanocyte,PDGFRA,20,0.0,0.0,0.0
GSM5050531,melanocyte,KRT14,20,1.3484119737232914,0.6,2.3937268327773484
GSM5050531,melanocyte,KRT10,20,0.7201012958887639,0.45,1.0174294559481853
GSM5050531,melanocyte,LYZ,20,0.0,0.0,0.0
GSM5050531,melanocyte,CD3D,20,0.0,0.0,0.0
GSM5050531,melanocyte,MS4A1,20,0.0,0.0,0.0
GSM5050531,melanocyte,PECAM1,20,0.0,0.0,0.0
GSM5050531,melanocyte,CCL21,20,0.2335208995915951,0.1,0.49604240830267
GSM5050531,melanocyte,RGS5,20,0.07849974338765703,0.05,0.14889601242234976
GSM5050531,melanocyte,TPSAB1,20,0.0,0.0,0.0
GSM5050531,melanocyte,PMEL,20,0.6050647015408113,0.15,3.868724437860421
GSM5050531,melanocyte,DCD,20,0.0,0.0,0.0
GSM5050531,melanocyte,TIMP1,20,1.0717335146245084,0.55,1.54600872732245
GSM5050531,melanocyte,CHI3L1,20,0.1941910534191036,0.05,1.5796496546330687
GSM5050531,melanocyte,FN1,20,0.17352254239287218,0.15,0.6746337596098181
GSM5050531,melanocyte,DCN,20,0.4656615329110819,0.2,1.3162444396789084
GSM5050531,melanocyte,LUM,20,0.3917954250358056,0.15,1.2262090851411238
GSM5050531,myeloid,COL1A1,139,0.38763085756711735,0.26618705035971224,1.3936291322007017
GSM5050531,myeloid,PDGFRA,139,0.02041127311392626,0.014388489208633094,0.023758742256544924
GSM5050531,myeloid,KRT14,139,1.2878311430748473,0.7913669064748201,1.3602607026448512
GSM5050531,myeloid,KRT10,139,0.24523343491425567,0.2302158273381295,0.49295423015027606
GSM5050531,myeloid,LYZ,139,2.866750804651089,0.841726618705036,3.7792896325704826
GSM5050531,myeloid,CD3D,139,0.024066843825310935,0.02158273381294964,0.035429733182180116
GSM5050531,myeloid,MS4A1,139,0.0,0.0,0.0
GSM5050531,myeloid,PECAM1,139,0.1769832784395216,0.16546762589928057,0.28109814688880475
GSM5050531,myeloid,CCL21,139,0.058009355291266204,0.07194244604316546,0.11352165653975552
GSM5050531,myeloid,RGS5,139,0.02835347830652553,0.02158273381294964,0.10273214491027154
GSM5050531,myeloid,TPSAB1,139,0.0,0.0,0.0
GSM5050531,myeloid,PMEL,139,0.0033629164521317267,0.007194244604316547,0.011949929197978068
GSM5050531,myeloid,DCD,139,0.009430512651825594,0.007194244604316547,0.011949929197978068
GSM5050531,myeloid,TIMP1,139,1.8394746458153417,0.7913669064748201,2.601091091955041
GSM5050531,myeloid,CHI3L1,139,0.019736683707164818,0.014388489208633094,0.023758742256544924
GSM5050531,myeloid,FN1,139,0.07058855010574992,0.04316546762589928,0.3254774979848546
GSM5050531,myeloid,DCN,139,0.24923981481999968,0.17985611510791366,0.6299825871711325
GSM5050531,myeloid,LUM,139,0.2527967892884276,0.1510791366906475,0.8056837356713608
GSM5050531,pericyte_smc,COL1A1,318,3.066248515119734,0.8836477987421384,4.2042586793709456
GSM5050531,pericyte_smc,PDGFRA,318,0.002194751967951854,0.006289308176100629,0.0056989628286914186
GSM5050531,pericyte_smc,KRT14,318,1.226342808711642,0.8490566037735849,1.4719442290657463
GSM5050531,pericyte_smc,KRT10,318,0.9605651706974748,0.7358490566037735,1.254512747364394
GSM5050531,pericyte_smc,LYZ,318,0.024663917139723077,0.03773584905660377,0.036475615418787535
GSM5050531,pericyte_smc,CD3D,318,0.01860988894454035,0.0220125786163522,0.04743637095247172
GSM5050531,pericyte_smc,MS4A1,318,0.0,0.0,0.0
GSM5050531,pericyte_smc,PECAM1,318,0.01746424346908562,0.02830188679245283,0.030949854139345808
GSM5050531,pericyte_smc,CCL21,318,0.10842338961351955,0.1320754716981132,0.15090324267950803
GSM5050531,pericyte_smc,RGS5,318,2.2108549193119975,0.8459119496855346,2.776487118034549
GSM5050531,pericyte_smc,TPSAB1,318,0.0,0.0,0.0
GSM5050531,pericyte_smc,PMEL,318,0.015160590533266426,0.0220125786163522,0.019805877129163516
GSM5050531,pericyte_smc,DCD,318,0.006337902523940384,0.006289308176100629,0.0056989628286914186
GSM5050531,pericyte_smc,TIMP1,318,2.9218800633549105,0.9559748427672956,3.853950597419977
GSM5050531,pericyte_smc,CHI3L1,318,0.18211842384701338,0.14150943396226415,0.505160672074516
GSM5050531,pericyte_smc,FN1,318,1.7866644756054113,0.8647798742138365,2.3157917035767883
GSM5050531,pericyte_smc,DCN,318,0.9193516926713772,0.5943396226415094,1.3654859473148777
GSM5050531,pericyte_smc,LUM,318,1.2507857288370876,0.6855345911949685,1.8438587152180153
GSM5050531,sweat_gland,COL1A1,16,0.6636506226861361,0.4375,0.8933410428849707
GSM5050531,sweat_gland,PDGFRA,16,0.0400868764099319,0.0625,0.06646876105136859
GSM5050531,sweat_gland,KRT14,16,1.0782592773705857,0.75,1.3396823772116961
GSM5050531,sweat_gland,KRT10,16,0.8554711281810367,0.75,1.024935973504252
GSM5050531,sweat_gland,LYZ,16,0.28734117504098755,0.0625,0.29538077733057744
GSM5050531,sweat_gland,CD3D,16,0.0,0.0,0.0
GSM5050531,sweat_gland,MS4A1,16,0.0,0.0,0.0
GSM5050531,sweat_gland,PECAM1,16,0.02351909687235039,0.0625,0.06646876105136859
GSM5050531,sweat_gland,CCL21,16,0.10769688509884062,0.1875,0.18746060663083924
GSM5050531,sweat_gland,RGS5,16,0.2325782186293717,0.125,0.5231152616193595
GSM5050531,sweat_gland,TPSAB1,16,0.0,0.0,0.0
GSM5050531,sweat_gland,PMEL,16,0.0,0.0,0.0
GSM5050531,sweat_gland,DCD,16,0.6840182690775463,0.1875,2.8136039600356413
GSM5050531,sweat_gland,TIMP1,16,1.2417516368801884,0.6875,2.382139398413254
GSM5050531,sweat_gland,CHI3L1,16,0.20023191996008932,0.1875,0.29538077733057744
GSM5050531,sweat_gland,FN1,16,0.06656121448500421,0.0625,0.06646876105136859
GSM5050531,sweat_gland,DCN,16,0.8070364494242221,0.4375,1.0492975955401125
GSM5050531,sweat_gland,LUM,16,0.7319926304870503,0.4375,0.9210819189095433
GSM5050531,t_cell,COL1A1,321,0.3188672771318866,0.20249221183800623,1.0550748362173024
GSM5050531,t_cell,PDGFRA,321,0.016418416917489624,0.01557632398753894,0.05069813357046602
GSM5050531,t_cell,KRT14,321,1.1618780567545908,0.6573208722741433,2.155952093965097
GSM5050531,t_cell,KRT10,321,0.42913994720111914,0.3052959501557632,0.7707798754154656
GSM5050531,t_cell,LYZ,321,0.014110685833115637,0.012461059190031152,0.034082715882549706
GSM5050531,t_cell,CD3D,321,1.9292482222821798,0.8006230529595015,2.432945457597568
GSM5050531,t_cell,MS4A1,321,0.01012442310299958,0.006230529595015576,0.01718655485399898
GSM5050531,t_cell,PECAM1,321,0.05623247920760955,0.03426791277258567,0.11452944086326354
GSM5050531,t_cell,CCL21,321,0.06816865931982602,0.0529595015576324,0.14497947327772623
GSM5050531,t_cell,RGS5,321,0.051753954483503034,0.03426791277258567,0.09894951351468999
GSM5050531,t_cell,TPSAB1,321,0.0,0.0,0.0
GSM5050531,t_cell,PMEL,321,0.003474841010728344,0.003115264797507788,0.008630199181060635
GSM5050531,t_cell,DCD,321,0.0,0.0,0.0
GSM5050531,t_cell,TIMP1,321,0.9216005723713078,0.5420560747663551,1.409599224898663
GSM5050531,t_cell,CHI3L1,321,0.056892452406528154,0.037383177570093455,0.3293322373992853
GSM5050531,t_cell,FN1,321,0.04893794113546648,0.03115264797507788,0.24479661825157062
GSM5050531,t_cell,DCN,321,0.21604989031773503,0.1308411214953271,0.9056272549438085
GSM5050531,t_cell,LUM,321,0.1563610921214859,0.102803738317757,0.5520106393848793
GSM5050532,b_plasma,COL1A1,7,1.6650306723845105,0.42857142857142855,3.3985762887551796
GSM5050532,b_plasma,PDGFRA,7,0.0,0.0,0.0
GSM5050532,b_plasma,KRT14,7,0.7040258345433177,0.5714285714285714,0.9581035990455763
GSM5050532,b_plasma,KRT10,7,0.7582015890983348,0.5714285714285714,0.9581035990455763
GSM5050532,b_plasma,LYZ,7,0.0,0.0,0.0
GSM5050532,b_plasma,CD3D,7,0.0,0.0,0.0
GSM5050532,b_plasma,MS4A1,7,0.0,0.0,0.0
GSM5050532,b_plasma,PECAM1,7,0.0,0.0,0.0
GSM5050532,b_plasma,CCL21,7,0.24013501469825213,0.14285714285714285,0.33767657237496895
GSM5050532,b_plasma,RGS5,7,0.3400929829813787,0.14285714285714285,1.2267482186738292
GSM5050532,b_plasma,TPSAB1,7,0.0,0.0,0.0
GSM5050532,b_plasma,PMEL,7,0.0,0.0,0.0
GSM5050532,b_plasma,DCD,7,0.24013501469825213,0.14285714285714285,0.33767657237496895
GSM5050532,b_plasma,TIMP1,7,1.4687523064059482,0.7142857142857143,2.537572269830249
GSM5050532,b_plasma,CHI3L1,7,0.6850480226848996,0.2857142857142857,1.4382928697297939
GSM5050532,b_plasma,FN1,7,0.8613967156587484,0.42857142857142855,1.5293516877127535
GSM5050532,b_plasma,DCN,7,1.3086319125603858,0.5714285714285714,2.155482556648002
GSM5050532,b_plasma,LUM,7,1.1792638232644304,0.5714285714285714,1.9495188137573356
GSM5050532,endothelial,COL1A1,249,0.34783097380497885,0.30120481927710846,0.5088762305060647
GSM5050532,endothelial,PDGFRA,249,0.034560880020116605,0.0321285140562249,0.05635085425984476
GSM5050532,endothelial,KRT14,249,0.4243522694768042,0.3253012048192771,0.9242870983007714
GSM5050532,endothelial,KRT10,249,0.5822695340935643,0.46586345381526106,0.8957697238147565
GSM5050532,endothelial,LYZ,249,0.0384212939588559,0.0321285140562249,0.09808420579150759
GSM5050532,endothelial,CD3D,249,0.0043918520201823965,0.004016064257028112,0.006420324591524056
GSM5050532,endothelial,MS4A1,249,0.0,0.0,0.0
GSM5050532,endothelial,PECAM1,249,1.6719296569207398,0.8032128514056225,2.0641966300623458
GSM5050532,endothelial,CCL21,249,0.03356920672940241,0.040160642570281124,0.06242045826192205
GSM5050532,endothelial,RGS5,249,0.048434056265442026,0.03614457831325301,0.28887953833187724
GSM5050532,endothelial,TPSAB1,249,0.023283412814809622,0.020080321285140562,0.03169718928363585
GSM5050532,endothelial,PMEL,249,0.019628471590118834,0.024096385542168676,0.0379178208417062
GSM5050532,endothelial,DCD,249,0.08035981058386264,0.0642570281124498,0.12117246822706552
GSM5050532,endothelial,TIMP1,249,1.54447229803185,0.7951807228915663,1.9088538703019955
GSM5050532,endothelial,CHI3L1,249,0.04434442800980425,0.04819277108433735,0.08041131146269764
GSM5050532,endothelial,FN1,249,0.3972903796356398,0.285140562248996,0.9114253798641025
GSM5050532,endothelial,DCN,249,0.3339674327311882,0.26506024096385544,0.6359708833711861
GSM5050532,endothelial,LUM,249,0.24173423840926397,0.2248995983935743,0.39411657581641274
GSM5050532,fibroblast,COL1A1,1153,3.505728871549362,0.981786643538595,4.2090288392751605
GSM5050532,fibroblast,PDGFRA,1153,0.6440098332567848,0.5516045099739809,0.8597652761698361
GSM5050532,fibroblast,KRT14,1153,0.4311428554743296,0.4362532523850824,0.5710486964362903
GSM5050532,fibroblast,KRT10,1153,1.0107052728562702,0.7363399826539462,1.3357540989932803
GSM5050532,fibroblast,LYZ,1153,0.033713529253666524,0.03816131830008673,0.05282862104611832
GSM5050532,fibroblast,CD3D,1153,0.0012467857809370139,0.0017346053772766695,0.002125150211096949
GSM5050532,fibroblast,MS4A1,1153,0.0,0.0,0.0
GSM5050532,fibroblast,PECAM1,1153,0.09217415512464229,0.1222896790980052,0.15078518919232226
GSM5050532,fibroblast,CCL21,1153,0.032599541812003204,0.042497831743278404,0.05282862104611832
GSM5050532,fibroblast,RGS5,1153,0.0288492972045676,0.031222896790980052,0.06386614662105618
GSM5050532,fibroblast,TPSAB1,1153,0.011198981464797074,0.012142237640936688,0.014782074407893886
GSM5050532,fibroblast,PMEL,1153,0.0016582034011407933,0.0026019080659150044,0.0031860341137973044
GSM5050532,fibroblast,DCD,1153,0.05794039075880531,0.06418039895923677,0.11445516377661206
GSM5050532,fibroblast,TIMP1,1153,2.5322868748291727,0.9418907198612315,3.045423344464353
GSM5050532,fibroblast,CHI3L1,1153,0.7446228837822529,0.3425845620121422,1.8930763844872605
GSM5050532,fibroblast,FN1,1153,1.7034929636000835,0.7987857762359063,2.63063128078574
GSM5050532,fibroblast,DCN,1153,3.6008798860439923,0.9774501300954033,3.858125756503019
GSM5050532,fibroblast,LUM,1153,3.188012539757325,0.9540329575021682,3.6910762043118406
GSM5050532,keratinocyte,COL1A1,42,0.4988633638490289,0.5238095238095238,0.39147620214140577
GSM5050532,keratinocyte,PDGFRA,42,0.011429021988435864,0.023809523809523808,0.012530707159337344
GSM5050532,keratinocyte,KRT14,42,5.4910272861187694,0.9523809523809523,6.23143328815547
GSM5050532,keratinocyte,KRT10,42,1.0735432646219691,0.7619047619047619,2.1938001327420604
GSM5050532,keratinocyte,LYZ,42,0.036207557668188985,0.09523809523809523,0.06113999687442072
GSM5050532,keratinocyte,CD3D,42,0.0,0.0,0.0
GSM5050532,keratinocyte,MS4A1,42,0.0,0.0,0.0
GSM5050532,keratinocyte,PECAM1,42,0.027915516289517776,0.07142857142857142,0.03713068082352517
GSM5050532,keratinocyte,CCL21,42,0.009831391855386697,0.047619047619047616,0.02490633692216254
GSM5050532,keratinocyte,RGS5,42,0.023414441652213562,0.07142857142857142,0.03713068082352517
GSM5050532,keratinocyte,TPSAB1,42,0.005636872043036636,0.023809523809523808,0.012530707159337344
GSM5050532,keratinocyte,PMEL,42,0.0,0.0,0.0
GSM5050532,keratinocyte,DCD,42,0.03024785196478195,0.047619047619047616,0.02490633692216254
GSM5050532,keratinocyte,TIMP1,42,0.5743011680839766,0.6190476190476191,0.9165050711740861
GSM5050532,keratinocyte,CHI3L1,42,0.23660849565303751,0.21428571428571427,0.1298916515201036
GSM5050532,keratinocyte,FN1,42,0.042585735886460585,0.11904761904761904,0.07293189107134947
GSM5050532,keratinocyte,DCN,42,1.2078946286853598,0.8571428571428571,1.1168960848297789
GSM5050532,keratinocyte,LUM,42,0.5545637120003042,0.6428571428571429,0.6393653846498117
GSM5050532,lymphatic_ec,COL1A1,46,1.035387468745353,0.5217391304347826,1.633221572184637
GSM5050532,lymphatic_ec,PDGFRA,46,0.1600248581861232,0.08695652173913043,0.17024987726487756
GSM5050532,lymphatic_ec,KRT14,46,0.49526854307676016,0.41304347826086957,0.6370450429864112
GSM5050532,lymphatic_ec,KRT10,46,0.5116231746253952,0.45652173913043476,0.8162879576847569
GSM5050532,lymphatic_ec,LYZ,46,0.053776014506750854,0.06521739130434782,0.105585067737686
GSM5050532,lymphatic_ec,CD3D,46,0.0,0.0,0.0
GSM5050532,lymphatic_ec,MS4A1,46,0.0,0.0,0.0
GSM5050532,lymphatic_ec,PECAM1,46,0.5235589496072357,0.32608695652173914,1.1123875590266865
GSM5050532,lymphatic_ec,CCL21,46,2.8651622459372668,0.6739130434782609,4.8614638965496555
GSM5050532,lymphatic_ec,RGS5,46,0.07149046707000432,0.043478260869565216,0.105585067737686
GSM5050532,lymphatic_ec,TPSAB1,46,0.0,0.0,0.0
GSM5050532,lymphatic_ec,PMEL,46,0.010998706102171777,0.021739130434782608,0.03644784713080476
GSM5050532,lymphatic_ec,DCD,46,0.06545718145256531,0.043478260869565216,0.0716138328814518
GSM5050532,lymphatic_ec,TIMP1,46,2.8323704255917845,0.8913043478260869,4.008862043654662
GSM5050532,lymphatic_ec,CHI3L1,46,0.03795173741545021,0.021739130434782608,0.105585067737686
GSM5050532,lymphatic_ec,FN1,46,1.1544282216786812,0.6304347826086957,1.6895985412185504
GSM5050532,lymphatic_ec,DCN,46,1.3807592283652794,0.45652173913043476,3.152030171980655
GSM5050532,lymphatic_ec,LUM,46,1.3208876328758432,0.5652173913043478,2.5410402097815075
GSM5050532,mast,COL1A1,24,0.5468476314531254,0.25,1.3560786677830972
GSM5050532,mast,PDGFRA,24,0.13408777035635697,0.08333333333333333,0.3921484953964669
GSM5050532,mast,KRT14,24,0.45458630449066734,0.20833333333333334,0.8921916578433523
GSM5050532,mast,KRT10,24,0.33250732843084424,0.16666666666666666,0.8921916578433523
GSM5050532,mast,LYZ,24,0.2451125887568729,0.08333333333333333,0.6731051661033544
GSM5050532,mast,CD3D,24,0.0,0.0,0.0
GSM5050532,mast,MS4A1,24,0.0,0.0,0.0
GSM5050532,mast,PECAM1,24,0.10647511439908153,0.041666666666666664,0.21517488230111687
GSM5050532,mast,CCL21,24,0.0,0.0,0.0
GSM5050532,mast,RGS5,24,0.28443961161772474,0.125,0.542461628769595
GSM5050532,mast,TPSAB1,24,2.5133512796540174,0.625,3.7158414544116045
GSM5050532,mast,PMEL,24,0.0,0.0,0.0
GSM5050532,mast,DCD,24,0.08552897130568803,0.041666666666666664,0.21517488230111687
GSM5050532,mast,TIMP1,24,1.557897885292184,0.625,2.1332714990972206
GSM5050532,mast,CHI3L1,24,0.11631918268762241,0.041666666666666664,1.071799335007484
GSM5050532,mast,FN1,24,0.42339200157979445,0.16666666666666666,2.161311793743606
GSM5050532,mast,DCN,24,1.3018022895652994,0.4583333333333333,2.8382170382327225
GSM5050532,mast,LUM,24,1.079425732350864,0.375,3.0059944204553304
GSM5050532,melanocyte,COL1A1,28,0.6785442344949966,0.2857142857142857,1.4714002403952884
GSM5050532,melanocyte,PDGFRA,28,0.0832771012840905,0.07142857142857142,0.369753126086352
GSM5050532,melanocyte,KRT14,28,0.2649536023162723,0.14285714285714285,0.7506814449214234
GSM5050532,melanocyte,KRT10,28,0.29031330708337666,0.17857142857142858,0.8510615200408342
GSM5050532,melanocyte,LYZ,28,0.0,0.0,0.0
GSM5050532,melanocyte,CD3D,28,0.0,0.0,0.0
GSM5050532,melanocyte,MS4A1,28,0.0,0.0,0.0
GSM5050532,melanocyte,PECAM1,28,0.0,0.0,0.0
GSM5050532,melanocyte,CCL21,28,0.0,0.0,0.0
GSM5050532,melanocyte,RGS5,28,0.06675355259120379,0.03571428571428571,0.20186976074147184
GSM5050532,melanocyte,TPSAB1,28,0.0,0.0,0.0
GSM5050532,melanocyte,PMEL,28,0.17174392386179838,0.03571428571428571,2.481629840761649
GSM5050532,melanocyte,DCD,28,0.04455112564842064,0.03571428571428571,0.20186976074147184
GSM5050532,melanocyte,TIMP1,28,1.2244797468586832,0.5357142857142857,2.09900345543192
GSM5050532,melanocyte,CHI3L1,28,0.15898095903399848,0.07142857142857142,1.1030018500649945
GSM5050532,melanocyte,FN1,28,0.40024573277073344,0.17857142857142858,1.1030018500649945
GSM5050532,melanocyte,DCN,28,1.2230073133848192,0.35714285714285715,3.6052309636234185
GSM5050532,melanocyte,LUM,28,0.8520451444476099,0.2857142857142857,3.5028860261167054
GSM5050532,myeloid,COL1A1,471,0.3331125889687819,0.23991507430997877,1.3017914577693708
GSM5050532,myeloid,PDGFRA,471,0.013795410692432907,0.014861995753715499,0.04034250898805434
GSM5050532,myeloid,KRT14,471,0.48581529316996486,0.35881104033970274,0.7856590608360381
GSM5050532,myeloid,KRT10,471,0.39846531317919637,0.31634819532908703,0.7008477631187295
GSM5050532,myeloid,LYZ,471,2.69714981182655,0.8938428874734607,3.4318306050484293
GSM5050532,myeloid,CD3D,471,0.0,0.0,0.0
GSM5050532,myeloid,MS4A1,471,0.0,0.0,0.0
GSM5050532,myeloid,PECAM1,471,0.37635521613578665,0.2908704883227176,0.5931190917222404
GSM5050532,myeloid,CCL21,471,0.03434547854818845,0.029723991507430998,0.06207115804520335
GSM5050532,myeloid,RGS5,471,0.02062776252405547,0.014861995753715499,0.11645056331654864
GSM5050532,myeloid,TPSAB1,471,0.01566560134108712,0.012738853503184714,0.027075022669200633
GSM5050532,myeloid,PMEL,471,0.001919917707765715,0.0021231422505307855,0.004563717303877784
GSM5050532,myeloid,DCD,471,0.09429799501137842,0.07006369426751592,0.20596267861523976
GSM5050532,myeloid,TIMP1,471,1.9977695080409037,0.8343949044585988,2.6974184561796344
GSM5050532,myeloid,CHI3L1,471,0.05122312194587009,0.044585987261146494,0.18337305756516956
GSM5050532,myeloid,FN1,471,0.16217556915247033,0.12314225053078556,0.46951178751734846
GSM5050532,myeloid,DCN,471,0.36430452252800305,0.24203821656050956,0.9989043211422662
GSM5050532,myeloid,LUM,471,0.3253107783731948,0.23991507430997877,0.9381343937996487
GSM5050532,pericyte_smc,COL1A1,317,1.8402619666031084,0.8264984227129337,3.2318223713711323
GSM5050532,pericyte_smc,PDGFRA,317,0.022917818413164846,0.025236593059936908,0.04909090807057807
GSM5050532,pericyte_smc,KRT14,317,0.4199850891425191,0.4195583596214511,0.6963004895072518
GSM5050532,pericyte_smc,KRT10,317,0.6361083607340363,0.5520504731861199,0.8678355376054541
GSM5050532,pericyte_smc,LYZ,317,0.019731937247426255,0.025236593059936908,0.03424106137122188
GSM5050532,pericyte_smc,CD3D,317,0.005762942806844678,0.006309148264984227,0.007711089687782897
GSM5050532,pericyte_smc,MS4A1,317,0.0,0.0,0.0
GSM5050532,pericyte_smc,PECAM1,317,0.02360989059114047,0.028391167192429023,0.06372345968696178
GSM5050532,pericyte_smc,CCL21,317,0.13161567188777976,0.13249211356466878,0.2274937484953624
GSM5050532,pericyte_smc,RGS5,317,2.0413708589270705,0.7255520504731862,2.9836628889602155
GSM5050532,pericyte_smc,TPSAB1,317,0.006913682630473583,0.012618296529968454,0.015363173183291577
GSM5050532,pericyte_smc,PMEL,317,0.002103701847285176,0.0031545741324921135,0.0038629774384985713
GSM5050532,pericyte_smc,DCD,317,0.052026855367519234,0.050473186119873815,0.08171810073558765
GSM5050532,pericyte_smc,TIMP1,317,2.110878018839306,0.9400630914826499,2.6522990933265462
GSM5050532,pericyte_smc,CHI3L1,317,0.04757672466434324,0.04416403785488959,0.11676415881102307
GSM5050532,pericyte_smc,FN1,317,1.2364585649389968,0.7129337539432177,2.0275222610174586
GSM5050532,pericyte_smc,DCN,317,1.0073010741230035,0.5930599369085173,1.561496100227149
GSM5050532,pericyte_smc,LUM,317,1.3942949678671646,0.6845425867507886,2.13378087955457
GSM5050532,sweat_gland,COL1A1,10,1.264790183474555,0.5,2.0159871218868184
GSM5050532,sweat_gland,PDGFRA,10,0.33750297838504595,0.2,0.5601520288992066
GSM5050532,sweat_gland,KRT14,10,0.636064769005463,0.2,3.677519807738377
GSM5050532,sweat_gland,KRT10,10,0.6190195130887751,0.4,1.4478756039298413
GSM5050532,sweat_gland,LYZ,10,0.0,0.0,0.0
GSM5050532,sweat_gland,CD3D,10,0.0,0.0,0.0
GSM5050532,sweat_gland,MS4A1,10,0.0,0.0,0.0
GSM5050532,sweat_gland,PECAM1,10,0.10840278756454806,0.1,0.22339383288227888
GSM5050532,sweat_gland,CCL21,10,0.0,0.0,0.0
GSM5050532,sweat_gland,RGS5,10,0.2264624889520766,0.2,0.4058822092612396
GSM5050532,sweat_gland,TPSAB1,10,0.0,0.0,0.0
GSM5050532,sweat_gland,PMEL,10,0.0,0.0,0.0
GSM5050532,sweat_gland,DCD,10,1.8695350433476474,0.7,1.9820798221101659
GSM5050532,sweat_gland,TIMP1,10,0.9144508246703399,0.5,1.4478756039298413
GSM5050532,sweat_gland,CHI3L1,10,0.0,0.0,0.0
GSM5050532,sweat_gland,FN1,10,0.4830375440974053,0.3,0.5601520288992066
GSM5050532,sweat_gland,DCN,10,1.3218816522049956,0.5,2.048782321935645
GSM5050532,sweat_gland,LUM,10,1.5517226037982383,0.6,2.0159871218868184
GSM5050532,t_cell,COL1A1,70,0.2141220935502116,0.14285714285714285,0.44064732060806544
GSM5050532,t_cell,PDGFRA,70,0.0292525993763615,0.014285714285714285,0.09592365163714252
GSM5050532,t_cell,KRT14,70,0.3969635547628594,0.21428571428571427,0.721291280407737
GSM5050532,t_cell,KRT10,70,0.20187443030273958,0.14285714285714285,0.44064732060806544
GSM5050532,t_cell,LYZ,70,0.02457276962140471,0.014285714285714285,0.049111553494379685
GSM5050532,t_cell,CD3D,70,1.735620920933311,0.7571428571428571,2.2781619888808713
GSM5050532,t_cell,MS4A1,70,0.0,0.0,0.0
GSM5050532,t_cell,PECAM1,70,0.02457276962140471,0.014285714285714285,0.049111553494379685
GSM5050532,t_cell,CCL21,70,0.0,0.0,0.0
GSM5050532,t_cell,RGS5,70,0.0,0.0,0.0
GSM5050532,t_cell,TPSAB1,70,0.01855287802828124,0.014285714285714285,0.049111553494379685
GSM5050532,t_cell,PMEL,70,0.017264551231773558,0.014285714285714285,0.049111553494379685
GSM5050532,t_cell,DCD,70,0.021937769467772983,0.014285714285714285,0.049111553494379685
GSM5050532,t_cell,TIMP1,70,0.8569656554403587,0.44285714285714284,1.4160778486856496
GSM5050532,t_cell,CHI3L1,70,0.0,0.0,0.0
GSM5050532,t_cell,FN1,70,0.1146680873266881,0.07142857142857142,0.3018531304026342
GSM5050532,t_cell,DCN,70,0.1951664328424102,0.12857142857142856,0.407712667285916
GSM5050532,t_cell,LUM,70,0.22153881407394665,0.11428571428571428,0.44064732060806544
GSM5050533,b_plasma,COL1A1,13,3.2687835377446053,0.8461538461538461,4.618548802579952
GSM5050533,b_plasma,PDGFRA,13,0.11478840943105635,0.07692307692307693,0.19732947942595447
GSM5050533,b_plasma,KRT14,13,0.8876618497723968,0.5384615384615384,1.2236573695341533
GSM5050533,b_plasma,KRT10,13,1.0522875101730824,0.6153846153846154,1.3997125822432899
GSM5050533,b_plasma,LYZ,13,0.0,0.0,0.0
GSM5050533,b_plasma,CD3D,13,0.0,0.0,0.0
GSM5050533,b_plasma,MS4A1,13,0.0,0.0,0.0
GSM5050533,b_plasma,PECAM1,13,0.11093814494933486,0.07692307692307693,0.19732947942595447
GSM5050533,b_plasma,CCL21,13,0.10783609422010065,0.07692307692307693,0.19732947942595447
GSM5050533,b_plasma,RGS5,13,1.1590409868341924,0.3076923076923077,2.6139174580507687
GSM5050533,b_plasma,TPSAB1,13,0.0,0.0,0.0
GSM5050533,b_plasma,PMEL,13,0.09150646668260279,0.07692307692307693,0.19732947942595447
GSM5050533,b_plasma,DCD,13,0.19808517456291044,0.15384615384615385,0.3620638574115649
GSM5050533,b_plasma,TIMP1,13,2.3197349457858234,0.8461538461538461,3.0683161968154726
GSM5050533,b_plasma,CHI3L1,13,0.0,0.0,0.0
GSM5050533,b_plasma,FN1,13,1.1102985571783086,0.6923076923076923,1.4521242183428087
GSM5050533,b_plasma,DCN,13,1.547811871292051,0.5384615384615384,2.4771488373669164
GSM5050533,b_plasma,LUM,13,1.7223715015644994,0.6153846153846154,3.1921847724954517
GSM5050533,endothelial,COL1A1,318,0.41794946445781844,0.39622641509433965,0.8554287229051035
GSM5050533,endothelial,PDGFRA,318,0.012957373697010707,0.012578616352201259,0.015693550850020246
GSM5050533,endothelial,KRT14,318,0.9645172849977199,0.6666666666666666,1.21333658615998
GSM5050533,endothelial,KRT10,318,1.1386148476013118,0.7295597484276729,1.3605989949347486
GSM5050533,endothelial,LYZ,318,0.0009752689798326221,0.0031446540880503146,0.0039465375016457735
GSM5050533,endothelial,CD3D,318,0.0050854164903245515,0.0031446540880503146,0.0039465375016457735
GSM5050533,endothelial,MS4A1,318,0.0,0.0,0.0
GSM5050533,endothelial,PECAM1,318,1.868191858819925,0.8522012578616353,2.171818249158545
GSM5050533,endothelial,CCL21,318,0.09067179814671855,0.11320754716981132,0.1502525910765347
GSM5050533,endothelial,RGS5,318,0.03698294835552473,0.025157232704402517,0.1261456613674973
GSM5050533,endothelial,TPSAB1,318,0.006020053558500603,0.006289308176100629,0.007877561051375834
GSM5050533,endothelial,PMEL,318,0.04449666851436182,0.0660377358490566,0.08341735549156876
GSM5050533,endothelial,DCD,318,0.08743734961177592,0.11320754716981132,0.1502525910765347
GSM5050533,endothelial,TIMP1,318,1.3605516655686787,0.7704402515723271,1.7176125613222735
GSM5050533,endothelial,CHI3L1,318,0.0,0.0,0.0
GSM5050533,endothelial,FN1,318,0.8821096499812419,0.550314465408805,1.4023177691564177
GSM5050533,endothelial,DCN,318,0.11918143458712337,0.11949685534591195,0.2443596681734903
GSM5050533,endothelial,LUM,318,0.07677185275493834,0.09433962264150944,0.1536494834718272
GSM5050533,fibroblast,COL1A1,843,5.864064845819503,1.0,6.053171346950776
GSM5050533,fibroblast,PDGFRA,843,0.642133259651483,0.43416370106761565,0.9480036324498019
GSM5050533,fibroblast,KRT14,843,1.0923180904476546,0.6571767497034401,1.8868496356666165
GSM5050533,fibroblast,KRT10,843,1.3984292610021385,0.767497034400949,1.739806336434404
GSM5050533,fibroblast,LYZ,843,0.006839308167892905,0.004744958481613286,0.012038758043895143
GSM5050533,fibroblast,CD3D,843,0.0,0.0,0.0
GSM5050533,fibroblast,MS4A1,843,0.0,0.0,0.0
GSM5050533,fibroblast,PECAM1,843,0.011289594408656891,0.009489916963226572,0.026886214669528036
GSM5050533,fibroblast,CCL21,843,0.09857982153482099,0.0771055753262159,0.19223188886680737
GSM5050533,fibroblast,RGS5,843,0.053565690033228905,0.033214709371293,0.1847086103229545
GSM5050533,fibroblast,TPSAB1,843,0.005327826443930531,0.004744958481613286,0.012038758043895143
GSM5050533,fibroblast,PMEL,843,0.023359953698596055,0.021352313167259787,0.0530684469266698
GSM5050533,fibroblast,DCD,843,0.07035326917327085,0.05693950177935943,0.13834011964101256
GSM5050533,fibroblast,TIMP1,843,2.4072392580978175,0.9098457888493475,2.848023940922246
GSM5050533,fibroblast,CHI3L1,843,0.04659047146858067,0.022538552787663108,0.2314272146198425
GSM5050533,fibroblast,FN1,843,1.310925253537439,0.7117437722419929,1.634520484092277
GSM5050533,fibroblast,DCN,843,3.9785053720806203,0.9869513641755635,4.3107008181283275
GSM5050533,fibroblast,LUM,843,3.5708666464587906,0.9822064056939501,3.8938153719569777
GSM5050533,keratinocyte,COL1A1,1861,0.4867490368218195,0.4567436861902203,1.2414910436309854
GSM5050533,keratinocyte,PDGFRA,1861,0.007596768631392036,0.00967221923696937,0.014346913210808677
GSM5050533,keratinocyte,KRT14,1861,4.2756061359038915,0.9661472326706072,5.124286404750992
GSM5050533,keratinocyte,KRT10,1861,3.189795363003331,0.92423428264374,4.692898105696917
GSM5050533,keratinocyte,LYZ,1861,0.0019140401034440028,0.0021493820526598604,0.006601229087288774
GSM5050533,keratinocyte,CD3D,1861,0.00108576813549608,0.0016120365394948952,0.0018046611341789298
GSM5050533,keratinocyte,MS4A1,1861,0.0,0.0,0.0
GSM5050533,keratinocyte,PECAM1,1861,0.02093565475460489,0.024717893605588393,0.03781029364778745
GSM5050533,keratinocyte,CCL21,1861,0.0837966510132662,0.10693175711982805,0.12226446090826193
GSM5050533,keratinocyte,RGS5,1861,0.0629329259276128,0.04836109618484686,0.25713612946645026
GSM5050533,keratinocyte,TPSAB1,1861,0.0023183332150123115,0.0032240730789897904,0.003606071332505511
GSM5050533,keratinocyte,PMEL,1861,0.032007134103681924,0.04782375067168189,0.055623146695794795
GSM5050533,keratinocyte,DCD,1861,0.09289551724712186,0.11069317571198281,0.1360222932779279
GSM5050533,keratinocyte,TIMP1,1861,0.38766074377705667,0.34981192907039227,0.6666494067343977
GSM5050533,keratinocyte,CHI3L1,1861,0.016396084369711315,0.02041912950026867,0.026147418128487275
GSM5050533,keratinocyte,FN1,1861,0.06006653260716726,0.06018269747447609,0.11424029155296146
GSM5050533,keratinocyte,DCN,1861,0.9290214127153841,0.6555615260612574,1.2517034050313551
GSM5050533,keratinocyte,LUM,1861,0.3231331948784206,0.3014508328855454,0.5945573778921921
GSM5050533,lymphatic_ec,COL1A1,82,0.9333655482674972,0.43902439024390244,1.4035531590564865
GSM5050533,lymphatic_ec,PDGFRA,82,0.0,0.0,0.0
GSM5050533,lymphatic_ec,KRT14,82,1.0617416650375127,0.573170731707317,2.525460565588822
GSM5050533,lymphatic_ec,KRT10,82,1.0092518608732115,0.5853658536585366,1.4106437881894074
GSM5050533,lymphatic_ec,LYZ,82,0.0,0.0,0.0
GSM5050533,lymphatic_ec,CD3D,82,0.0,0.0,0.0
GSM5050533,lymphatic_ec,MS4A1,82,0.0,0.0,0.0
GSM5050533,lymphatic_ec,PECAM1,82,0.6159131252949164,0.32926829268292684,1.2500329799029644
GSM5050533,lymphatic_ec,CCL21,82,3.4981476533546343,0.8536585365853658,5.6647058764361695
GSM5050533,lymphatic_ec,RGS5,82,0.450864390651231,0.17073170731707318,1.107610692706121
GSM5050533,lymphatic_ec,TPSAB1,82,0.0,0.0,0.0
GSM5050533,lymphatic_ec,PMEL,82,0.023294981606837267,0.024390243902439025,0.05630247553499327
GSM5050533,lymphatic_ec,DCD,82,0.13660323723105602,0.10975609756097561,0.23161106687474886
GSM5050533,lymphatic_ec,TIMP1,82,1.639006497607042,0.7073170731707317,2.2768120082214605
GSM5050533,lymphatic_ec,CHI3L1,82,0.0,0.0,0.0
GSM5050533,lymphatic_ec,FN1,82,1.2877112019681312,0.6097560975609756,2.0436129224380553
GSM5050533,lymphatic_ec,DCN,82,0.4287226655484507,0.2804878048780488,0.6707179594245034
GSM5050533,lymphatic_ec,LUM,82,0.6229255503817147,0.2926829268292683,1.0382978400462581
GSM5050533,mast,COL1A1,8,1.2204476506700024,0.375,3.6091903767716444
GSM5050533,mast,PDGFRA,8,0.0,0.0,0.0
GSM5050533,mast,KRT14,8,1.9673394823247505,0.625,3.5221131671511565
GSM5050533,mast,KRT10,8,0.7403138874490225,0.375,1.1162863468822581
GSM5050533,mast,LYZ,8,0.0,0.0,0.0
GSM5050533,mast,CD3D,8,0.0,0.0,0.0
GSM5050533,mast,MS4A1,8,0.0,0.0,0.0
GSM5050533,mast,PECAM1,8,0.24055617159164172,0.125,0.41434118324875807
GSM5050533,mast,CCL21,8,0.0,0.0,0.0
GSM5050533,mast,RGS5,8,0.19516377242638883,0.125,0.41434118324875807
GSM5050533,mast,TPSAB1,8,0.4632847842198235,0.25,0.7064319227693814
GSM5050533,mast,PMEL,8,0.0,0.0,0.0
GSM5050533,mast,DCD,8,0.0,0.0,0.0
GSM5050533,mast,TIMP1,8,1.7050281326564682,0.75,2.550037781118087
GSM5050533,mast,CHI3L1,8,0.0,0.0,0.0
GSM5050533,mast,FN1,8,0.256033759423804,0.125,0.7064319227693814
GSM5050533,mast,DCN,8,0.8473198757842093,0.375,1.6306096044184066
GSM5050533,mast,LUM,8,0.8843312844438875,0.25,2.5893388122813996
GSM5050533,melanocyte,COL1A1,342,0.865945971185216,0.45614035087719296,2.668743758320345
GSM5050533,melanocyte,PDGFRA,342,0.017593872189125625,0.017543859649122806,0.04024046216337697
GSM5050533,melanocyte,KRT14,342,1.5744566697280928,0.6549707602339181,4.161814241520968
GSM5050533,melanocyte,KRT10,342,1.3814747773456788,0.8216374269005848,2.124095927960918
GSM5050533,melanocyte,LYZ,342,0.009756715283163029,0.005847953216374269,0.015280560264355335
GSM5050533,melanocyte,CD3D,342,0.0045036127223809065,0.0029239766081871343,0.005119507914549899
GSM5050533,melanocyte,MS4A1,342,0.0,0.0,0.0
GSM5050533,melanocyte,PECAM1,342,0.024055941407729275,0.02631578947368421,0.0741696718551358
GSM5050533,melanocyte,CCL21,342,0.0954936034950762,0.07894736842105263,0.13428066902875183
GSM5050533,melanocyte,RGS5,342,0.12018011983638761,0.05847953216374269,0.3476547881400844
GSM5050533,melanocyte,TPSAB1,342,0.0,0.0,0.0
GSM5050533,melanocyte,PMEL,342,2.9172662833777845,0.8157894736842105,3.6783749039441327
GSM5050533,melanocyte,DCD,342,0.05266874326362326,0.05263157894736842,0.09305314803544537
GSM5050533,melanocyte,TIMP1,342,0.8020057111342118,0.52046783625731,1.1194990551255561
GSM5050533,melanocyte,CHI3L1,342,0.007486471797338674,0.005847953216374269,0.010212939907039415
GSM5050533,melanocyte,FN1,342,0.3172703315232209,0.23976608187134502,0.4799021013545345
GSM5050533,melanocyte,DCN,342,0.5430640031950514,0.26900584795321636,1.4097615639758205
GSM5050533,melanocyte,LUM,342,0.37973389712998257,0.19005847953216373,0.9717039421624032
GSM5050533,myeloid,COL1A1,36,0.5566523991569614,0.3611111111111111,0.777764633518216
GSM5050533,myeloid,PDGFRA,36,0.0,0.0,0.0
GSM5050533,myeloid,KRT14,36,1.015541032422879,0.6388888888888888,1.2099159021120935
GSM5050533,myeloid,KRT10,36,0.8870559322647625,0.5555555555555556,1.2292221546484887
GSM5050533,myeloid,LYZ,36,1.5252681006943107,0.4166666666666667,2.8107662762740517
GSM5050533,myeloid,CD3D,36,0.0,0.0,0.0
GSM5050533,myeloid,MS4A1,36,0.0,0.0,0.0
GSM5050533,myeloid,PECAM1,36,0.02554202225836867,0.027777777777777776,0.06331909678115986
GSM5050533,myeloid,CCL21,36,0.15895678886597,0.08333333333333333,0.2827954275846839
GSM5050533,myeloid,RGS5,36,0.0,0.0,0.0
GSM5050533,myeloid,TPSAB1,36,0.0,0.0,0.0
GSM5050533,myeloid,PMEL,36,0.022372624511972958,0.027777777777777776,0.06331909678115986
GSM5050533,myeloid,DCD,36,0.18044511331492238,0.1111111111111111,0.232275298015777
GSM5050533,myeloid,TIMP1,36,0.831715801209594,0.5,1.6069089464563944
GSM5050533,myeloid,CHI3L1,36,0.0,0.0,0.0
GSM5050533,myeloid,FN1,36,0.0,0.0,0.0
GSM5050533,myeloid,DCN,36,0.22723999700492487,0.1111111111111111,0.420638685422472
GSM5050533,myeloid,LUM,36,0.2500923383641014,0.1111111111111111,0.5417625871972909
GSM5050533,pericyte_smc,COL1A1,692,2.4420428489542667,0.8627167630057804,3.182354722711465
GSM5050533,pericyte_smc,PDGFRA,692,0.006843637071143225,0.005780346820809248,0.016842690623152235
GSM5050533,pericyte_smc,KRT14,692,0.9489406636634519,0.5895953757225434,1.9740317012991129
GSM5050533,pericyte_smc,KRT10,692,1.1188836092267065,0.6820809248554913,1.4261562510083523
GSM5050533,pericyte_smc,LYZ,692,0.002884474676628465,0.001445086705202312,0.010139616945162062
GSM5050533,pericyte_smc,CD3D,692,0.0016566475289617186,0.001445086705202312,0.00339130868921761
GSM5050533,pericyte_smc,MS4A1,692,0.0,0.0,0.0
GSM5050533,pericyte_smc,PECAM1,692,0.020012829092376127,0.015895953757225433,0.04970021208263406
GSM5050533,pericyte_smc,CCL21,692,0.1261306859280927,0.09248554913294797,0.2430734805392955
GSM5050533,pericyte_smc,RGS5,692,2.3291974114488645,0.7514450867052023,3.117283992007873
GSM5050533,pericyte_smc,TPSAB1,692,0.0019311111159604562,0.001445086705202312,0.00339130868921761
GSM5050533,pericyte_smc,PMEL,692,0.020770637428506492,0.02167630057803468,0.04970021208263406
GSM5050533,pericyte_smc,DCD,692,0.0691081340752614,0.059248554913294796,0.13337354400280638
GSM5050533,pericyte_smc,TIMP1,692,2.2094718713005963,0.8916184971098265,2.8874764979238385
GSM5050533,pericyte_smc,CHI3L1,692,0.003237418129913601,0.002890173410404624,0.006771155264428165
GSM5050533,pericyte_smc,FN1,692,0.9705982189538134,0.5520231213872833,1.5061128460943514
GSM5050533,pericyte_smc,DCN,692,0.6502458113285584,0.3786127167630058,1.1855960641181493
GSM5050533,pericyte_smc,LUM,692,1.0539899090889369,0.5043352601156069,1.7012382372347752
GSM5050533,sweat_gland,COL1A1,22,0.6799939188036191,0.5,0.9965295793092206
GSM5050533,sweat_gland,PDGFRA,22,0.17220353089114557,0.09090909090909091,0.10458461069289623
GSM5050533,sweat_gland,KRT14,22,1.7223932306345369,0.7727272727272727,2.544868583313707
GSM5050533,sweat_gland,KRT10,22,1.1511307684895002,0.6818181818181818,1.7084181643944698
GSM5050533,sweat_gland,LYZ,22,0.0,0.0,0.0
GSM5050533,sweat_gland,CD3D,22,0.0,0.0,0.0
GSM5050533,sweat_gland,MS4A1,22,0.0,0.0,0.0
GSM5050533,sweat_gland,PECAM1,22,0.0,0.0,0.0
GSM5050533,sweat_gland,CCL21,22,0.15973673734092683,0.18181818181818182,0.1992595110669228
GSM5050533,sweat_gland,RGS5,22,0.303573267377598,0.09090909090909091,0.9335373911519596
GSM5050533,sweat_gland,TPSAB1,22,0.0,0.0,0.0
GSM5050533,sweat_gland,PMEL,22,0.0,0.0,0.0
GSM5050533,sweat_gland,DCD,22,3.696573656422697,0.5909090909090909,7.205169262428676
GSM5050533,sweat_gland,TIMP1,22,0.5234837495593309,0.3181818181818182,0.6026041015893028
GSM5050533,sweat_gland,CHI3L1,22,0.060709345016211815,0.045454545454545456,0.10458461069289623
GSM5050533,sweat_gland,FN1,22,0.08902433385768416,0.09090909090909091,0.10458461069289623
GSM5050533,sweat_gland,DCN,22,0.4878051331835684,0.3181818181818182,0.4028764135661635
GSM5050533,sweat_gland,LUM,22,0.4469141005576157,0.18181818181818182,0.6026041015893028
GSM5050533,t_cell,COL1A1,73,0.36071288461179835,0.1643835616438356,1.2259665996367608
GSM5050533,t_cell,PDGFRA,73,0.0,0.0,0.0
GSM5050533,t_cell,KRT14,73,0.9035009436935167,0.410958904109589,2.975301924563812
GSM5050533,t_cell,KRT10,73,0.8946625811676537,0.4383561643835616,1.4634016684691649
GSM5050533,t_cell,LYZ,73,0.0,0.0,0.0
GSM5050533,t_cell,CD3D,73,1.336453095216198,0.5342465753424658,2.065635579735888
GSM5050533,t_cell,MS4A1,73,0.0,0.0,0.0
GSM5050533,t_cell,PECAM1,73,0.018856836615205732,0.0136986301369863,0.079749555083599
GSM5050533,t_cell,CCL21,73,0.03761310000604613,0.0273972602739726,0.15360618517067232
GSM5050533,t_cell,RGS5,73,0.04212916415309503,0.0273972602739726,0.15360618517067232
GSM5050533,t_cell,TPSAB1,73,0.03222984698235385,0.0136986301369863,0.079749555083599
GSM5050533,t_cell,PMEL,73,0.0,0.0,0.0
GSM5050533,t_cell,DCD,73,0.02523619941962841,0.0136986301369863,0.079749555083599
GSM5050533,t_cell,TIMP1,73,0.6146173640626955,0.273972602739726,1.250037525616385
GSM5050533,t_cell,CHI3L1,73,0.0,0.0,0.0
GSM5050533,t_cell,FN1,73,0.03205045141916536,0.0273972602739726,0.22238117575501973
GSM5050533,t_cell,DCN,73,0.16993564163766794,0.0821917808219178,0.6912401507720404
GSM5050533,t_cell,LUM,73,0.11371985474969157,0.0547945205479452,0.5093002909876458
GSM5050534,b_plasma,COL1A1,6,0.6406137241198725,0.3333333333333333,0.9694524724083033
GSM5050534,b_plasma,PDGFRA,6,0.3567512438797283,0.16666666666666666,0.6840561341326399
GSM5050534,b_plasma,KRT14,6,0.7270596323454838,0.5,1.086472434178532
GSM5050534,b_plasma,KRT10,6,2.6357875435428353,1.0,2.4681760834804254
GSM5050534,b_plasma,LYZ,6,0.48976406377523585,0.16666666666666666,0.5035594104175152
GSM5050534,b_plasma,CD3D,6,0.0,0.0,0.0
GSM5050534,b_plasma,MS4A1,6,0.0,0.0,0.0
GSM5050534,b_plasma,PECAM1,6,0.0,0.0,0.0
GSM5050534,b_plasma,CCL21,6,0.0,0.0,0.0
GSM5050534,b_plasma,RGS5,6,0.8256898088104626,0.3333333333333333,2.2523231232440346
GSM5050534,b_plasma,TPSAB1,6,0.0,0.0,0.0
GSM5050534,b_plasma,PMEL,6,0.0,0.0,0.0
GSM5050534,b_plasma,DCD,6,0.9846807698737573,0.5,0.9694524724083033
GSM5050534,b_plasma,TIMP1,6,1.4966353914739525,0.6666666666666666,2.6456075484807418
GSM5050534,b_plasma,CHI3L1,6,0.0,0.0,0.0
GSM5050534,b_plasma,FN1,6,0.38017212065744604,0.3333333333333333,0.8369013199590543
GSM5050534,b_plasma,DCN,6,1.629365662636373,0.3333333333333333,4.267870912870181
GSM5050534,b_plasma,LUM,6,1.210427997006394,0.5,2.5221625775400915
GSM5050534,endothelial,COL1A1,162,0.1638807652341543,0.16049382716049382,0.22155917816593151
GSM5050534,endothelial,PDGFRA,162,0.04204651819686395,0.037037037037037035,0.03652782639898368
GSM5050534,endothelial,KRT14,162,0.6338817931603089,0.5555555555555556,1.5492452345741714
GSM5050534,endothelial,KRT10,162,2.405276833166086,0.9876543209876543,2.644976427942766
GSM5050534,endothelial,LYZ,162,0.011840461312818417,0.024691358024691357,0.024499530696172177
GSM5050534,endothelial,CD3D,162,0.0,0.0,0.0
GSM5050534,endothelial,MS4A1,162,0.0,0.0,0.0
GSM5050534,endothelial,PECAM1,162,1.694715192736432,0.8271604938271605,1.9724305655669099
GSM5050534,endothelial,CCL21,162,0.04972944365901177,0.05555555555555555,0.07176825832661919
GSM5050534,endothelial,RGS5,162,0.30978332254765567,0.1419753086419753,1.670639717004695
GSM5050534,endothelial,TPSAB1,162,0.012755571780552562,0.018518518518518517,0.042488150785422625
GSM5050534,endothelial,PMEL,162,0.0027165063080578015,0.006172839506172839,0.006181383365227097
GSM5050534,endothelial,DCD,162,0.63427374333965,0.5802469135802469,0.6984759519867069
GSM5050534,endothelial,TIMP1,162,1.2506696747254626,0.7777777777777778,1.5571164337922199
GSM5050534,endothelial,CHI3L1,162,0.0028038251844215833,0.006172839506172839,0.01232479184728371
GSM5050534,endothelial,FN1,162,0.5239850525388705,0.4074074074074074,0.8837348151960512
GSM5050534,endothelial,DCN,162,0.662153862871341,0.4567901234567901,1.436434266035651
GSM5050534,endothelial,LUM,162,0.35378297934005803,0.2839506172839506,0.5945797108627834
GSM5050534,fibroblast,COL1A1,1004,2.5993315586017878,0.9482071713147411,3.060298423067219
GSM5050534,fibroblast,PDGFRA,1004,0.8157849302514091,0.5916334661354582,1.0260950705502363
GSM5050534,fibroblast,KRT14,1004,0.5831418483289813,0.4701195219123506,0.81463337492881
GSM5050534,fibroblast,KRT10,1004,2.460281622086654,0.9850597609561753,2.506308410240435
GSM5050534,fibroblast,LYZ,1004,0.01239208017361584,0.01195219123505976,0.02222174986876412
GSM5050534,fibroblast,CD3D,1004,0.0008582132902214119,0.00099601593625498,0.001870789983221974
GSM5050534,fibroblast,MS4A1,1004,0.0,0.0,0.0
GSM5050534,fibroblast,PECAM1,1004,0.007946007615803096,0.0069721115537848604,0.014869231045338082
GSM5050534,fibroblast,CCL21,1004,0.021933266509331056,0.021912350597609563,0.040369958341408115
GSM5050534,fibroblast,RGS5,1004,0.0380753142527282,0.03386454183266932,0.10141409219385962
GSM5050534,fibroblast,TPSAB1,1004,0.0075775852934625125,0.0069721115537848604,0.01302262337500601
GSM5050534,fibroblast,PMEL,1004,0.0011273062789448859,0.00099601593625498,0.001870789983221974
GSM5050534,fibroblast,DCD,1004,0.6912416009255807,0.5109561752988048,0.9244586014551892
GSM5050534,fibroblast,TIMP1,1004,2.43267295034243,0.9551792828685259,2.7201517183688426
GSM5050534,fibroblast,CHI3L1,1004,0.006586861098129582,0.0069721115537848604,0.01302262337500601
GSM5050534,fibroblast,FN1,1004,0.8265599726441695,0.5557768924302788,1.203928630108019
GSM5050534,fibroblast,DCN,1004,4.344538959845406,0.9940239043824701,4.675946524286198
GSM5050534,fibroblast,LUM,1004,3.2685820966298675,0.9800796812749004,3.5896803694121604
GSM5050534,keratinocyte,COL1A1,1423,0.4833346268714618,0.2937456078706957,0.6294585533388429
GSM5050534,keratinocyte,PDGFRA,1423,0.06292558300476253,0.054111033028812365,0.06682567412435612
GSM5050534,keratinocyte,KRT14,1423,2.0137727028273056,0.725228390723823,4.387273993507234
GSM5050534,keratinocyte,KRT10,1423,4.133102679861829,0.9957835558678847,5.514321075132361
GSM5050534,keratinocyte,LYZ,1423,0.007872019268819525,0.010541110330288124,0.011572208403512274
GSM5050534,keratinocyte,CD3D,1423,0.005051245248497861,0.004216444132115249,0.005079326980273578
GSM5050534,keratinocyte,MS4A1,1423,0.0,0.0,0.0
GSM5050534,keratinocyte,PECAM1,1423,0.01725293798384665,0.020379479971890373,0.05587894416099235
GSM5050534,keratinocyte,CCL21,1423,0.02556202176180351,0.035137034434293744,0.04202483687332116
GSM5050534,keratinocyte,RGS5,1423,0.12769840636073887,0.07238229093464511,0.33966003165964476
GSM5050534,keratinocyte,TPSAB1,1423,0.015555952140052013,0.018271257905832748,0.019451124771721645
GSM5050534,keratinocyte,PMEL,1423,0.015524516625505145,0.029515108924806747,0.034322463522909755
GSM5050534,keratinocyte,DCD,1423,0.688929837706988,0.5959241040056219,0.7450149283462598
GSM5050534,keratinocyte,TIMP1,1423,0.7267424146653685,0.4202389318341532,0.9116365291186521
GSM5050534,keratinocyte,CHI3L1,1423,0.06879905957817128,0.08784258608573436,0.17445367904439468
GSM5050534,keratinocyte,FN1,1423,0.1973907731658727,0.14968376669009137,0.24748577178740858
GSM5050534,keratinocyte,DCN,1423,1.285263435415147,0.6057624736472241,2.21761809111097
GSM5050534,keratinocyte,LUM,1423,0.7130477459347324,0.3323963457484188,1.2125586106556892
GSM5050534,lymphatic_ec,COL1A1,85,0.5480356297163813,0.32941176470588235,0.8599429947573501
GSM5050534,lymphatic_ec,PDGFRA,85,0.04569744102592834,0.047058823529411764,0.0961869660217688
GSM5050534,lymphatic_ec,KRT14,85,0.715064408368066,0.5647058823529412,0.9287333200008919
GSM5050534,lymphatic_ec,KRT10,85,2.4517682254782396,0.9882352941176471,3.3100133356405173
GSM5050534,lymphatic_ec,LYZ,85,0.02520662204936393,0.023529411764705882,0.03310102851525869
GSM5050534,lymphatic_ec,CD3D,85,0.0,0.0,0.0
GSM5050534,lymphatic_ec,MS4A1,85,0.0,0.0,0.0
GSM5050534,lymphatic_ec,PECAM1,85,0.6412924467270572,0.4117647058823529,1.2452029636938176
GSM5050534,lymphatic_ec,CCL21,85,2.1216049051470485,0.6,4.228969780727172
GSM5050534,lymphatic_ec,RGS5,85,0.1433635967238506,0.08235294117647059,0.514677745917542
GSM5050534,lymphatic_ec,TPSAB1,85,0.008792822159152123,0.011764705882352941,0.016687467766523308
GSM5050534,lymphatic_ec,PMEL,85,0.02517094460705807,0.023529411764705882,0.03310102851525869
GSM5050534,lymphatic_ec,DCD,85,0.7744495039124726,0.6235294117647059,0.8455982836691857
GSM5050534,lymphatic_ec,TIMP1,85,1.9909880238395257,0.9058823529411765,2.2616425643750637
GSM5050534,lymphatic_ec,CHI3L1,85,0.004865808392494491,0.011764705882352941,0.016687467766523308
GSM5050534,lymphatic_ec,FN1,85,0.7906550943408394,0.5294117647058824,1.2206831094561748
GSM5050534,lymphatic_ec,DCN,85,1.5559957643629232,0.5529411764705883,2.988889239970081
GSM5050534,lymphatic_ec,LUM,85,0.9867445255882421,0.4117647058823529,1.993878267776449
GSM5050534,mast,COL1A1,55,0.48997288806158046,0.2545454545454545,1.9480409034009432
GSM5050534,mast,PDGFRA,55,0.0368327773990615,0.01818181818181818,0.30292984307646903
GSM5050534,mast,KRT14,55,0.5660127076695513,0.2545454545454545,1.0499654111225858
GSM5050534,mast,KRT10,55,2.5229495222687013,0.8363636363636363,2.9877448276336867
GSM5050534,mast,LYZ,55,0.0,0.0,0.0
GSM5050534,mast,CD3D,55,0.0,0.0,0.0
GSM5050534,mast,MS4A1,55,0.0,0.0,0.0
GSM5050534,mast,PECAM1,55,0.0,0.0,0.0
GSM5050534,mast,CCL21,55,0.1112774075671018,0.05454545454545454,0.23536031066933383
GSM5050534,mast,RGS5,55,0.13907498231883123,0.05454545454545454,0.6795570382789602
GSM5050534,mast,TPSAB1,55,3.0178180667756864,0.8363636363636363,3.4249411354235813
GSM5050534,mast,PMEL,55,0.03523755698304293,0.01818181818181818,0.08475914040591152
GSM5050534,mast,DCD,55,0.6176396568440639,0.2909090909090909,1.0499654111225858
GSM5050534,mast,TIMP1,55,1.111892038843179,0.4727272727272727,2.1106130436305026
GSM5050534,mast,CHI3L1,55,0.0,0.0,0.0
GSM5050534,mast,FN1,55,0.19189851057728183,0.14545454545454545,0.6795570382789602
GSM5050534,mast,DCN,55,1.649873898406532,0.4727272727272727,3.8996429694013495
GSM5050534,mast,LUM,55,0.9523346348604318,0.38181818181818183,2.4673784393157554
GSM5050534,melanocyte,COL1A1,47,0.7502681914658875,0.3617021276595745,1.3589234010963251
GSM5050534,melanocyte,PDGFRA,47,0.18087862976205768,0.1276595744680851,0.33083905584636414
GSM5050534,melanocyte,KRT14,47,0.9530406691259284,0.48936170212765956,4.063933427264865
GSM5050534,melanocyte,KRT10,47,2.8015981332684636,1.0,2.662537668873369
GSM5050534,melanocyte,LYZ,47,0.0,0.0,0.0
GSM5050534,melanocyte,CD3D,47,0.0,0.0,0.0
GSM5050534,melanocyte,MS4A1,47,0.0,0.0,0.0
GSM5050534,melanocyte,PECAM1,47,0.0,0.0,0.0
GSM5050534,melanocyte,CCL21,47,0.057548614463416074,0.0425531914893617,0.13719420884071454
GSM5050534,melanocyte,RGS5,47,0.08131785887008977,0.02127659574468085,0.5790101730012238
GSM5050534,melanocyte,TPSAB1,47,0.0,0.0,0.0
GSM5050534,melanocyte,PMEL,47,1.788402729008291,0.5957446808510638,3.0397916316205604
GSM5050534,melanocyte,DCD,47,0.7128663962264475,0.44680851063829785,0.9044241792708951
GSM5050534,melanocyte,TIMP1,47,0.9469033289398601,0.5319148936170213,1.6034951182593924
GSM5050534,melanocyte,CHI3L1,47,0.0,0.0,0.0
GSM5050534,melanocyte,FN1,47,0.587413188104809,0.3617021276595745,0.8639337197719701
GSM5050534,melanocyte,DCN,47,1.4509165765303154,0.44680851063829785,3.0350901776658255
GSM5050534,melanocyte,LUM,47,1.1092531539089594,0.3829787234042553,2.542786691463397
GSM5050534,myeloid,COL1A1,175,0.10592775617660771,0.05714285714285714,0.41104954032941243
GSM5050534,myeloid,PDGFRA,175,0.004507466364791581,0.005714285714285714,0.016266975045533143
GSM5050534,myeloid,KRT14,175,0.6673664270150519,0.4057142857142857,0.9519668065696496
GSM5050534,myeloid,KRT10,175,2.599500261136329,0.9485714285714286,2.642935662628588
GSM5050534,myeloid,LYZ,175,2.0271168107045914,0.6971428571428572,3.6550849491394737
GSM5050534,myeloid,CD3D,175,0.0,0.0,0.0
GSM5050534,myeloid,MS4A1,175,0.0,0.0,0.0
GSM5050534,myeloid,PECAM1,175,0.09444987017203009,0.07428571428571429,0.1932615249496686
GSM5050534,myeloid,CCL21,175,0.018767660974209135,0.011428571428571429,0.032273565631628795
GSM5050534,myeloid,RGS5,175,0.015979141731236934,0.017142857142857144,0.048027976513442046
GSM5050534,myeloid,TPSAB1,175,0.028401465097015192,0.017142857142857144,0.048027976513442046
GSM5050534,myeloid,PMEL,175,0.0,0.0,0.0
GSM5050534,myeloid,DCD,175,0.9402172909332274,0.5371428571428571,1.301063333198492
GSM5050534,myeloid,TIMP1,175,1.0596445136564219,0.5657142857142857,1.6975954298705818
GSM5050534,myeloid,CHI3L1,175,0.0,0.0,0.0
GSM5050534,myeloid,FN1,175,0.06460931047568398,0.04,0.2586651598482484
GSM5050534,myeloid,DCN,175,0.4957052996823419,0.26285714285714284,1.4804221474379384
GSM5050534,myeloid,LUM,175,0.17289668847111933,0.08571428571428572,0.8933087499943569
GSM5050534,pericyte_smc,COL1A1,1350,0.8477210386366445,0.5503703703703704,1.306097309972223
GSM5050534,pericyte_smc,PDGFRA,1350,0.010957874255551326,0.012592592592592593,0.036884441503956006
GSM5050534,pericyte_smc,KRT14,1350,0.6036286815676674,0.4488888888888889,1.0119307082374844
GSM5050534,pericyte_smc,KRT10,1350,2.4800705058830466,0.9911111111111112,2.5117140441584866
GSM5050534,pericyte_smc,LYZ,1350,0.008581138006281413,0.006666666666666667,0.013435656841839248
GSM5050534,pericyte_smc,CD3D,1350,0.0012797503944252692,0.0007407407407407407,0.001501796280095364
GSM5050534,pericyte_smc,MS4A1,1350,0.0,0.0,0.0
GSM5050534,pericyte_smc,PECAM1,1350,0.008093691154985202,0.006666666666666667,0.023762221524288932
GSM5050534,pericyte_smc,CCL21,1350,0.049549812086358405,0.04296296296296296,0.11487827675726688
GSM5050534,pericyte_smc,RGS5,1350,1.3843645450842865,0.4918518518518519,2.554205733670423
GSM5050534,pericyte_smc,TPSAB1,1350,0.016948320489220077,0.016296296296296295,0.03252947270807568
GSM5050534,pericyte_smc,PMEL,1350,0.0020099592334583923,0.0022222222222222222,0.004498639552868598
GSM5050534,pericyte_smc,DCD,1350,0.7519299856152678,0.5288888888888889,0.9909513355332237
GSM5050534,pericyte_smc,TIMP1,1350,1.3479564933876398,0.7659259259259259,1.734320623395801
GSM5050534,pericyte_smc,CHI3L1,1350,0.005326419941734591,0.003703703703703704,0.0074865285838181085
GSM5050534,pericyte_smc,FN1,1350,0.6970632361831114,0.43851851851851853,1.2326270177184433
GSM5050534,pericyte_smc,DCN,1350,0.8839592522395364,0.47333333333333333,1.8749114670595302
GSM5050534,pericyte_smc,LUM,1350,0.4439417405597952,0.2874074074074074,1.0217167488499124
GSM5050534,sweat_gland,COL1A1,386,1.1809264957877068,0.5854922279792746,1.763876937684514
GSM5050534,sweat_gland,PDGFRA,386,0.14886766613032212,0.11139896373056994,0.2985694603842728
GSM5050534,sweat_gland,KRT14,386,0.7498631971256257,0.4119170984455959,2.441639294242032
GSM5050534,sweat_gland,KRT10,386,2.71530405089229,0.9844559585492227,2.666899869523694
GSM5050534,sweat_gland,LYZ,386,0.018021903622279886,0.010362694300518135,0.02371175570229123
GSM5050534,sweat_gland,CD3D,386,0.015712276033577204,0.007772020725388601,0.03536007034895648
GSM5050534,sweat_gland,MS4A1,386,0.0,0.0,0.0
GSM5050534,sweat_gland,PECAM1,386,0.02819532306992958,0.02072538860103627,0.05825738587520937
GSM5050534,sweat_gland,CCL21,386,0.04763650332091112,0.04145077720207254,0.10253674668060206
GSM5050534,sweat_gland,RGS5,386,0.3514574070141642,0.15025906735751296,1.1561125522360567
GSM5050534,sweat_gland,TPSAB1,386,0.006594425293668119,0.0051813471502590676,0.011926157124548739
GSM5050534,sweat_gland,PMEL,386,0.005493705977780573,0.0051813471502590676,0.011926157124548739
GSM5050534,sweat_gland,DCD,386,1.622160102499758,0.7590673575129534,6.392835523546135
GSM5050534,sweat_gland,TIMP1,386,1.6000707619650023,0.727979274611399,2.0892134909590085
GSM5050534,sweat_gland,CHI3L1,386,0.007951030691440916,0.007772020725388601,0.017836318854664423
GSM5050534,sweat_gland,FN1,386,0.4930120063676013,0.29533678756476683,0.823183658400984
GSM5050534,sweat_gland,DCN,386,2.4693108362273266,0.7124352331606217,3.721583519751557
GSM5050534,sweat_gland,LUM,386,1.6357513051211847,0.582901554404145,2.6368663195632274
GSM5050534,t_cell,COL1A1,132,0.056179252081670704,0.030303030303030304,0.17696230928341117
GSM5050534,t_cell,PDGFRA,132,0.0,0.0,0.0
GSM5050534,t_cell,KRT14,132,0.7074669588767062,0.3560606060606061,1.2899957262670922
GSM5050534,t_cell,KRT10,132,3.033676941061701,0.9772727272727273,3.133434022385555
GSM5050534,t_cell,LYZ,132,0.0126119404750374,0.007575757575757576,0.037986510523783726
GSM5050534,t_cell,CD3D,132,1.280597147225288,0.5378787878787878,1.847348138170447
GSM5050534,t_cell,MS4A1,132,0.06015199520230035,0.030303030303030304,0.14398681729692342
GSM5050534,t_cell,PECAM1,132,0.0,0.0,0.0
GSM5050534,t_cell,CCL21,132,0.0,0.0,0.0
GSM5050534,t_cell,RGS5,132,0.051228559641056805,0.015151515151515152,0.7708101192816049
GSM5050534,t_cell,TPSAB1,132,0.027684180447972728,0.015151515151515152,0.07458269851413872
GSM5050534,t_cell,PMEL,132,0.0,0.0,0.0
GSM5050534,t_cell,DCD,132,1.0842989856197998,0.5,1.5992171671808937
GSM5050534,t_cell,TIMP1,132,0.5002367262555393,0.26515151515151514,0.9801442075746555
GSM5050534,t_cell,CHI3L1,132,0.0,0.0,0.0
GSM5050534,t_cell,FN1,132,0.0,0.0,0.0
GSM5050534,t_cell,DCN,132,0.30263883291937127,0.1590909090909091,0.7708101192816049
GSM5050534,t_cell,LUM,132,0.13534465563471956,0.08333333333333333,0.35479578137032214
GSM5050538,b_plasma,COL1A1,4,1.1135110438688907,0.75,1.2744900244834587
GSM5050538,b_plasma,PDGFRA,4,0.0,0.0,0.0
GSM5050538,b_plasma,KRT14,4,0.7538842052184493,0.5,0.9998661031773284
GSM5050538,b_plasma,KRT10,4,2.0277470689382673,1.0,2.1668375867012286
GSM5050538,b_plasma,LYZ,4,0.0,0.0,0.0
GSM5050538,b_plasma,CD3D,4,0.0,0.0,0.0
GSM5050538,b_plasma,MS4A1,4,0.0,0.0,0.0
GSM5050538,b_plasma,PECAM1,4,0.0,0.0,0.0
GSM5050538,b_plasma,CCL21,4,0.8973425825561435,0.25,2.260678074384016
GSM5050538,b_plasma,RGS5,4,2.144095376187937,0.75,2.9464442187508344
GSM5050538,b_plasma,TPSAB1,4,0.0,0.0,0.0
GSM5050538,b_plasma,PMEL,4,0.0,0.0,0.0
GSM5050538,b_plasma,DCD,4,1.922577738025351,1.0,1.9477245865872326
GSM5050538,b_plasma,TIMP1,4,2.0793132342999003,1.0,2.1668375867012286
GSM5050538,b_plasma,CHI3L1,4,0.0,0.0,0.0
GSM5050538,b_plasma,FN1,4,0.7368171501726164,0.5,0.9998661031773284
GSM5050538,b_plasma,DCN,4,0.0,0.0,0.0
GSM5050538,b_plasma,LUM,4,0.0,0.0,0.0
GSM5050538,endothelial,COL1A1,498,0.3727581417358443,0.17670682730923695,1.8973925075610036
GSM5050538,endothelial,PDGFRA,498,0.04046955646188911,0.04618473895582329,0.11226424579033827
GSM5050538,endothelial,KRT14,498,0.7332470217274745,0.4939759036144578,2.1543429267450254
GSM5050538,endothelial,KRT10,498,1.2951571555493495,0.785140562248996,1.7914054013397502
GSM5050538,endothelial,LYZ,498,0.0029053919545014443,0.004016064257028112,0.005266483786613566
GSM5050538,endothelial,CD3D,498,0.011798636781099325,0.010040160642570281,0.026059366398216384
GSM5050538,endothelial,MS4A1,498,0.0,0.0,0.0
GSM5050538,endothelial,PECAM1,498,2.256496499195568,0.9417670682730924,2.4198283931209925
GSM5050538,endothelial,CCL21,498,0.019497123786185625,0.018072289156626505,0.02348377727037764
GSM5050538,endothelial,RGS5,498,0.09438469980619463,0.06224899598393574,0.3798278698511678
GSM5050538,endothelial,TPSAB1,498,0.018764192808023168,0.020080321285140562,0.026059366398216384
GSM5050538,endothelial,PMEL,498,0.012455995698607735,0.018072289156626505,0.02348377727037764
GSM5050538,endothelial,DCD,498,1.3477317355259615,0.8132530120481928,1.2337995446288357
GSM5050538,endothelial,TIMP1,498,1.023690432683236,0.6706827309236948,1.3714775020725505
GSM5050538,endothelial,CHI3L1,498,0.003904011686485544,0.002008032128514056,0.0026367088707344695
GSM5050538,endothelial,FN1,498,1.0739703040989614,0.536144578313253,1.7292047934716246
GSM5050538,endothelial,DCN,498,0.4319976214252755,0.1927710843373494,2.090819700252099
GSM5050538,endothelial,LUM,498,0.2615847133451599,0.13052208835341367,1.1233659735971355
GSM5050538,fibroblast,COL1A1,974,4.229393038617151,0.9917864476386037,4.7036947385441605
GSM5050538,fibroblast,PDGFRA,974,0.8106834844370517,0.5379876796714579,1.0654552637490613
GSM5050538,fibroblast,KRT14,974,0.7057357826636211,0.45790554414784396,2.1355423454961824
GSM5050538,fibroblast,KRT10,974,1.4937971342666085,0.8336755646817249,1.7154888786477556
GSM5050538,fibroblast,LYZ,974,0.006916018214960843,0.00513347022587269,0.013275609149327613
GSM5050538,fibroblast,CD3D,974,0.002572611010101289,0.002053388090349076,0.006659834637674487
GSM5050538,fibroblast,MS4A1,974,0.0,0.0,0.0
GSM5050538,fibroblast,PECAM1,974,0.012794548235697078,0.011293634496919919,0.0414487268314889
GSM5050538,fibroblast,CCL21,974,0.010090374003848948,0.008213552361396304,0.02420555648381951
GSM5050538,fibroblast,RGS5,974,0.053899416829188675,0.026694045174537988,0.40474964900347504
GSM5050538,fibroblast,TPSAB1,974,0.013473998058280217,0.011293634496919919,0.02420555648381951
GSM5050538,fibroblast,PMEL,974,0.012392869091660253,0.011293634496919919,0.02420555648381951
GSM5050538,fibroblast,DCD,974,1.4061720731988188,0.8080082135523614,1.5833280923496322
GSM5050538,fibroblast,TIMP1,974,2.428073658995392,0.9507186858316222,2.689845990776556
GSM5050538,fibroblast,CHI3L1,974,0.0015917811566494642,0.001026694045174538,0.0022248766751508243
GSM5050538,fibroblast,FN1,974,1.5032830197787272,0.731006160164271,1.9998638274633678
GSM5050538,fibroblast,DCN,974,4.605744958488524,1.0,4.831170480078712
GSM5050538,fibroblast,LUM,974,3.4991928439432343,0.9897330595482546,3.7559308113809853
GSM5050538,keratinocyte,COL1A1,1303,0.23313634956867643,0.17651573292402148,1.0945042614849019
GSM5050538,keratinocyte,PDGFRA,1303,0.009359132341126024,0.013046815042210284,0.01913932189443865
GSM5050538,keratinocyte,KRT14,1303,3.6164507095831238,0.8549501151189562,5.22454789134651
GSM5050538,keratinocyte,KRT10,1303,4.115644646110207,0.9639293937068304,5.510670291475496
GSM5050538,keratinocyte,LYZ,1303,0.002317172591439086,0.0015349194167306216,0.007002210052375763
GSM5050538,keratinocyte,CD3D,1303,0.0016755129713112592,0.0023023791250959325,0.00263157792681112
GSM5050538,keratinocyte,MS4A1,1303,0.0,0.0,0.0
GSM5050538,keratinocyte,PECAM1,1303,0.01577658936789746,0.01688411358403684,0.03876450671326108
GSM5050538,keratinocyte,CCL21,1303,0.00685874777381176,0.009976976208749041,0.01222187763030033
GSM5050538,keratinocyte,RGS5,1303,0.04060860749363725,0.02762854950115119,0.1692811066137212
GSM5050538,keratinocyte,TPSAB1,1303,0.009798518810040971,0.012279355333844973,0.013955729900610772
GSM5050538,keratinocyte,PMEL,1303,0.019685065316765078,0.02686108979278588,0.03198195206479584
GSM5050538,keratinocyte,DCD,1303,1.0279568183636876,0.8019953952417498,1.1568998689673653
GSM5050538,keratinocyte,TIMP1,1303,0.16192754314047383,0.14428242517267845,0.3665075683824456
GSM5050538,keratinocyte,CHI3L1,1303,0.027997657397075774,0.03607060629316961,0.05635288360961575
GSM5050538,keratinocyte,FN1,1303,0.05968045202060152,0.05448963929393707,0.16556639512528634
GSM5050538,keratinocyte,DCN,1303,0.5670286866395492,0.4466615502686109,1.380236684241929
GSM5050538,keratinocyte,LUM,1303,0.1298026685162834,0.08058326937835764,0.5332336659861081
GSM5050538,lymphatic_ec,COL1A1,156,0.7941324259948386,0.3333333333333333,1.915186467246242
GSM5050538,lymphatic_ec,PDGFRA,156,0.06716441288874385,0.05128205128205128,0.11213581684731942
GSM5050538,lymphatic_ec,KRT14,156,0.8196351895940882,0.4358974358974359,2.703809195044402
GSM5050538,lymphatic_ec,KRT10,156,1.3879010736141146,0.7628205128205128,2.2655226131793227
GSM5050538,lymphatic_ec,LYZ,156,0.0,0.0,0.0
GSM5050538,lymphatic_ec,CD3D,156,0.0,0.0,0.0
GSM5050538,lymphatic_ec,MS4A1,156,0.0,0.0,0.0
GSM5050538,lymphatic_ec,PECAM1,156,0.9121365879038714,0.532051282051282,1.4138254614193635
GSM5050538,lymphatic_ec,CCL21,156,2.7888720070671136,0.7435897435897436,4.474422993830802
GSM5050538,lymphatic_ec,RGS5,156,0.15344488767461648,0.0641025641025641,0.3703829863449806
GSM5050538,lymphatic_ec,TPSAB1,156,0.03658335321893539,0.02564102564102564,0.05139619783036138
GSM5050538,lymphatic_ec,PMEL,156,0.0,0.0,0.0
GSM5050538,lymphatic_ec,DCD,156,1.59674992975659,0.8269230769230769,1.6267556028511163
GSM5050538,lymphatic_ec,TIMP1,156,1.7613280982709285,0.8012820512820513,2.1768734188932095
GSM5050538,lymphatic_ec,CHI3L1,156,0.0,0.0,0.0
GSM5050538,lymphatic_ec,FN1,156,1.133674224042151,0.5897435897435898,1.748606871043715
GSM5050538,lymphatic_ec,DCN,156,0.8293524654902364,0.3141025641025641,2.091063380621151
GSM5050538,lymphatic_ec,LUM,156,0.5690712005962696,0.23717948717948717,1.333741038629202
GSM5050538,mast,COL1A1,54,1.1373433210283783,0.5,2.3588639432094114
GSM5050538,mast,PDGFRA,54,0.09040789714251479,0.05555555555555555,0.21468641759957832
GSM5050538,mast,KRT14,54,0.8632959225686426,0.42592592592592593,3.3484851478774895
GSM5050538,mast,KRT10,54,1.6256492592406084,0.7407407407407407,2.0314879362981446
GSM5050538,mast,LYZ,54,0.0,0.0,0.0
GSM5050538,mast,CD3D,54,0.0,0.0,0.0
GSM5050538,mast,MS4A1,54,0.0,0.0,0.0
GSM5050538,mast,PECAM1,54,0.12370876111196362,0.05555555555555555,0.44389750065057265
GSM5050538,mast,CCL21,54,0.16134897913052754,0.09259259259259259,0.3913298869916342
GSM5050538,mast,RGS5,54,0.4392318958067485,0.16666666666666666,1.2681807479790606
GSM5050538,mast,TPSAB1,54,0.7418991330682461,0.2777777777777778,1.3746018430146019
GSM5050538,mast,PMEL,54,0.0,0.0,0.0
GSM5050538,mast,DCD,54,1.9748236935521712,0.8333333333333334,2.1682494314265637
GSM5050538,mast,TIMP1,54,1.4778429924914154,0.6851851851851852,1.9995796697798496
GSM5050538,mast,CHI3L1,54,0.0,0.0,0.0
GSM5050538,mast,FN1,54,0.6619060254416319,0.3333333333333333,1.312117307784239
GSM5050538,mast,DCN,54,1.7730932057505586,0.5925925925925926,3.546333005990145
GSM5050538,mast,LUM,54,1.2155136737220624,0.42592592592592593,2.7829494519436664
GSM5050538,melanocyte,COL1A1,153,0.9206453187840479,0.3660130718954248,2.1560912971482447
GSM5050538,melanocyte,PDGFRA,153,0.08166585209297313,0.058823529411764705,0.18892188015233843
GSM5050538,melanocyte,KRT14,153,1.0985862338601156,0.5032679738562091,3.8247630377873367
GSM5050538,melanocyte,KRT10,153,1.5991443064315314,0.7712418300653595,3.073827870145955
GSM5050538,melanocyte,LYZ,153,0.0,0.0,0.0
GSM5050538,melanocyte,CD3D,153,0.0,0.0,0.0
GSM5050538,melanocyte,MS4A1,153,0.0,0.0,0.0
GSM5050538,melanocyte,PECAM1,153,0.0693844102964346,0.05228758169934641,0.34776054637136394
GSM5050538,melanocyte,CCL21,153,0.08001237920783509,0.0457516339869281,0.157121788287496
GSM5050538,melanocyte,RGS5,153,0.2600021431982775,0.0915032679738562,0.8429870585907204
GSM5050538,melanocyte,TPSAB1,153,0.05826838454174602,0.0457516339869281,0.157121788287496
GSM5050538,melanocyte,PMEL,153,1.924665512935307,0.6666666666666666,3.168828200067135
GSM5050538,melanocyte,DCD,153,1.5955056908912713,0.7843137254901961,1.9034616759680512
GSM5050538,melanocyte,TIMP1,153,0.9075788318927088,0.45751633986928103,1.5076682079497896
GSM5050538,melanocyte,CHI3L1,153,0.0,0.0,0.0
GSM5050538,melanocyte,FN1,153,0.9042372219182913,0.49673202614379086,1.3541439586128956
GSM5050538,melanocyte,DCN,153,1.0840592009538748,0.3464052287581699,2.813707318024002
GSM5050538,melanocyte,LUM,153,0.7669467677371372,0.2875816993464052,1.8543753548659152
GSM5050538,myeloid,COL1A1,139,0.3404778399147694,0.16546762589928057,1.6248980880337434
GSM5050538,myeloid,PDGFRA,139,0.014286693574135175,0.014388489208633094,0.06575499205986096
GSM5050538,myeloid,KRT14,139,0.8007476644806185,0.4676258992805755,1.4174032136236296
GSM5050538,myeloid,KRT10,139,1.318558584512109,0.7697841726618705,1.6348863916327347
GSM5050538,myeloid,LYZ,139,2.301245682612805,0.7338129496402878,3.728318954769582
GSM5050538,myeloid,CD3D,139,0.0,0.0,0.0
GSM5050538,myeloid,MS4A1,139,0.0,0.0,0.0
GSM5050538,myeloid,PECAM1,139,0.23645966767064008,0.16546762589928057,0.3540184036996575
GSM5050538,myeloid,CCL21,139,0.040536133418619634,0.03597122302158273,0.08153969262996283
GSM5050538,myeloid,RGS5,139,0.09143876059676176,0.050359712230215826,0.36587337302722833
GSM5050538,myeloid,TPSAB1,139,0.033645227260597974,0.02158273381294964,0.049717133351691735
GSM5050538,myeloid,PMEL,139,0.0,0.0,0.0
GSM5050538,myeloid,DCD,139,1.4637679318114247,0.7697841726618705,1.6282386199726373
GSM5050538,myeloid,TIMP1,139,1.246385397239669,0.697841726618705,1.6348863916327347
GSM5050538,myeloid,CHI3L1,139,0.01040399100031345,0.007194244604316547,0.016848519487190735
GSM5050538,myeloid,FN1,139,0.09415061425281906,0.06474820143884892,0.34202120627894333
GSM5050538,myeloid,DCN,139,0.342165030808906,0.16546762589928057,2.1452430692227127
GSM5050538,myeloid,LUM,139,0.18793263490096593,0.09352517985611511,1.1920478641457173
GSM5050538,pericyte_smc,COL1A1,985,1.4093976403360642,0.6791878172588832,2.1163360389667534
GSM5050538,pericyte_smc,PDGFRA,985,0.00925490192324759,0.009137055837563452,0.030876196513812376
GSM5050538,pericyte_smc,KRT14,985,0.7877741496374173,0.4263959390862944,2.379350778063504
GSM5050538,pericyte_smc,KRT10,985,1.3413881120025803,0.7370558375634517,1.6064921011558648
GSM5050538,pericyte_smc,LYZ,985,0.00983552567527062,0.006091370558375634,0.028108333600378312
GSM5050538,pericyte_smc,CD3D,985,0.0,0.0,0.0
GSM5050538,pericyte_smc,MS4A1,985,0.0,0.0,0.0
GSM5050538,pericyte_smc,PECAM1,985,0.004200089213803922,0.003045685279187817,0.00851576778423141
GSM5050538,pericyte_smc,CCL21,985,0.09444319650151549,0.05685279187817259,0.2192648888311956
GSM5050538,pericyte_smc,RGS5,985,1.6957192856171088,0.5807106598984771,2.660158991855069
GSM5050538,pericyte_smc,TPSAB1,985,0.017530283857693934,0.013197969543147208,0.03638904462929548
GSM5050538,pericyte_smc,PMEL,985,0.001753511051193713,0.0020304568527918783,0.005685228471568988
GSM5050538,pericyte_smc,DCD,985,1.6091000031758602,0.8060913705583757,1.8413701473235942
GSM5050538,pericyte_smc,TIMP1,985,1.3118581791011312,0.683248730964467,1.774048402683134
GSM5050538,pericyte_smc,CHI3L1,985,0.0023481290027455603,0.0020304568527918783,0.005685228471568988
GSM5050538,pericyte_smc,FN1,985,0.8323418996296181,0.4558375634517767,1.4648232930157397
GSM5050538,pericyte_smc,DCN,985,0.8144549734689911,0.4071065989847716,1.902319452102145
GSM5050538,pericyte_smc,LUM,985,0.4672574757094214,0.2720812182741117,1.1271089539951187
GSM5050538,sweat_gland,COL1A1,1074,1.7753584255906838,0.6461824953445066,3.011382087387242
GSM5050538,sweat_gland,PDGFRA,1074,0.1861078649487274,0.12197392923649907,0.3597042317718187
GSM5050538,sweat_gland,KRT14,1074,1.2859445751997576,0.5186219739292365,4.020184609779038
GSM5050538,sweat_gland,KRT10,1074,1.5626798094904835,0.7616387337057728,2.2301532898583676
GSM5050538,sweat_gland,LYZ,1074,0.009333328181827506,0.004655493482309125,0.0561163469811156
GSM5050538,sweat_gland,CD3D,1074,0.017434464261488147,0.006517690875232775,0.033538938478365324
GSM5050538,sweat_gland,MS4A1,1074,0.0,0.0,0.0
GSM5050538,sweat_gland,PECAM1,1074,0.048297861707153236,0.021415270018621976,0.11861483027599741
GSM5050538,sweat_gland,CCL21,1074,0.07672045735877052,0.04003724394785847,0.20131662516196638
GSM5050538,sweat_gland,RGS5,1074,0.5836055342237703,0.20297951582867785,1.4870192417815022
GSM5050538,sweat_gland,TPSAB1,1074,0.018990229757598377,0.0111731843575419,0.033538938478365324
GSM5050538,sweat_gland,PMEL,1074,0.014926587964820095,0.010242085661080074,0.02845175240287461
GSM5050538,sweat_gland,DCD,1074,2.4999243648306275,0.9422718808193669,6.367950078384409
GSM5050538,sweat_gland,TIMP1,1074,1.4973585777875744,0.6638733705772812,1.982751688395825
GSM5050538,sweat_gland,CHI3L1,1074,0.0015901526154209554,0.00186219739292365,0.005233620610811062
GSM5050538,sweat_gland,FN1,1074,0.6749850978680747,0.3435754189944134,1.2092015964721916
GSM5050538,sweat_gland,DCN,1074,2.0209219256076763,0.5782122905027933,3.5614055725688814
GSM5050538,sweat_gland,LUM,1074,1.4516573017836951,0.5121042830540037,2.5149296065140696
GSM5050538,t_cell,COL1A1,59,0.1953728508453914,0.0847457627118644,1.928759511751003
GSM5050538,t_cell,PDGFRA,59,0.008224059811467427,0.01694915254237288,0.08067067552051244
GSM5050538,t_cell,KRT14,59,1.2301893723081183,0.4915254237288136,4.128392716646311
GSM5050538,t_cell,KRT10,59,1.6255015379245794,0.6949152542372882,2.021955420152209
GSM5050538,t_cell,LYZ,59,0.0,0.0,0.0
GSM5050538,t_cell,CD3D,59,1.1015854936638876,0.4576271186440678,1.5104087580598349
GSM5050538,t_cell,MS4A1,59,0.0,0.0,0.0
GSM5050538,t_cell,PECAM1,59,0.030207456335714637,0.01694915254237288,0.08067067552051244
GSM5050538,t_cell,CCL21,59,0.06428241459045639,0.05084745762711865,0.22477544820203882
GSM5050538,t_cell,RGS5,59,0.08208075562581493,0.03389830508474576,0.6972219403292801
GSM5050538,t_cell,TPSAB1,59,0.08095957223319092,0.03389830508474576,0.1553165921416749
GSM5050538,t_cell,PMEL,59,0.0,0.0,0.0
GSM5050538,t_cell,DCD,59,2.10073100359813,0.7796610169491526,2.30990774799698
GSM5050538,t_cell,TIMP1,59,0.955279788779065,0.4406779661016949,1.6159495820453893
GSM5050538,t_cell,CHI3L1,59,0.0,0.0,0.0
GSM5050538,t_cell,FN1,59,0.06379420720310505,0.05084745762711865,0.2897215277934097
GSM5050538,t_cell,DCN,59,0.22237082805379643,0.1016949152542373,1.4333034468498786
GSM5050538,t_cell,LUM,59,0.06604063585599945,0.03389830508474576,0.9211784549393145
GSM5050539,b_plasma,COL1A1,312,0.38501273350031684,0.266025641025641,1.6456490224970524
GSM5050539,b_plasma,PDGFRA,312,0.02443518075273868,0.019230769230769232,0.10685271864179188
GSM5050539,b_plasma,KRT14,312,0.009283675884522535,0.009615384615384616,0.017649177998910064
GSM5050539,b_plasma,KRT10,312,0.48353956967001427,0.40384615384615385,0.7181055426450607
GSM5050539,b_plasma,LYZ,312,0.12497191886713689,0.08012820512820513,0.6917098098688491
GSM5050539,b_plasma,CD3D,312,0.008538609246184933,0.009615384615384616,0.017649177998910064
GSM5050539,b_plasma,MS4A1,312,1.8440732908381052,0.7916666666666666,2.198626957922185
GSM5050539,b_plasma,PECAM1,312,0.03671293107769152,0.035256410256410256,0.07432670575487274
GSM5050539,b_plasma,CCL21,312,0.0655795396215735,0.05448717948717949,0.12272741174388338
GSM5050539,b_plasma,RGS5,312,0.054719016057731086,0.038461538461538464,0.23202590161783582
GSM5050539,b_plasma,TPSAB1,312,0.00578776650538878,0.00641025641025641,0.011800660883696093
GSM5050539,b_plasma,PMEL,312,0.0010282365929047607,0.003205128205128205,0.005917737290509852
GSM5050539,b_plasma,DCD,312,0.0,0.0,0.0
GSM5050539,b_plasma,TIMP1,312,0.43670877965525223,0.2980769230769231,1.214371765331261
GSM5050539,b_plasma,CHI3L1,312,0.045450929228911446,0.035256410256410256,0.36409493902511525
GSM5050539,b_plasma,FN1,312,0.08088405357868453,0.057692307692307696,0.4279930066873736
GSM5050539,b_plasma,DCN,312,0.07506217146528169,0.060897435897435896,0.408459914874263
GSM5050539,b_plasma,LUM,312,0.10429594575156567,0.07692307692307693,0.5718755402617758
GSM5050539,endothelial,COL1A1,16,0.328202836933682,0.3125,0.19513073055638774
GSM5050539,endothelial,PDGFRA,16,0.0,0.0,0.0
GSM5050539,endothelial,KRT14,16,0.0,0.0,0.0
GSM5050539,endothelial,KRT10,16,0.7680618918872695,0.75,1.0020129119996524
GSM5050539,endothelial,LYZ,16,0.019150006165907736,0.0625,0.04219127266101032
GSM5050539,endothelial,CD3D,16,0.0,0.0,0.0
GSM5050539,endothelial,MS4A1,16,0.0,0.0,0.0
GSM5050539,endothelial,PECAM1,16,2.451603768333272,1.0,2.5960800982448315
GSM5050539,endothelial,CCL21,16,0.0,0.0,0.0
GSM5050539,endothelial,RGS5,16,0.0,0.0,0.0
GSM5050539,endothelial,TPSAB1,16,0.0,0.0,0.0
GSM5050539,endothelial,PMEL,16,0.0,0.0,0.0
GSM5050539,endothelial,DCD,16,0.0,0.0,0.0
GSM5050539,endothelial,TIMP1,16,1.1239105946489782,0.8125,1.4628470034591599
GSM5050539,endothelial,CHI3L1,16,0.06635335225635172,0.125,0.08267427289356852
GSM5050539,endothelial,FN1,16,0.7510991351807088,0.4375,2.0607608935526245
GSM5050539,endothelial,DCN,16,0.0,0.0,0.0
GSM5050539,endothelial,LUM,16,0.0,0.0,0.0
GSM5050539,fibroblast,COL1A1,356,4.332001645473776,0.9943820224719101,4.847800821375241
GSM5050539,fibroblast,PDGFRA,356,1.2530874210108394,0.8174157303370787,1.5141103136321306
GSM5050539,fibroblast,KRT14,356,0.01601168764970369,0.019662921348314606,0.013994535510403402
GSM5050539,fibroblast,KRT10,356,1.043414997597719,0.8426966292134831,1.2343258853032653
GSM5050539,fibroblast,LYZ,356,0.04661162992474902,0.06179775280898876,0.16311164284450191
GSM5050539,fibroblast,CD3D,356,0.0022167615796371493,0.0028089887640449437,0.004018462986871442
GSM5050539,fibroblast,MS4A1,356,0.004439557551357384,0.008426966292134831,0.006021655141408473
GSM5050539,fibroblast,PECAM1,356,0.03734925704893438,0.06460674157303371,0.05102112311686918
GSM5050539,fibroblast,CCL21,356,0.0318105014350441,0.047752808988764044,0.03753872674754197
GSM5050539,fibroblast,RGS5,356,0.0570587185397595,0.056179775280898875,0.1353659655743945
GSM5050539,fibroblast,TPSAB1,356,0.00468194496211544,0.008426966292134831,0.008020842538100495
GSM5050539,fibroblast,PMEL,356,0.0016659542131729438,0.0028089887640449437,0.004018462986871442
GSM5050539,fibroblast,DCD,356,0.0,0.0,0.0
GSM5050539,fibroblast,TIMP1,356,3.5125629640536986,1.0,4.184740027040803
GSM5050539,fibroblast,CHI3L1,356,2.3398112370407618,0.8342696629213483,3.4908477703505794
GSM5050539,fibroblast,FN1,356,2.3354849870794383,0.9578651685393258,2.7497367596878433
GSM5050539,fibroblast,DCN,356,3.270558754371215,0.9803370786516854,3.599847935897851
GSM5050539,fibroblast,LUM,356,2.9003191642178088,0.9747191011235955,3.335722135029618
GSM5050539,keratinocyte,COL1A1,12,0.46353563890365557,0.4166666666666667,0.2764858094227265
GSM5050539,keratinocyte,PDGFRA,12,0.0,0.0,0.0
GSM5050539,keratinocyte,KRT14,12,5.7813725978834265,1.0,5.803100940299783
GSM5050539,keratinocyte,KRT10,12,0.7052761582491504,0.6666666666666666,0.9319120172306345
GSM5050539,keratinocyte,LYZ,12,0.2160279568631426,0.08333333333333333,0.0517205081773977
GSM5050539,keratinocyte,CD3D,12,0.0,0.0,0.0
GSM5050539,keratinocyte,MS4A1,12,0.0,0.0,0.0
GSM5050539,keratinocyte,PECAM1,12,0.0,0.0,0.0
GSM5050539,keratinocyte,CCL21,12,0.0,0.0,0.0
GSM5050539,keratinocyte,RGS5,12,0.0,0.0,0.0
GSM5050539,keratinocyte,TPSAB1,12,0.0,0.0,0.0
GSM5050539,keratinocyte,PMEL,12,0.0,0.0,0.0
GSM5050539,keratinocyte,DCD,12,0.0,0.0,0.0
GSM5050539,keratinocyte,TIMP1,12,0.6549595825617638,0.5833333333333334,0.6148082597484931
GSM5050539,keratinocyte,CHI3L1,12,0.15719926446978602,0.08333333333333333,0.315955789291909
GSM5050539,keratinocyte,FN1,12,0.024258829462416424,0.08333333333333333,0.0517205081773977
GSM5050539,keratinocyte,DCN,12,0.756840535082052,0.4166666666666667,1.4929691038374457
GSM5050539,keratinocyte,LUM,12,0.2876588486939165,0.4166666666666667,0.7234957072555009
GSM5050539,lymphatic_ec,COL1A1,80,0.8871994477478609,0.4625,1.5271677787909819
GSM5050539,lymphatic_ec,PDGFRA,80,0.013534184670626486,0.0125,0.015033966125211084
GSM5050539,lymphatic_ec,KRT14,80,0.0,0.0,0.0
GSM5050539,lymphatic_ec,KRT10,80,0.6628973930173825,0.6125,0.8853651054979566
GSM5050539,lymphatic_ec,LYZ,80,0.049086851227151285,0.025,0.5015897563407024
GSM5050539,lymphatic_ec,CD3D,80,0.00799297576690729,0.0125,0.015033966125211084
GSM5050539,lymphatic_ec,MS4A1,80,0.020165609724997695,0.0125,0.11438202077399925
GSM5050539,lymphatic_ec,PECAM1,80,0.8197073306353824,0.525,1.3276055430720919
GSM5050539,lymphatic_ec,CCL21,80,3.800026547722825,0.9125,5.5179217885670235
GSM5050539,lymphatic_ec,RGS5,80,0.2842362766515733,0.1375,0.8274775708979761
GSM5050539,lymphatic_ec,TPSAB1,80,0.0,0.0,0.0
GSM5050539,lymphatic_ec,PMEL,80,0.0,0.0,0.0
GSM5050539,lymphatic_ec,DCD,80,0.0,0.0,0.0
GSM5050539,lymphatic_ec,TIMP1,80,3.4592422748529943,0.975,4.822949846217351
GSM5050539,lymphatic_ec,CHI3L1,80,0.05045028478288329,0.0625,0.08698953904096714
GSM5050539,lymphatic_ec,FN1,80,1.1610606163300354,0.675,1.7737069867464796
GSM5050539,lymphatic_ec,DCN,80,0.4419375092185819,0.25,0.9221751709030288
GSM5050539,lymphatic_ec,LUM,80,0.5455357477602911,0.2625,1.1525001947679732
GSM5050539,mast,COL1A1,25,0.4923856403691431,0.2,2.8351937301505394
GSM5050539,mast,PDGFRA,25,0.02568458087552285,0.04,0.13606896509664776
GSM5050539,mast,KRT14,25,0.053569243655185034,0.04,0.07034704475856718
GSM5050539,mast,KRT10,25,0.3968123393053943,0.32,0.7729224372666671
GSM5050539,mast,LYZ,25,0.22877063557127195,0.2,0.9284127773069191
GSM5050539,mast,CD3D,25,0.034189256380644996,0.04,0.1977366009551921
GSM5050539,mast,MS4A1,25,0.10902338347969645,0.04,0.07034704475856718
GSM5050539,mast,PECAM1,25,0.06429024125212604,0.08,0.13606896509664776
GSM5050539,mast,CCL21,25,0.08105910187226507,0.08,0.13606896509664776
GSM5050539,mast,RGS5,25,0.13256406238501617,0.12,0.36275433454083866
GSM5050539,mast,TPSAB1,25,2.841799408093461,0.72,4.192002378817108
GSM5050539,mast,PMEL,25,0.0,0.0,0.0
GSM5050539,mast,DCD,25,0.0,0.0,0.0
GSM5050539,mast,TIMP1,25,2.2439676024855606,0.88,3.266394214964573
GSM5050539,mast,CHI3L1,25,0.1337846946214359,0.08,0.8380472805906667
GSM5050539,mast,FN1,25,0.4743492707601568,0.24,1.2036251041187334
GSM5050539,mast,DCN,25,0.3016922003883733,0.12,1.7595994995324122
GSM5050539,mast,LUM,25,0.8489685235233183,0.32,2.0032999604836466
GSM5050539,melanocyte,COL1A1,9,0.674164411891616,0.3333333333333333,1.2074900915088977
GSM5050539,melanocyte,PDGFRA,9,0.0,0.0,0.0
GSM5050539,melanocyte,KRT14,9,0.0,0.0,0.0
GSM5050539,melanocyte,KRT10,9,0.33551466594477714,0.2222222222222222,0.7758965911107478
GSM5050539,melanocyte,LYZ,9,0.0,0.0,0.0
GSM5050539,melanocyte,CD3D,9,0.0,0.0,0.0
GSM5050539,melanocyte,MS4A1,9,0.0,0.0,0.0
GSM5050539,melanocyte,PECAM1,9,0.0,0.0,0.0
GSM5050539,melanocyte,CCL21,9,0.0,0.0,0.0
GSM5050539,melanocyte,RGS5,9,0.0,0.0,0.0
GSM5050539,melanocyte,TPSAB1,9,0.0,0.0,0.0
GSM5050539,melanocyte,PMEL,9,0.0,0.0,0.0
GSM5050539,melanocyte,DCD,9,0.0,0.0,0.0
GSM5050539,melanocyte,TIMP1,9,0.9593209328458026,0.3333333333333333,2.0838362210352557
GSM5050539,melanocyte,CHI3L1,9,0.45774186855472376,0.1111111111111111,2.008075128008418
GSM5050539,melanocyte,FN1,9,0.16637183228304095,0.1111111111111111,0.4613850751929448
GSM5050539,melanocyte,DCN,9,0.5386531090984369,0.2222222222222222,1.507984731078108
GSM5050539,melanocyte,LUM,9,0.3180904387471221,0.1111111111111111,1.0147989562021746
GSM5050539,myeloid,COL1A1,644,0.3422630067880034,0.29347826086956524,0.9942400468701312
GSM5050539,myeloid,PDGFRA,644,0.021586192686434396,0.021739130434782608,0.04457832750147779
GSM5050539,myeloid,KRT14,644,0.011537079909138841,0.012422360248447204,0.020306512353849015
GSM5050539,myeloid,KRT10,644,0.2167584149956683,0.22981366459627328,0.38028865619070285
GSM5050539,myeloid,LYZ,644,3.706390974379208,0.9642857142857143,4.126505868128558
GSM5050539,myeloid,CD3D,644,0.005717407998664959,0.004658385093167702,0.01358338816545882
GSM5050539,myeloid,MS4A1,644,0.012813975881805457,0.010869565217391304,0.029200938809966482
GSM5050539,myeloid,PECAM1,644,0.35241497330213056,0.30434782608695654,0.4625198486511478
GSM5050539,myeloid,CCL21,644,0.07212037334434376,0.07298136645962733,0.10997173818590175
GSM5050539,myeloid,RGS5,644,0.024786474916675523,0.017080745341614908,0.1341799973865872
GSM5050539,myeloid,TPSAB1,644,0.011642316303029431,0.010869565217391304,0.015829455573510547
GSM5050539,myeloid,PMEL,644,0.002254039311696112,0.003105590062111801,0.004548327828076726
GSM5050539,myeloid,DCD,644,0.0,0.0,0.0
GSM5050539,myeloid,TIMP1,644,2.9318131213479752,0.9254658385093167,3.518495951290718
GSM5050539,myeloid,CHI3L1,644,0.06841777455074537,0.06055900621118013,0.3274952131173405
GSM5050539,myeloid,FN1,644,0.14873973898301862,0.11335403726708075,0.4229961168749469
GSM5050539,myeloid,DCN,644,0.09409377717298165,0.08385093167701864,0.2399942861982271
GSM5050539,myeloid,LUM,644,0.08649780467993087,0.06987577639751552,0.2453588872029296
GSM5050539,pericyte_smc,COL1A1,445,2.534113332793545,0.9258426966292135,3.761099917356743
GSM5050539,pericyte_smc,PDGFRA,445,0.014939444024240066,0.02247191011235955,0.029160722356323315
GSM5050539,pericyte_smc,KRT14,445,0.014070176130333704,0.01348314606741573,0.014686650878317657
GSM5050539,pericyte_smc,KRT10,445,0.8740599455253651,0.7123595505617978,1.1277065882909727
GSM5050539,pericyte_smc,LYZ,445,0.04407917728156058,0.058426966292134834,0.062140456066688776
GSM5050539,pericyte_smc,CD3D,445,0.005546626133592267,0.0044943820224719105,0.007370287411094679
GSM5050539,pericyte_smc,MS4A1,445,0.0012856656749881024,0.0022471910112359553,0.0024628030858164997
GSM5050539,pericyte_smc,PECAM1,445,0.008563542598185644,0.011235955056179775,0.01225380589808246
GSM5050539,pericyte_smc,CCL21,445,0.19062779892381232,0.1752808988764045,0.35182403900008785
GSM5050539,pericyte_smc,RGS5,445,2.0312461205696737,0.8449438202247191,2.4896303780541995
GSM5050539,pericyte_smc,TPSAB1,445,0.012016582076181073,0.01348314606741573,0.014686650878317657
GSM5050539,pericyte_smc,PMEL,445,0.009627676961801748,0.015730337078651686,0.01711359148537451
GSM5050539,pericyte_smc,DCD,445,0.0,0.0,0.0
GSM5050539,pericyte_smc,TIMP1,445,2.7893159340026052,0.9820224719101124,3.5190178681343016
GSM5050539,pericyte_smc,CHI3L1,445,0.07680338880444504,0.07191011235955057,0.1030049392148468
GSM5050539,pericyte_smc,FN1,445,1.5269082827617275,0.7685393258426966,2.363363362443526
GSM5050539,pericyte_smc,DCN,445,0.4816785134672417,0.36179775280898874,0.828391725546192
GSM5050539,pericyte_smc,LUM,445,0.6112361888665607,0.42921348314606744,1.0668095631728807
GSM5050539,t_cell,COL1A1,351,0.45047049691350083,0.27635327635327633,2.180238703515981
GSM5050539,t_cell,PDGFRA,351,0.031952389056676606,0.037037037037037035,0.12790289551841572
GSM5050539,t_cell,KRT14,351,0.027852401143027585,0.014245014245014245,0.029230053330945006
GSM5050539,t_cell,KRT10,351,0.42825143332237303,0.32193732193732194,0.8064081719225803
GSM5050539,t_cell,LYZ,351,0.12038311052626531,0.07407407407407407,0.8630413046665674
GSM5050539,t_cell,CD3D,351,1.1054700136355433,0.5128205128205128,1.7799790245539833
GSM5050539,t_cell,MS4A1,351,0.016539037408695365,0.011396011396011397,0.023451994971783907
GSM5050539,t_cell,PECAM1,351,0.03840369874130384,0.02849002849002849,0.07429058522868993
GSM5050539,t_cell,CCL21,351,0.0861730118045759,0.05982905982905983,0.12266917218991161
GSM5050539,t_cell,RGS5,351,0.042756969146938606,0.03133903133903134,0.3044929725951561
GSM5050539,t_cell,TPSAB1,351,0.015282195168557215,0.008547008547008548,0.017640356532590745
GSM5050539,t_cell,PMEL,351,0.0,0.0,0.0
GSM5050539,t_cell,DCD,351,0.0,0.0,0.0
GSM5050539,t_cell,TIMP1,351,0.8985925025944511,0.49002849002849,2.8130852184246145
GSM5050539,t_cell,CHI3L1,351,0.08704617840950765,0.06267806267806268,0.6674017000093067
GSM5050539,t_cell,FN1,351,0.14140649887386825,0.07977207977207977,1.1217976880638012
GSM5050539,t_cell,DCN,351,0.16318522829073853,0.08831908831908832,1.1371363236969523
GSM5050539,t_cell,LUM,351,0.12469511077479731,0.07407407407407407,0.9493080607978833
GSM5050540,b_plasma,COL1A1,273,1.0223742363573207,0.42124542124542125,3.824411879100281
GSM5050540,b_plasma,PDGFRA,273,0.03344655413850887,0.03296703296703297,0.0970546352181106
GSM5050540,b_plasma,KRT14,273,0.0,0.0,0.0
GSM5050540,b_plasma,KRT10,273,0.66629564825962,0.4358974358974359,1.1317671633008657
GSM5050540,b_plasma,LYZ,273,0.003444732858584585,0.003663003663003663,0.007809470827591849
GSM5050540,b_plasma,CD3D,273,0.010901328272940861,0.007326007326007326,0.03845139942547184
GSM5050540,b_plasma,MS4A1,273,2.0016933947661038,0.8131868131868132,2.0436741920949966
GSM5050540,b_plasma,PECAM1,273,0.08185989763085467,0.06593406593406594,0.15241282482475332
GSM5050540,b_plasma,CCL21,273,0.014441884488369167,0.014652014652014652,0.03087849138154121
GSM5050540,b_plasma,RGS5,273,0.06514595993264384,0.05128205128205128,0.31370215565093956
GSM5050540,b_plasma,TPSAB1,273,0.0,0.0,0.0
GSM5050540,b_plasma,PMEL,273,0.004064733435910543,0.007326007326007326,0.015558426109787932
GSM5050540,b_plasma,DCD,273,0.0,0.0,0.0
GSM5050540,b_plasma,TIMP1,273,0.8355924904118197,0.4139194139194139,2.869974811951925
GSM5050540,b_plasma,CHI3L1,273,0.20252413567609298,0.13186813186813187,0.7702593924564087
GSM5050540,b_plasma,FN1,273,0.5616218118240336,0.26373626373626374,2.273186065146371
GSM5050540,b_plasma,DCN,273,0.41693327792571905,0.20512820512820512,1.734276240336563
GSM5050540,b_plasma,LUM,273,0.41636727396524564,0.21611721611721613,1.8467320944545815
GSM5050540,endothelial,COL1A1,31,0.5123877964426069,0.5161290322580645,0.4627703415153875
GSM5050540,endothelial,PDGFRA,31,0.0,0.0,0.0
GSM5050540,endothelial,KRT14,31,0.0,0.0,0.0
GSM5050540,endothelial,KRT10,31,1.0098847280991428,0.7419354838709677,1.2640437116708088
GSM5050540,endothelial,LYZ,31,0.0,0.0,0.0
GSM5050540,endothelial,CD3D,31,0.0,0.0,0.0
GSM5050540,endothelial,MS4A1,31,0.0,0.0,0.0
GSM5050540,endothelial,PECAM1,31,2.1991905881667373,1.0,2.3069586760501317
GSM5050540,endothelial,CCL21,31,0.07297630355115146,0.06451612903225806,0.0888494250921143
GSM5050540,endothelial,RGS5,31,0.0,0.0,0.0
GSM5050540,endothelial,TPSAB1,31,0.0,0.0,0.0
GSM5050540,endothelial,PMEL,31,0.0,0.0,0.0
GSM5050540,endothelial,DCD,31,0.0,0.0,0.0
GSM5050540,endothelial,TIMP1,31,1.4984802093033924,0.8387096774193549,1.955933618527592
GSM5050540,endothelial,CHI3L1,31,0.0,0.0,0.0
GSM5050540,endothelial,FN1,31,0.9058548378813229,0.6129032258064516,1.686033646368513
GSM5050540,endothelial,DCN,31,0.05146722960622213,0.0967741935483871,0.0888494250921143
GSM5050540,endothelial,LUM,31,0.08730438326977487,0.12903225806451613,0.11679419514958847
GSM5050540,fibroblast,COL1A1,1020,4.638264436025797,1.0,4.787654169811027
GSM5050540,fibroblast,PDGFRA,1020,0.7439860440356507,0.6823529411764706,0.9055283767042236
GSM5050540,fibroblast,KRT14,1020,0.0,0.0,0.0
GSM5050540,fibroblast,KRT10,1020,1.0420591087251623,0.8264705882352941,1.2688440879932776
GSM5050540,fibroblast,LYZ,1020,0.004650167778227611,0.0058823529411764705,0.007299195390275683
GSM5050540,fibroblast,CD3D,1020,0.006809204193330891,0.008823529411764706,0.010204020681256979
GSM5050540,fibroblast,MS4A1,1020,0.0003006243405133379,0.000980392156862745,0.0007323217319842157
GSM5050540,fibroblast,PECAM1,1020,0.059810881519919284,0.10588235294117647,0.08425915371336368
GSM5050540,fibroblast,CCL21,1020,0.01612130434431189,0.027450980392156862,0.021022577369454745
GSM5050540,fibroblast,RGS5,1020,0.0833841504237059,0.0784313725490196,0.1706519358862307
GSM5050540,fibroblast,TPSAB1,1020,0.0,0.0,0.0
GSM5050540,fibroblast,PMEL,1020,0.0015571348551961944,0.00392156862745098,0.0029260746451135107
GSM5050540,fibroblast,DCD,1020,0.0,0.0,0.0
GSM5050540,fibroblast,TIMP1,1020,3.1752122385858397,0.9794117647058823,3.865293193936099
GSM5050540,fibroblast,CHI3L1,1020,1.8274240847194418,0.7872549019607843,2.662931846600432
GSM5050540,fibroblast,FN1,1020,3.218950224560945,0.9921568627450981,3.5225251097724195
GSM5050540,fibroblast,DCN,1020,3.316349257851319,0.9852941176470589,3.6708279500845187
GSM5050540,fibroblast,LUM,1020,3.397123633008249,0.984313725490196,3.7412594146579403
GSM5050540,lymphatic_ec,COL1A1,47,1.1436943949860856,0.5319148936170213,2.8028771031806516
GSM5050540,lymphatic_ec,PDGFRA,47,0.02023830092013266,0.02127659574468085,0.025661250927116262
GSM5050540,lymphatic_ec,KRT14,47,0.0,0.0,0.0
GSM5050540,lymphatic_ec,KRT10,47,0.7295405802109548,0.5957446808510638,0.9796686271578786
GSM5050540,lymphatic_ec,LYZ,47,0.007955914664572274,0.02127659574468085,0.025661250927116262
GSM5050540,lymphatic_ec,CD3D,47,0.0,0.0,0.0
GSM5050540,lymphatic_ec,MS4A1,47,0.0,0.0,0.0
GSM5050540,lymphatic_ec,PECAM1,47,0.9744962241209396,0.6382978723404256,1.421949487706257
GSM5050540,lymphatic_ec,CCL21,47,2.7104653072266323,0.851063829787234,4.0071178427103575
GSM5050540,lymphatic_ec,RGS5,47,0.06929205946578625,0.0851063829787234,0.14493117782917664
GSM5050540,lymphatic_ec,TPSAB1,47,0.0,0.0,0.0
GSM5050540,lymphatic_ec,PMEL,47,0.0,0.0,0.0
GSM5050540,lymphatic_ec,DCD,47,0.0,0.0,0.0
GSM5050540,lymphatic_ec,TIMP1,47,3.0376422488070705,0.8936170212765957,4.0703120425853925
GSM5050540,lymphatic_ec,CHI3L1,47,0.2510050323946687,0.1702127659574468,0.4355804166269364
GSM5050540,lymphatic_ec,FN1,47,2.5247516153733707,0.8297872340425532,3.211242571289513
GSM5050540,lymphatic_ec,DCN,47,0.5919669888938992,0.2553191489361702,1.5060976362047092
GSM5050540,lymphatic_ec,LUM,47,0.5865286514447109,0.3617021276595745,1.4649084147984737
GSM5050540,mast,COL1A1,2,0.2725998665226174,0.5,0.4703113342566253
GSM5050540,mast,PDGFRA,2,0.2725998665226174,0.5,0.4703113342566253
GSM5050540,mast,KRT14,2,0.0,0.0,0.0
GSM5050540,mast,KRT10,2,0.0,0.0,0.0
GSM5050540,mast,LYZ,2,0.0,0.0,0.0
GSM5050540,mast,CD3D,2,0.0,0.0,0.0
GSM5050540,mast,MS4A1,2,0.0,0.0,0.0
GSM5050540,mast,PECAM1,2,0.0,0.0,0.0
GSM5050540,mast,CCL21,2,0.0,0.0,0.0
GSM5050540,mast,RGS5,2,0.0,0.0,0.0
GSM5050540,mast,TPSAB1,2,0.0,0.0,0.0
GSM5050540,mast,PMEL,2,0.0,0.0,0.0
GSM5050540,mast,DCD,2,0.0,0.0,0.0
GSM5050540,mast,TIMP1,2,0.2725998665226174,0.5,0.4703113342566253
GSM5050540,mast,CHI3L1,2,0.0,0.0,0.0
GSM5050540,mast,FN1,2,0.0,0.0,0.0
GSM5050540,mast,DCN,2,0.0,0.0,0.0
GSM5050540,mast,LUM,2,0.0,0.0,0.0
GSM5050540,melanocyte,COL1A1,63,1.0699413423826454,0.4444444444444444,2.113720831523554
GSM5050540,melanocyte,PDGFRA,63,0.01232134621587977,0.015873015873015872,0.07535669600583708
GSM5050540,melanocyte,KRT14,63,0.0,0.0,0.0
GSM5050540,melanocyte,KRT10,63,0.39314422735941346,0.23809523809523808,1.0572515082081702
GSM5050540,melanocyte,LYZ,63,0.0,0.0,0.0
GSM5050540,melanocyte,CD3D,63,0.0,0.0,0.0
GSM5050540,melanocyte,MS4A1,63,0.0,0.0,0.0
GSM5050540,melanocyte,PECAM1,63,0.0,0.0,0.0
GSM5050540,melanocyte,CCL21,63,0.017978896100056468,0.015873015873015872,0.07535669600583708
GSM5050540,melanocyte,RGS5,63,0.05812305728445931,0.031746031746031744,0.33026981428777863
GSM5050540,melanocyte,TPSAB1,63,0.0,0.0,0.0
GSM5050540,melanocyte,PMEL,63,0.030786113498910944,0.031746031746031744,0.14543053495500916
GSM5050540,melanocyte,DCD,63,0.0,0.0,0.0
GSM5050540,melanocyte,TIMP1,63,1.0860165125088426,0.4126984126984127,2.246334184125512
GSM5050540,melanocyte,CHI3L1,63,0.06456262482630488,0.031746031746031744,0.38499854190755356
GSM5050540,melanocyte,FN1,63,0.40220226920413216,0.1746031746031746,2.045252176184304
GSM5050540,melanocyte,DCN,63,0.5026335377515607,0.19047619047619047,1.5089745725833923
GSM5050540,melanocyte,LUM,63,0.5390878152781904,0.20634920634920634,1.9497157023836258
GSM5050540,myeloid,COL1A1,169,0.6394396509887217,0.5088757396449705,2.0325967487491767
GSM5050540,myeloid,PDGFRA,169,0.03521373200097468,0.04142011834319527,0.047202532245894005
GSM5050540,myeloid,KRT14,169,0.0,0.0,0.0
GSM5050540,myeloid,KRT10,169,0.38393075450570935,0.3727810650887574,0.7155099758190183
GSM5050540,myeloid,LYZ,169,1.0045340695274054,0.6272189349112426,1.4846930798669555
GSM5050540,myeloid,CD3D,169,0.0,0.0,0.0
GSM5050540,myeloid,MS4A1,169,0.0,0.0,0.0
GSM5050540,myeloid,PECAM1,169,0.12091203519646168,0.10650887573964497,0.1562941653094384
GSM5050540,myeloid,CCL21,169,0.03190467905125173,0.03550295857988166,0.035609133678600524
GSM5050540,myeloid,RGS5,169,0.012327915833426588,0.01775147928994083,0.058663062843049917
GSM5050540,myeloid,TPSAB1,169,0.0,0.0,0.0
GSM5050540,myeloid,PMEL,169,0.0,0.0,0.0
GSM5050540,myeloid,DCD,169,0.0,0.0,0.0
GSM5050540,myeloid,TIMP1,169,1.647569375319772,0.6982248520710059,2.401656618408422
GSM5050540,myeloid,CHI3L1,169,0.07895178804042348,0.08284023668639054,0.322541860788207
GSM5050540,myeloid,FN1,169,0.36938024509977097,0.27218934911242604,1.029781194563018
GSM5050540,myeloid,DCN,169,0.1834261368361633,0.1242603550295858,0.5660325098390253
GSM5050540,myeloid,LUM,169,0.2705767639971715,0.22485207100591717,0.5964388299393382
GSM5050540,pericyte_smc,COL1A1,618,4.799191918807586,0.9919093851132686,4.990585090089308
GSM5050540,pericyte_smc,PDGFRA,618,0.015471063260150795,0.02912621359223301,0.015694419763665035
GSM5050540,pericyte_smc,KRT14,618,0.0,0.0,0.0
GSM5050540,pericyte_smc,KRT10,618,1.1118892888708847,0.9174757281553398,1.2447414232188003
GSM5050540,pericyte_smc,LYZ,618,0.0016982684351450144,0.0048543689320388345,0.0026329015374753173
GSM5050540,pericyte_smc,CD3D,618,0.0030028423114458547,0.006472491909385114,0.003508997151006754
GSM5050540,pericyte_smc,MS4A1,618,0.0015292481071657437,0.0016181229773462784,0.003508997151006754
GSM5050540,pericyte_smc,PECAM1,618,0.03912889046441775,0.0744336569579288,0.04300154823344164
GSM5050540,pericyte_smc,CCL21,618,0.025190735970368514,0.043689320388349516,0.032848558302559706
GSM5050540,pericyte_smc,RGS5,618,1.0191260546404886,0.6909385113268608,1.4115062253310475
GSM5050540,pericyte_smc,TPSAB1,618,0.0,0.0,0.0
GSM5050540,pericyte_smc,PMEL,618,0.011253565870524196,0.025889967637540454,0.015694419763665035
GSM5050540,pericyte_smc,DCD,618,0.0,0.0,0.0
GSM5050540,pericyte_smc,TIMP1,618,3.3498374268321927,0.9967637540453075,3.7844511596435706
GSM5050540,pericyte_smc,CHI3L1,618,0.1048532881830665,0.12135922330097088,0.1789577551824332
GSM5050540,pericyte_smc,FN1,618,3.234482103942225,0.9919093851132686,3.4571372063051533
GSM5050540,pericyte_smc,DCN,618,1.315838274939786,0.8915857605177994,1.53394552325012
GSM5050540,pericyte_smc,LUM,618,1.7031227368281612,0.93042071197411,1.999252138512448
GSM5050540,sweat_gland,COL1A1,1,0.0,0.0,0.0
GSM5050540,sweat_gland,PDGFRA,1,0.0,0.0,0.0
GSM5050540,sweat_gland,KRT14,1,0.0,0.0,0.0
GSM5050540,sweat_gland,KRT10,1,0.0,0.0,0.0
GSM5050540,sweat_gland,LYZ,1,0.0,0.0,0.0
GSM5050540,sweat_gland,CD3D,1,0.0,0.0,0.0
GSM5050540,sweat_gland,MS4A1,1,0.0,0.0,0.0
GSM5050540,sweat_gland,PECAM1,1,0.0,0.0,0.0
GSM5050540,sweat_gland,CCL21,1,0.0,0.0,0.0
GSM5050540,sweat_gland,RGS5,1,0.0,0.0,0.0
GSM5050540,sweat_gland,TPSAB1,1,0.0,0.0,0.0
GSM5050540,sweat_gland,PMEL,1,0.0,0.0,0.0
GSM5050540,sweat_gland,DCD,1,0.0,0.0,0.0
GSM5050540,sweat_gland,TIMP1,1,3.0388260395230358,1.0,3.0388260395230358
GSM5050540,sweat_gland,CHI3L1,1,0.0,0.0,0.0
GSM5050540,sweat_gland,FN1,1,0.0,0.0,0.0
GSM5050540,sweat_gland,DCN,1,0.0,0.0,0.0
GSM5050540,sweat_gland,LUM,1,0.0,0.0,0.0
GSM5050540,t_cell,COL1A1,698,0.7020346504167684,0.3667621776504298,2.5968116063553497
GSM5050540,t_cell,PDGFRA,698,0.028498979056674124,0.025787965616045846,0.10386591223552576
GSM5050540,t_cell,KRT14,698,0.0,0.0,0.0
GSM5050540,t_cell,KRT10,698,0.5068058794929807,0.3452722063037249,0.8755631821462008
GSM5050540,t_cell,LYZ,698,0.023754172441161753,0.01862464183381089,0.07976480114616374
GSM5050540,t_cell,CD3D,698,1.0672930453255771,0.5358166189111748,1.5071341382133432
GSM5050540,t_cell,MS4A1,698,0.017359938387572733,0.01002865329512894,0.02607640717987387
GSM5050540,t_cell,PECAM1,698,0.03168140359667018,0.02148997134670487,0.06572736995760092
GSM5050540,t_cell,CCL21,698,0.024724239499583873,0.017191977077363897,0.05863406255080762
GSM5050540,t_cell,RGS5,698,0.016332219764128655,0.017191977077363897,0.11064658529921985
GSM5050540,t_cell,TPSAB1,698,0.0,0.0,0.0
GSM5050540,t_cell,PMEL,698,0.0005304961155926229,0.0014326647564469914,0.0037670914907954817
GSM5050540,t_cell,DCD,698,0.0,0.0,0.0
GSM5050540,t_cell,TIMP1,698,0.9327809549973158,0.4828080229226361,2.517236481060911
GSM5050540,t_cell,CHI3L1,698,0.0967323618931121,0.06303724928366762,0.5794367606155434
GSM5050540,t_cell,FN1,698,0.37769425799887957,0.20916905444126074,1.754080448275031
GSM5050540,t_cell,DCN,698,0.2568730028791189,0.12464183381088825,1.4189025373122401
GSM5050540,t_cell,LUM,698,0.22792325847469427,0.11891117478510028,1.4468207824180042
GSM5050547,b_plasma,COL1A1,59,1.7114651690614124,0.6101694915254238,3.1753651166622325
GSM5050547,b_plasma,PDGFRA,59,0.03951057697176299,0.03389830508474576,0.06260590892257341
GSM5050547,b_plasma,KRT14,59,0.47145413720482,0.3728813559322034,0.6610394309893646
GSM5050547,b_plasma,KRT10,59,0.5380681434843996,0.4067796610169492,0.9736096458431857
GSM5050547,b_plasma,LYZ,59,0.06553668169910497,0.05084745762711865,0.14972777967150422
GSM5050547,b_plasma,CD3D,59,0.0,0.0,0.0
GSM5050547,b_plasma,MS4A1,59,1.0952074765691993,0.4915254237288136,1.5015829626752377
GSM5050547,b_plasma,PECAM1,59,0.019356352230566497,0.01694915254237288,0.031792811948279445
GSM5050547,b_plasma,CCL21,59,0.01580494247212727,0.01694915254237288,0.031792811948279445
GSM5050547,b_plasma,RGS5,59,0.43020573195066814,0.1864406779661017,1.3377376843543733
GSM5050547,b_plasma,TPSAB1,59,0.010347219085623431,0.01694915254237288,0.031792811948279445
GSM5050547,b_plasma,PMEL,59,0.012604980078991293,0.01694915254237288,0.06260590892257341
GSM5050547,b_plasma,DCD,59,0.0,0.0,0.0
GSM5050547,b_plasma,TIMP1,59,1.6597996113740587,0.6440677966101694,3.039702217180115
GSM5050547,b_plasma,CHI3L1,59,0.2800580470926354,0.11864406779661017,2.1163294989906354
GSM5050547,b_plasma,FN1,59,0.9010030043439365,0.4745762711864407,1.803632956465668
GSM5050547,b_plasma,DCN,59,0.9192963352020365,0.423728813559322,2.064412578356696
GSM5050547,b_plasma,LUM,59,0.9282783814062306,0.4576271186440678,1.845315142651926
GSM5050547,endothelial,COL1A1,235,0.5562798870058235,0.451063829787234,1.0258349207076587
GSM5050547,endothelial,PDGFRA,235,0.05680211619255819,0.06808510638297872,0.09206491376200986
GSM5050547,endothelial,KRT14,235,0.4597786068988795,0.4297872340425532,0.5927691399715362
GSM5050547,endothelial,KRT10,235,0.7113683149517377,0.6,0.9806541125900179
GSM5050547,endothelial,LYZ,235,0.0346440561691357,0.0425531914893617,0.06732982578968595
GSM5050547,endothelial,CD3D,235,0.002951372134794415,0.00425531914893617,0.010658110412273564
GSM5050547,endothelial,MS4A1,235,0.0,0.0,0.0
GSM5050547,endothelial,PECAM1,235,2.4270525189037104,0.9276595744680851,2.6881621514405962
GSM5050547,endothelial,CCL21,235,0.005686273721468731,0.00851063829787234,0.010658110412273564
GSM5050547,endothelial,RGS5,235,0.04984281496500662,0.03404255319148936,0.17186241004381053
GSM5050547,endothelial,TPSAB1,235,0.012091012234404482,0.01276595744680851,0.015944867851380922
GSM5050547,endothelial,PMEL,235,0.0,0.0,0.0
GSM5050547,endothelial,DCD,235,0.0,0.0,0.0
GSM5050547,endothelial,TIMP1,235,1.4652935341260402,0.8042553191489362,1.9289958492439014
GSM5050547,endothelial,CHI3L1,235,0.10356013335579878,0.08936170212765958,0.2623820266658203
GSM5050547,endothelial,FN1,235,1.0795664749391902,0.5914893617021276,1.793310617194272
GSM5050547,endothelial,DCN,235,0.34145878103775823,0.251063829787234,0.7256886585057114
GSM5050547,endothelial,LUM,235,0.17380376411834844,0.1702127659574468,0.39712208365039015
GSM5050547,fibroblast,COL1A1,1795,4.2627107322336855,0.9922005571030641,4.829628280541002
GSM5050547,fibroblast,PDGFRA,1795,1.1081744411467473,0.7760445682451254,1.3928111366812532
GSM5050547,fibroblast,KRT14,1795,0.4216175469279761,0.48746518105849584,0.5315695201445101
GSM5050547,fibroblast,KRT10,1795,1.0357218553761085,0.8256267409470752,1.2253257825711523
GSM5050547,fibroblast,LYZ,1795,0.03130132496315375,0.03899721448467967,0.05525092042533535
GSM5050547,fibroblast,CD3D,1795,0.001896133978570238,0.003342618384401114,0.0029853161146674444
GSM5050547,fibroblast,MS4A1,1795,0.0,0.0,0.0
GSM5050547,fibroblast,PECAM1,1795,0.07285494587758357,0.11754874651810585,0.10939658572961311
GSM5050547,fibroblast,CCL21,1795,0.008229466995079829,0.011142061281337047,0.012380447543056679
GSM5050547,fibroblast,RGS5,1795,0.03724177288225339,0.033426183844011144,0.08635345542999717
GSM5050547,fibroblast,TPSAB1,1795,0.004621920105353621,0.006685236768802228,0.006456958223296256
GSM5050547,fibroblast,PMEL,1795,0.002495500379237109,0.003342618384401114,0.0034820034933090607
GSM5050547,fibroblast,DCD,1795,0.0,0.0,0.0
GSM5050547,fibroblast,TIMP1,1795,3.710130732715819,0.9922005571030641,4.553898624417713
GSM5050547,fibroblast,CHI3L1,1795,1.4585936202135366,0.5186629526462395,3.103207736772262
GSM5050547,fibroblast,FN1,1795,2.745345221945389,0.950974930362117,3.446110947094668
GSM5050547,fibroblast,DCN,1795,3.8044369404067058,0.9793871866295265,4.191732375802855
GSM5050547,fibroblast,LUM,1795,3.195366032705113,0.9693593314763231,3.5624056990699815
GSM5050547,keratinocyte,COL1A1,205,0.475700277491727,0.6341463414634146,0.6884239239535925
GSM5050547,keratinocyte,PDGFRA,205,0.02600693436694413,0.03902439024390244,0.032353130325123255
GSM5050547,keratinocyte,KRT14,205,5.411410571344501,0.975609756097561,6.349927555639165
GSM5050547,keratinocyte,KRT10,205,2.1591632764199287,0.8975609756097561,4.418790406734077
GSM5050547,keratinocyte,LYZ,205,0.04976861068510646,0.07317073170731707,0.19708246156968778
GSM5050547,keratinocyte,CD3D,205,0.0009814702091502918,0.004878048780487805,0.0020530275293310363
GSM5050547,keratinocyte,MS4A1,205,0.0,0.0,0.0
GSM5050547,keratinocyte,PECAM1,205,0.020886502907591056,0.03414634146341464,0.03632465419649798
GSM5050547,keratinocyte,CCL21,205,0.007847211095039174,0.02926829268292683,0.012255413296159472
GSM5050547,keratinocyte,RGS5,205,0.032520118054567296,0.03414634146341464,0.07328768040816713
GSM5050547,keratinocyte,TPSAB1,205,0.011920121940951892,0.01951219512195122,0.008186941087257562
GSM5050547,keratinocyte,PMEL,205,0.004701933724033164,0.01951219512195122,0.008186941087257562
GSM5050547,keratinocyte,DCD,205,0.0,0.0,0.0
GSM5050547,keratinocyte,TIMP1,205,0.45596286684675685,0.5609756097560976,0.6134090405357329
GSM5050547,keratinocyte,CHI3L1,205,0.15315368598463777,0.2,0.12900353071472234
GSM5050547,keratinocyte,FN1,205,0.2159681692954453,0.2926829268292683,0.29658947409643593
GSM5050547,keratinocyte,DCN,205,0.6809329508000584,0.6878048780487804,0.874423514070846
GSM5050547,keratinocyte,LUM,205,0.2632840026574152,0.3853658536585366,0.29506062215122086
GSM5050547,lymphatic_ec,COL1A1,45,1.633384970788466,0.7111111111111111,2.6325564552184835
GSM5050547,lymphatic_ec,PDGFRA,45,0.0184867626441087,0.022222222222222223,0.036017607224779175
GSM5050547,lymphatic_ec,KRT14,45,0.44672382469558686,0.4,0.6313666568187584
GSM5050547,lymphatic_ec,KRT10,45,0.5833696772230013,0.4888888888888889,0.6882354782103639
GSM5050547,lymphatic_ec,LYZ,45,0.05325964516311574,0.022222222222222223,0.19888741193342493
GSM5050547,lymphatic_ec,CD3D,45,0.0,0.0,0.0
GSM5050547,lymphatic_ec,MS4A1,45,0.0,0.0,0.0
GSM5050547,lymphatic_ec,PECAM1,45,0.4631201239624156,0.28888888888888886,1.1283081880469883
GSM5050547,lymphatic_ec,CCL21,45,2.3258410822858115,0.8,4.769981228986647
GSM5050547,lymphatic_ec,RGS5,45,0.27884216437209813,0.15555555555555556,0.7244272574703108
GSM5050547,lymphatic_ec,TPSAB1,45,0.0,0.0,0.0
GSM5050547,lymphatic_ec,PMEL,45,0.0,0.0,0.0
GSM5050547,lymphatic_ec,DCD,45,0.0,0.0,0.0
GSM5050547,lymphatic_ec,TIMP1,45,2.351380032311425,0.9111111111111111,3.7728823346406513
GSM5050547,lymphatic_ec,CHI3L1,45,0.03854934991607617,0.044444444444444446,0.07078292039004454
GSM5050547,lymphatic_ec,FN1,45,1.2888566692654495,0.6444444444444445,1.973792481482669
GSM5050547,lymphatic_ec,DCN,45,0.8721093028488105,0.4,1.7648987802479497
GSM5050547,lymphatic_ec,LUM,45,0.846764704691528,0.4888888888888889,1.4240651145592849
GSM5050547,mast,COL1A1,21,1.8452523028732581,0.7619047619047619,3.074565651526285
GSM5050547,mast,PDGFRA,21,0.0,0.0,0.0
GSM5050547,mast,KRT14,21,0.6273799440008007,0.38095238095238093,1.000646597119656
GSM5050547,mast,KRT10,21,0.8989973275605718,0.5238095238095238,1.4548201065911075
GSM5050547,mast,LYZ,21,0.2837009648857919,0.09523809523809523,1.1597518700715976
GSM5050547,mast,CD3D,21,0.0,0.0,0.0
GSM5050547,mast,MS4A1,21,0.0,0.0,0.0
GSM5050547,mast,PECAM1,21,0.0810249427168967,0.047619047619047616,0.1452834321230025
GSM5050547,mast,CCL21,21,0.0,0.0,0.0
GSM5050547,mast,RGS5,21,0.21498242349714183,0.09523809523809523,0.8113471087057952
GSM5050547,mast,TPSAB1,21,2.291384862312546,0.6190476190476191,3.123907843199934
GSM5050547,mast,PMEL,21,0.0,0.0,0.0
GSM5050547,mast,DCD,21,0.0,0.0,0.0
GSM5050547,mast,TIMP1,21,2.3693705097048334,0.8571428571428571,2.783010830358445
GSM5050547,mast,CHI3L1,21,0.13992250629646136,0.047619047619047616,0.8113471087057952
GSM5050547,mast,FN1,21,0.5329331478596921,0.38095238095238093,1.000646597119656
GSM5050547,mast,DCN,21,0.836081550990767,0.2857142857142857,2.2779406403648053
GSM5050547,mast,LUM,21,0.7462807992974947,0.38095238095238093,1.711028508750876
GSM5050547,melanocyte,COL1A1,32,1.7811259514598738,0.71875,2.33862452826051
GSM5050547,melanocyte,PDGFRA,32,0.0,0.0,0.0
GSM5050547,melanocyte,KRT14,32,0.27935624877154097,0.21875,0.6832301781279836
GSM5050547,melanocyte,KRT10,32,0.43069720561060687,0.28125,0.7875935629304814
GSM5050547,melanocyte,LYZ,32,0.028891537760099804,0.03125,0.10338496732415342
GSM5050547,melanocyte,CD3D,32,0.0,0.0,0.0
GSM5050547,melanocyte,MS4A1,32,0.0,0.0,0.0
GSM5050547,melanocyte,PECAM1,32,0.0,0.0,0.0
GSM5050547,melanocyte,CCL21,32,0.0,0.0,0.0
GSM5050547,melanocyte,RGS5,32,0.08832695562677234,0.03125,0.19707588144928476
GSM5050547,melanocyte,TPSAB1,32,0.0,0.0,0.0
GSM5050547,melanocyte,PMEL,32,0.24729525840064692,0.15625,0.5028999051828177
GSM5050547,melanocyte,DCD,32,0.0,0.0,0.0
GSM5050547,melanocyte,TIMP1,32,2.5509644012389217,0.8125,4.105732586163553
GSM5050547,melanocyte,CHI3L1,32,0.47994651223633317,0.1875,1.5008239264907997
GSM5050547,melanocyte,FN1,32,0.9856412450105612,0.4375,1.6578109884331407
GSM5050547,melanocyte,DCN,32,1.6567712804066625,0.59375,2.8274355513475125
GSM5050547,melanocyte,LUM,32,1.1949778791159578,0.53125,2.466649683961494
GSM5050547,myeloid,COL1A1,518,0.7345135828732812,0.47297297297297297,1.8651096762913453
GSM5050547,myeloid,PDGFRA,518,0.0560765292071535,0.03667953667953668,0.21082346177788605
GSM5050547,myeloid,KRT14,518,0.6604847434285288,0.4613899613899614,0.8771237086447191
GSM5050547,myeloid,KRT10,518,0.28449323912686564,0.22007722007722008,0.497989291807674
GSM5050547,myeloid,LYZ,518,3.614664917146227,0.918918918918919,4.186122188966519
GSM5050547,myeloid,CD3D,518,0.002793722851773295,0.0019305019305019305,0.008347008207889044
GSM5050547,myeloid,MS4A1,518,0.0,0.0,0.0
GSM5050547,myeloid,PECAM1,518,0.7419277179531083,0.48841698841698844,1.0699636945798356
GSM5050547,myeloid,CCL21,518,0.01393753767183604,0.011583011583011582,0.024834870597226354
GSM5050547,myeloid,RGS5,518,0.047411931822729514,0.02702702702702703,0.18677626104747358
GSM5050547,myeloid,TPSAB1,518,0.0012337834806373349,0.0019305019305019305,0.004182213146914837
GSM5050547,myeloid,PMEL,518,0.005918118846153978,0.005791505791505791,0.012494529667109884
GSM5050547,myeloid,DCD,518,0.0,0.0,0.0
GSM5050547,myeloid,TIMP1,518,2.85470900571913,0.9247104247104247,3.427307248067018
GSM5050547,myeloid,CHI3L1,518,0.15448122356468483,0.10038610038610038,1.4775311284514683
GSM5050547,myeloid,FN1,518,0.5465947216884834,0.28957528957528955,1.4974161099025094
GSM5050547,myeloid,DCN,518,0.4312127858801694,0.24903474903474904,1.808356222922972
GSM5050547,myeloid,LUM,518,0.3620137387594511,0.21428571428571427,1.265233255550457
GSM5050547,pericyte_smc,COL1A1,1487,2.8644230126650725,0.9428379287155346,3.769777348337077
GSM5050547,pericyte_smc,PDGFRA,1487,0.014079556721756642,0.016812373907195696,0.03353439465167111
GSM5050547,pericyte_smc,KRT14,1487,0.44282304525733984,0.37995965030262274,0.6682142226646866
GSM5050547,pericyte_smc,KRT10,1487,0.8056701189235222,0.620712844653665,1.0832298692709723
GSM5050547,pericyte_smc,LYZ,1487,0.04472499253878235,0.04640215198386012,0.07560852238552895
GSM5050547,pericyte_smc,CD3D,1487,0.0011978494327665767,0.0013449899125756557,0.002064716140870102
GSM5050547,pericyte_smc,MS4A1,1487,0.0,0.0,0.0
GSM5050547,pericyte_smc,PECAM1,1487,0.018131309842294226,0.01815736381977135,0.029529008067088924
GSM5050547,pericyte_smc,CCL21,1487,0.0578152129196936,0.04707464694014795,0.10580928290763249
GSM5050547,pericyte_smc,RGS5,1487,1.434382282852527,0.6213853396099529,2.190397719226154
GSM5050547,pericyte_smc,TPSAB1,1487,0.014065146987322488,0.013449899125756557,0.02045779630253613
GSM5050547,pericyte_smc,PMEL,1487,0.006505132488348029,0.010087424344317418,0.01639958181330981
GSM5050547,pericyte_smc,DCD,1487,0.0,0.0,0.0
GSM5050547,pericyte_smc,TIMP1,1487,2.465173264094633,0.9448554135843981,3.2278569222577853
GSM5050547,pericyte_smc,CHI3L1,1487,0.06948761117610813,0.06455951580363148,0.17060014714897984
GSM5050547,pericyte_smc,FN1,1487,1.8349755656588103,0.8459986550100874,2.4394318354852182
GSM5050547,pericyte_smc,DCN,1487,0.9612900220994587,0.535305985205111,1.6177479846375007
GSM5050547,pericyte_smc,LUM,1487,0.8970485850981866,0.5124411566913248,1.5359898184806415
GSM5050547,t_cell,COL1A1,233,0.5006543378482237,0.2918454935622318,1.6567014277139387
GSM5050547,t_cell,PDGFRA,233,0.05298466977204887,0.034334763948497854,0.16142598843599287
GSM5050547,t_cell,KRT14,233,0.6585207498696033,0.3948497854077253,0.9268809787345955
GSM5050547,t_cell,KRT10,233,0.45210974437389717,0.3090128755364807,0.7718345554289233
GSM5050547,t_cell,LYZ,233,0.0678190466654059,0.04721030042918455,0.16142598843599287
GSM5050547,t_cell,CD3D,233,1.3810902835352388,0.6266094420600858,1.847376604688748
GSM5050547,t_cell,MS4A1,233,0.01522191688131823,0.008583690987124463,0.024718462796242974
GSM5050547,t_cell,PECAM1,233,0.05734865219567331,0.04291845493562232,0.17201759115807858
GSM5050547,t_cell,CCL21,233,0.006533655983103309,0.004291845493562232,0.012435604754181338
GSM5050547,t_cell,RGS5,233,0.018447593168760885,0.012875536480686695,0.09540652717546128
GSM5050547,t_cell,TPSAB1,233,0.01498902072341576,0.008583690987124463,0.03685228102051224
GSM5050547,t_cell,PMEL,233,0.0,0.0,0.0
GSM5050547,t_cell,DCD,233,0.0,0.0,0.0
GSM5050547,t_cell,TIMP1,233,1.2701699722533837,0.6180257510729614,2.6220211320196265
GSM5050547,t_cell,CHI3L1,233,0.1401030184218029,0.07296137339055794,1.1560334230377518
GSM5050547,t_cell,FN1,233,0.4003217494222715,0.18025751072961374,2.290958400721051
GSM5050547,t_cell,DCN,233,0.41295425878164227,0.20600858369098712,2.0057693928005786
GSM5050547,t_cell,LUM,233,0.32896889369338594,0.17167381974248927,2.0224666325111555
GSM5050548,b_plasma,COL1A1,5,1.1881201290378196,0.8,1.468906443279913
GSM5050548,b_plasma,PDGFRA,5,0.0,0.0,0.0
GSM5050548,b_plasma,KRT14,5,0.19129943047043912,0.2,0.28851784349917703
GSM5050548,b_plasma,KRT10,5,0.9227805988110926,0.8,1.1008394610809338
GSM5050548,b_plasma,LYZ,5,0.0,0.0,0.0
GSM5050548,b_plasma,CD3D,5,0.0,0.0,0.0
GSM5050548,b_plasma,MS4A1,5,0.0,0.0,0.0
GSM5050548,b_plasma,PECAM1,5,0.0,0.0,0.0
GSM5050548,b_plasma,CCL21,5,0.0,0.0,0.0
GSM5050548,b_plasma,RGS5,5,0.8120707345968764,0.2,1.5430694012747947
GSM5050548,b_plasma,TPSAB1,5,0.0,0.0,0.0
GSM5050548,b_plasma,PMEL,5,0.0,0.0,0.0
GSM5050548,b_plasma,DCD,5,0.0,0.0,0.0
GSM5050548,b_plasma,TIMP1,5,0.8865396364685962,0.6,1.1008394610809338
GSM5050548,b_plasma,CHI3L1,5,0.0,0.0,0.0
GSM5050548,b_plasma,FN1,5,0.21497117669235913,0.2,0.5121625223608323
GSM5050548,b_plasma,DCN,5,0.8770929621356611,0.4,1.5430694012747947
GSM5050548,b_plasma,LUM,5,0.4028448865689727,0.2,0.694818024724763
GSM5050548,endothelial,COL1A1,248,0.10569144642918457,0.08870967741935484,0.16796139924562103
GSM5050548,endothelial,PDGFRA,248,0.03665639409114364,0.036290322580645164,0.061672771824947466
GSM5050548,endothelial,KRT14,248,0.19989665085881791,0.22580645161290322,0.9253558977360796
GSM5050548,endothelial,KRT10,248,0.876311419075783,0.7217741935483871,1.0510721579387197
GSM5050548,endothelial,LYZ,248,0.002590411726334348,0.008064516129032258,0.007920331603797468
GSM5050548,endothelial,CD3D,248,0.0,0.0,0.0
GSM5050548,endothelial,MS4A1,248,0.0,0.0,0.0
GSM5050548,endothelial,PECAM1,248,2.131482780826848,0.9032258064516129,2.2967457837522476
GSM5050548,endothelial,CCL21,248,0.007270052976881898,0.008064516129032258,0.007920331603797468
GSM5050548,endothelial,RGS5,248,0.10065717306765921,0.07258064516129033,0.5490249291912112
GSM5050548,endothelial,TPSAB1,248,0.022155163558149286,0.024193548387096774,0.023575248289269733
GSM5050548,endothelial,PMEL,248,0.007364330830527716,0.012096774193548387,0.011857096577301253
GSM5050548,endothelial,DCD,248,0.001380377162787113,0.004032258064516129,0.003968007237991937
GSM5050548,endothelial,TIMP1,248,1.020021796229929,0.7298387096774194,1.2865048659689873
GSM5050548,endothelial,CHI3L1,248,0.0018823515918784688,0.004032258064516129,0.003968007237991937
GSM5050548,endothelial,FN1,248,0.7488136988219523,0.46774193548387094,1.1298829376006134
GSM5050548,endothelial,DCN,248,0.42844794641438394,0.14919354838709678,1.4586124337444062
GSM5050548,endothelial,LUM,248,0.24448169221503355,0.12096774193548387,0.5784377495264943
GSM5050548,fibroblast,COL1A1,558,2.433896792566215,0.9480286738351255,3.039427729707942
GSM5050548,fibroblast,PDGFRA,558,1.0963463923054142,0.6881720430107527,1.3884800611314627
GSM5050548,fibroblast,KRT14,558,0.1705881377807747,0.13978494623655913,0.28869551853309694
GSM5050548,fibroblast,KRT10,558,1.072813531799361,0.7329749103942652,1.3012992451615117
GSM5050548,fibroblast,LYZ,558,0.0,0.0,0.0
GSM5050548,fibroblast,CD3D,558,0.002451182054615018,0.0017921146953405018,0.0034093375139669147
GSM5050548,fibroblast,MS4A1,558,0.0,0.0,0.0
GSM5050548,fibroblast,PECAM1,558,0.0014041883774438425,0.0017921146953405018,0.0034093375139669147
GSM5050548,fibroblast,CCL21,558,0.008814496316567779,0.008960573476702509,0.01693162714951492
GSM5050548,fibroblast,RGS5,558,0.05839250094879178,0.03046594982078853,0.19205706817469773
GSM5050548,fibroblast,TPSAB1,558,0.006351632602457992,0.007168458781362007,0.013568158479041434
GSM5050548,fibroblast,PMEL,558,0.0,0.0,0.0
GSM5050548,fibroblast,DCD,558,0.008156778071601525,0.007168458781362007,0.013568158479041434
GSM5050548,fibroblast,TIMP1,558,2.1810927025193725,0.9408602150537635,2.48719889153007
GSM5050548,fibroblast,CHI3L1,558,0.0,0.0,0.0
GSM5050548,fibroblast,FN1,558,1.1038495646362785,0.6379928315412187,1.693724406835122
GSM5050548,fibroblast,DCN,558,4.4245640619453015,0.982078853046595,4.736114527901774
GSM5050548,fibroblast,LUM,558,2.7374251476000127,0.946236559139785,3.1353646097878944
GSM5050548,keratinocyte,COL1A1,650,0.06213637162826944,0.09846153846153846,0.08880540118189142
GSM5050548,keratinocyte,PDGFRA,650,0.0035245739244034228,0.007692307692307693,0.006104492131639831
GSM5050548,keratinocyte,KRT14,650,3.1927259906069168,0.7938461538461539,4.913483098109107
GSM5050548,keratinocyte,KRT10,650,4.311801597434861,0.9707692307692307,5.4967530296812654
GSM5050548,keratinocyte,LYZ,650,0.002423936273281566,0.006153846153846154,0.004073799144406569
GSM5050548,keratinocyte,CD3D,650,0.0012702328488122122,0.0015384615384615385,0.0010200067021586174
GSM5050548,keratinocyte,MS4A1,650,0.0,0.0,0.0
GSM5050548,keratinocyte,PECAM1,650,0.004201278155122515,0.006153846153846154,0.004073799144406569
GSM5050548,keratinocyte,CCL21,650,0.0010079074941951223,0.0015384615384615385,0.0010200067021586174
GSM5050548,keratinocyte,RGS5,650,0.0261682094237696,0.02923076923076923,0.05943014415165124
GSM5050548,keratinocyte,TPSAB1,650,0.009692365123620055,0.010769230769230769,0.009142820521474377
GSM5050548,keratinocyte,PMEL,650,0.010795158570845764,0.024615384615384615,0.01619655811410295
GSM5050548,keratinocyte,DCD,650,0.0026868462357507402,0.006153846153846154,0.004073799144406569
GSM5050548,keratinocyte,TIMP1,650,0.13748006149042247,0.15076923076923077,0.3343163689930856
GSM5050548,keratinocyte,CHI3L1,650,0.044883495823790504,0.06769230769230769,0.10087179163417324
GSM5050548,keratinocyte,FN1,650,0.010316909462118017,0.015384615384615385,0.013179618134186338
GSM5050548,keratinocyte,DCN,650,0.4209090426964519,0.49846153846153846,0.5838620546582971
GSM5050548,keratinocyte,LUM,650,0.01983269889333751,0.024615384615384615,0.027181445868542792
GSM5050548,lymphatic_ec,COL1A1,54,0.7301111722161532,0.42592592592592593,1.0262035926565192
GSM5050548,lymphatic_ec,PDGFRA,54,0.167426038263296,0.1111111111111111,0.2611394130723952
GSM5050548,lymphatic_ec,KRT14,54,0.1948889834427588,0.18518518518518517,0.24002474457812317
GSM5050548,lymphatic_ec,KRT10,54,0.8989216239457953,0.6851851851851852,1.0828962264888733
GSM5050548,lymphatic_ec,LYZ,54,0.06691692641740749,0.037037037037037035,0.1271966360200465
GSM5050548,lymphatic_ec,CD3D,54,0.0,0.0,0.0
GSM5050548,lymphatic_ec,MS4A1,54,0.0,0.0,0.0
GSM5050548,lymphatic_ec,PECAM1,54,0.6880099584194123,0.4444444444444444,1.092040217444656
GSM5050548,lymphatic_ec,CCL21,54,0.6221391106061012,0.25925925925925924,2.3534634861454586
GSM5050548,lymphatic_ec,RGS5,54,0.06035893207335189,0.037037037037037035,0.10301879457237642
GSM5050548,lymphatic_ec,TPSAB1,54,0.0,0.0,0.0
GSM5050548,lymphatic_ec,PMEL,54,0.0,0.0,0.0
GSM5050548,lymphatic_ec,DCD,54,0.0,0.0,0.0
GSM5050548,lymphatic_ec,TIMP1,54,1.920020684633172,0.9074074074074074,2.1762144566600266
GSM5050548,lymphatic_ec,CHI3L1,54,0.0,0.0,0.0
GSM5050548,lymphatic_ec,FN1,54,1.0111816219525278,0.5925925925925926,1.4979233376958196
GSM5050548,lymphatic_ec,DCN,54,1.7774485790785544,0.4444444444444444,3.244910256723322
GSM5050548,lymphatic_ec,LUM,54,1.2801545932555687,0.4444444444444444,2.206532468160334
GSM5050548,mast,COL1A1,28,0.47650713872381,0.32142857142857145,0.994763794179689
GSM5050548,mast,PDGFRA,28,0.10770288445715782,0.07142857142857142,0.27726503278367864
GSM5050548,mast,KRT14,28,0.5562444295945326,0.17857142857142858,3.1375185455757486
GSM5050548,mast,KRT10,28,1.1530905035090249,0.6071428571428571,1.5757140987129175
GSM5050548,mast,LYZ,28,0.1230291290981566,0.03571428571428571,0.6162892312851467
GSM5050548,mast,CD3D,28,0.06304208830942853,0.03571428571428571,0.1931054453697147
GSM5050548,mast,MS4A1,28,0.0,0.0,0.0
GSM5050548,mast,PECAM1,28,0.0,0.0,0.0
GSM5050548,mast,CCL21,28,0.0,0.0,0.0
GSM5050548,mast,RGS5,28,0.13409256735389155,0.07142857142857142,0.4941058721207241
GSM5050548,mast,TPSAB1,28,1.766345813398185,0.5714285714285714,2.4461683604731435
GSM5050548,mast,PMEL,28,0.0,0.0,0.0
GSM5050548,mast,DCD,28,0.0,0.0,0.0
GSM5050548,mast,TIMP1,28,1.219348721921793,0.6428571428571429,1.756605512167965
GSM5050548,mast,CHI3L1,28,0.0,0.0,0.0
GSM5050548,mast,FN1,28,0.1709587718554848,0.14285714285714285,0.42691783261865573
GSM5050548,mast,DCN,28,1.0584184028061026,0.32142857142857145,3.182695549438388
GSM5050548,mast,LUM,28,0.6707635634086273,0.2857142857142857,2.0831039361077783
GSM5050548,melanocyte,COL1A1,112,0.5997965684246519,0.33035714285714285,0.9520972071316198
GSM5050548,melanocyte,PDGFRA,112,0.030367116966794342,0.026785714285714284,0.09624123935738071
GSM5050548,melanocyte,KRT14,112,0.2658024450585904,0.16071428571428573,2.400319220096084
GSM5050548,melanocyte,KRT10,112,0.9830678587415912,0.5892857142857143,1.4308556525626857
GSM5050548,melanocyte,LYZ,112,0.0,0.0,0.0
GSM5050548,melanocyte,CD3D,112,0.0,0.0,0.0
GSM5050548,melanocyte,MS4A1,112,0.0,0.0,0.0
GSM5050548,melanocyte,PECAM1,112,0.007923850858311949,0.008928571428571428,0.024942494156617704
GSM5050548,melanocyte,CCL21,112,0.0,0.0,0.0
GSM5050548,melanocyte,RGS5,112,0.025760332256470803,0.017857142857142856,0.049277970142229274
GSM5050548,melanocyte,TPSAB1,112,0.0,0.0,0.0
GSM5050548,melanocyte,PMEL,112,0.8170150816190758,0.2767857142857143,2.854513815264792
GSM5050548,melanocyte,DCD,112,0.0,0.0,0.0
GSM5050548,melanocyte,TIMP1,112,1.2827364261759482,0.6160714285714286,1.7663019654907843
GSM5050548,melanocyte,CHI3L1,112,0.0,0.0,0.0
GSM5050548,melanocyte,FN1,112,0.7242873486723787,0.39285714285714285,1.216122427015497
GSM5050548,melanocyte,DCN,112,1.0515099544429454,0.33035714285714285,3.162496773838082
GSM5050548,melanocyte,LUM,112,0.5983708464903535,0.23214285714285715,2.000101839370569
GSM5050548,myeloid,COL1A1,168,0.147900144709987,0.10119047619047619,0.32772952263088295
GSM5050548,myeloid,PDGFRA,168,0.021198843242311298,0.02976190476190476,0.04128938607882827
GSM5050548,myeloid,KRT14,168,0.2894341822914464,0.23809523809523808,0.9786470031822665
GSM5050548,myeloid,KRT10,168,0.8540008021509083,0.6547619047619048,1.028098743018605
GSM5050548,myeloid,LYZ,168,2.570471215744791,0.8154761904761905,3.8456116064881796
GSM5050548,myeloid,CD3D,168,0.004463076222433532,0.005952380952380952,0.008395389225083151
GSM5050548,myeloid,MS4A1,168,0.0,0.0,0.0
GSM5050548,myeloid,PECAM1,168,0.2533698624382392,0.2261904761904762,0.32163616726762123
GSM5050548,myeloid,CCL21,168,0.0,0.0,0.0
GSM5050548,myeloid,RGS5,168,0.0121114663047578,0.011904761904761904,0.024977633433332078
GSM5050548,myeloid,TPSAB1,168,0.026066596817984337,0.017857142857142856,0.06526872447893872
GSM5050548,myeloid,PMEL,168,0.0,0.0,0.0
GSM5050548,myeloid,DCD,168,0.012638459798096892,0.005952380952380952,0.008395389225083151
GSM5050548,myeloid,TIMP1,168,1.0329499142309448,0.6726190476190477,1.3631796681400707
GSM5050548,myeloid,CHI3L1,168,0.0,0.0,0.0
GSM5050548,myeloid,FN1,168,0.08461702981501269,0.05952380952380952,0.1485784902703166
GSM5050548,myeloid,DCN,168,0.37914296622552546,0.20833333333333334,1.227060790537199
GSM5050548,myeloid,LUM,168,0.15916094019622548,0.08928571428571429,0.4315009985024575
GSM5050548,pericyte_smc,COL1A1,1483,1.0442822783172565,0.6729602157788267,1.405116990254845
GSM5050548,pericyte_smc,PDGFRA,1483,0.008876314664894441,0.008091706001348618,0.02693576002316071
GSM5050548,pericyte_smc,KRT14,1483,0.19618139048799824,0.1672285906945381,0.863218262593774
GSM5050548,pericyte_smc,KRT10,1483,0.8799847072176806,0.6695886716115981,1.0840499328145687
GSM5050548,pericyte_smc,LYZ,1483,0.0013842038131386919,0.0013486176668914363,0.0022725663305120723
GSM5050548,pericyte_smc,CD3D,1483,0.0008424225497637447,0.0013486176668914363,0.0022725663305120723
GSM5050548,pericyte_smc,MS4A1,1483,0.0,0.0,0.0
GSM5050548,pericyte_smc,PECAM1,1483,0.004185625086158398,0.004045853000674309,0.0068022637567355096
GSM5050548,pericyte_smc,CCL21,1483,0.02935399261474179,0.027646662171274445,0.0606873403974098
GSM5050548,pericyte_smc,RGS5,1483,1.2757734637370333,0.5003371544167229,2.3054744172371118
GSM5050548,pericyte_smc,TPSAB1,1483,0.0061295970009169806,0.006068779501011463,0.010186122408384509
GSM5050548,pericyte_smc,PMEL,1483,0.0019628086167106187,0.0020229265003371545,0.003406915716243844
GSM5050548,pericyte_smc,DCD,1483,0.005822740450074908,0.006068779501011463,0.010186122408384509
GSM5050548,pericyte_smc,TIMP1,1483,1.177612534538874,0.7720836142953472,1.471780226598614
GSM5050548,pericyte_smc,CHI3L1,1483,0.0003848813694398278,0.0006743088334457181,0.0011369287348329384
GSM5050548,pericyte_smc,FN1,1483,0.6329142949837279,0.4261631827376939,1.1434275657606978
GSM5050548,pericyte_smc,DCN,1483,0.5913712995962437,0.3081591368846932,1.4736062048055043
GSM5050548,pericyte_smc,LUM,1483,0.22831780962179996,0.1604855023600809,0.5535539860832763
GSM5050548,sweat_gland,COL1A1,2,0.646075985134917,0.5,0.5084370875985734
GSM5050548,sweat_gland,PDGFRA,2,0.0,0.0,0.0
GSM5050548,sweat_gland,KRT14,2,0.9629658504646532,1.0,0.8438839168153662
GSM5050548,sweat_gland,KRT10,2,0.647933479672737,0.5,1.0946282196532353
GSM5050548,sweat_gland,LYZ,2,0.0,0.0,0.0
GSM5050548,sweat_gland,CD3D,2,0.0,0.0,0.0
GSM5050548,sweat_gland,MS4A1,2,0.0,0.0,0.0
GSM5050548,sweat_gland,PECAM1,2,0.0,0.0,0.0
GSM5050548,sweat_gland,CCL21,2,0.0,0.0,0.0
GSM5050548,sweat_gland,RGS5,2,0.9187825320193569,0.5,0.8438839168153662
GSM5050548,sweat_gland,TPSAB1,2,0.0,0.0,0.0
GSM5050548,sweat_gland,PMEL,2,0.0,0.0,0.0
GSM5050548,sweat_gland,DCD,2,4.857640241067023,1.0,8.13443239459006
GSM5050548,sweat_gland,TIMP1,2,0.0,0.0,0.0
GSM5050548,sweat_gland,CHI3L1,2,0.0,0.0,0.0
GSM5050548,sweat_gland,FN1,2,0.0,0.0,0.0
GSM5050548,sweat_gland,DCN,2,0.0,0.0,0.0
GSM5050548,sweat_gland,LUM,2,0.0,0.0,0.0
GSM5050548,t_cell,COL1A1,207,0.05121631211033691,0.033816425120772944,0.41960951785998474
GSM5050548,t_cell,PDGFRA,207,0.022296490267887697,0.01932367149758454,0.06127950868790727
GSM5050548,t_cell,KRT14,207,0.2528671856763144,0.15942028985507245,0.4800538564810285
GSM5050548,t_cell,KRT10,207,0.712950985991608,0.43478260869565216,1.1267038309709796
GSM5050548,t_cell,LYZ,207,0.037418222959605604,0.01932367149758454,0.11901968436483418
GSM5050548,t_cell,CD3D,207,1.2436142661909988,0.6521739130434783,1.596140657133147
GSM5050548,t_cell,MS4A1,207,0.03519918426761044,0.01932367149758454,0.0905662796341183
GSM5050548,t_cell,PECAM1,207,0.008023988989849759,0.004830917874396135,0.031109078190863806
GSM5050548,t_cell,CCL21,207,0.0,0.0,0.0
GSM5050548,t_cell,RGS5,207,0.03405471725845817,0.014492753623188406,0.41960951785998474
GSM5050548,t_cell,TPSAB1,207,0.02234756327329293,0.014492753623188406,0.04630807098375733
GSM5050548,t_cell,PMEL,207,0.0,0.0,0.0
GSM5050548,t_cell,DCD,207,0.011357064058112229,0.00966183574879227,0.031109078190863806
GSM5050548,t_cell,TIMP1,207,0.5612143380732711,0.3333333333333333,1.0954992560502093
GSM5050548,t_cell,CHI3L1,207,0.0,0.0,0.0
GSM5050548,t_cell,FN1,207,0.05004236501597452,0.033816425120772944,0.1466858410994406
GSM5050548,t_cell,DCN,207,0.1939700204981812,0.0821256038647343,1.4405453745229047
GSM5050548,t_cell,LUM,207,0.09053426046122073,0.043478260869565216,0.5462436464453162
GSM5050552,endothelial,COL1A1,835,0.025759693385403626,0.022754491017964073,0.24879043107217533
GSM5050552,endothelial,PDGFRA,835,0.017754963373559658,0.023952095808383235,0.03192214160714709
GSM5050552,endothelial,KRT14,835,0.44630729134730796,0.40838323353293415,0.8738622946647991
GSM5050552,endothelial,KRT10,835,0.7567516647046407,0.6526946107784432,1.0077536907213105
GSM5050552,endothelial,LYZ,835,0.002142901022328604,0.0023952095808383233,0.0026994464039436557
GSM5050552,endothelial,CD3D,835,0.0007369226394553966,0.0011976047904191617,0.0013506340780562332
GSM5050552,endothelial,MS4A1,835,0.0011897606576771892,0.0011976047904191617,0.0026994464039436557
GSM5050552,endothelial,PECAM1,835,2.2105731814581717,0.9616766467065868,2.3604747617439283
GSM5050552,endothelial,CCL21,835,0.004146071812007983,0.005988023952095809,0.006735001847525025
GSM5050552,endothelial,RGS5,835,0.022008586255251015,0.026347305389221556,0.04234035263063859
GSM5050552,endothelial,TPSAB1,835,0.0043431086321687705,0.004790419161676647,0.013424946734698639
GSM5050552,endothelial,PMEL,835,0.013135472783963122,0.019161676646706587,0.021394247761425827
GSM5050552,endothelial,DCD,835,0.0,0.0,0.0
GSM5050552,endothelial,TIMP1,835,1.2437094970004121,0.8263473053892215,1.4902792019728766
GSM5050552,endothelial,CHI3L1,835,0.0011567315895383602,0.0011976047904191617,0.0013506340780562332
GSM5050552,endothelial,FN1,835,0.4084284160640501,0.24311377245508983,1.0563818979338278
GSM5050552,endothelial,DCN,835,0.01680708916007752,0.013173652694610778,0.08296058383648729
GSM5050552,endothelial,LUM,835,0.012055599609617594,0.009580838323353293,0.06918269170469353
GSM5050552,fibroblast,COL1A1,215,4.50435626320001,1.0,4.715977707280688
GSM5050552,fibroblast,PDGFRA,215,0.8962563828322336,0.6465116279069767,1.0841063788049454
GSM5050552,fibroblast,KRT14,215,0.40033452059644403,0.3627906976744186,0.6380510589157412
GSM5050552,fibroblast,KRT10,215,1.0979552637907521,0.786046511627907,1.3351760044747738
GSM5050552,fibroblast,LYZ,215,0.009800966007005418,0.009302325581395349,0.012155795430002562
GSM5050552,fibroblast,CD3D,215,0.0,0.0,0.0
GSM5050552,fibroblast,MS4A1,215,0.0,0.0,0.0
GSM5050552,fibroblast,PECAM1,215,0.024775739176156487,0.018604651162790697,0.04191412195148167
GSM5050552,fibroblast,CCL21,215,0.017046905691707814,0.018604651162790697,0.024165600352149475
GSM5050552,fibroblast,RGS5,215,0.08022264744494711,0.037209302325581395,0.2807287546328243
GSM5050552,fibroblast,TPSAB1,215,0.002956337331618286,0.004651162790697674,0.006096368021600601
GSM5050552,fibroblast,PMEL,215,0.007967177209584363,0.009302325581395349,0.012155795430002562
GSM5050552,fibroblast,DCD,215,0.0,0.0,0.0
GSM5050552,fibroblast,TIMP1,215,2.7074658673398107,0.9627906976744186,3.261309970193057
GSM5050552,fibroblast,CHI3L1,215,0.0,0.0,0.0
GSM5050552,fibroblast,FN1,215,2.0373878237280816,0.8976744186046511,2.634274559418839
GSM5050552,fibroblast,DCN,215,4.020884413813575,1.0,4.253744749781134
GSM5050552,fibroblast,LUM,215,3.3785558249684913,0.9953488372093023,3.7287726545309994
GSM5050552,keratinocyte,COL1A1,874,0.10584088742589372,0.13501144164759726,0.39058587521262567
GSM5050552,keratinocyte,PDGFRA,874,0.0011662752495012433,0.0011441647597254005,0.0036549704874577816
GSM5050552,keratinocyte,KRT14,874,5.289475804636764,0.9748283752860412,5.927157693719106
GSM5050552,keratinocyte,KRT10,874,2.566326891191897,0.8913043478260869,5.0729869796451235
GSM5050552,keratinocyte,LYZ,874,0.002886643769812446,0.002288329519450801,0.007296630799187473
GSM5050552,keratinocyte,CD3D,874,0.001030857296544304,0.0011441647597254005,0.0009149957729651382
GSM5050552,keratinocyte,MS4A1,874,0.0,0.0,0.0
GSM5050552,keratinocyte,PECAM1,874,0.01933231215998793,0.018306636155606407,0.027092107380819533
GSM5050552,keratinocyte,CCL21,874,0.000935451410513685,0.0011441647597254005,0.0009149957729651382
GSM5050552,keratinocyte,RGS5,874,0.01444025119927323,0.012585812356979404,0.05260142166222616
GSM5050552,keratinocyte,TPSAB1,874,0.002356872046459693,0.004576659038901602,0.0036549704874577816
GSM5050552,keratinocyte,PMEL,874,0.013652244311641918,0.02402745995423341,0.021732086479552798
GSM5050552,keratinocyte,DCD,874,0.0,0.0,0.0
GSM5050552,keratinocyte,TIMP1,874,0.14067929645332805,0.18192219679633867,0.21940142909475743
GSM5050552,keratinocyte,CHI3L1,874,0.0139956076798553,0.02517162471395881,0.023521954214571292
GSM5050552,keratinocyte,FN1,874,0.010807240330407109,0.013729977116704805,0.03596212160220424
GSM5050552,keratinocyte,DCN,874,0.2543547784803145,0.2711670480549199,0.3912051081229924
GSM5050552,keratinocyte,LUM,874,0.021215037912701247,0.021739130434782608,0.0732313205452842
GSM5050552,lymphatic_ec,COL1A1,46,0.6196909531604163,0.32608695652173914,0.9471305079489741
GSM5050552,lymphatic_ec,PDGFRA,46,0.03493223514836784,0.021739130434782608,0.03688971600685456
GSM5050552,lymphatic_ec,KRT14,46,0.6005716277590107,0.3695652173913043,2.838120981964613
GSM5050552,lymphatic_ec,KRT10,46,0.6063092057400438,0.45652173913043476,0.855618478065303
GSM5050552,lymphatic_ec,LYZ,46,0.0,0.0,0.0
GSM5050552,lymphatic_ec,CD3D,46,0.0,0.0,0.0
GSM5050552,lymphatic_ec,MS4A1,46,0.0,0.0,0.0
GSM5050552,lymphatic_ec,PECAM1,46,1.1975357487389946,0.5869565217391305,1.7788084311795878
GSM5050552,lymphatic_ec,CCL21,46,3.424148053450111,0.9347826086956522,4.373885488609503
GSM5050552,lymphatic_ec,RGS5,46,0.37304476152550775,0.1956521739130435,0.8870622209161678
GSM5050552,lymphatic_ec,TPSAB1,46,0.0,0.0,0.0
GSM5050552,lymphatic_ec,PMEL,46,0.0,0.0,0.0
GSM5050552,lymphatic_ec,DCD,46,0.0,0.0,0.0
GSM5050552,lymphatic_ec,TIMP1,46,2.110079529185732,0.9565217391304348,2.5581890062514545
GSM5050552,lymphatic_ec,CHI3L1,46,0.0,0.0,0.0
GSM5050552,lymphatic_ec,FN1,46,1.4105846086014622,0.6956521739130435,2.0543447484412316
GSM5050552,lymphatic_ec,DCN,46,0.4479828015317727,0.1956521739130435,1.0831894603760717
GSM5050552,lymphatic_ec,LUM,46,0.6390842952255094,0.30434782608695654,1.1083129698119372
GSM5050552,mast,COL1A1,114,0.05637108606382869,0.02631578947368421,0.40161167757236177
GSM5050552,mast,PDGFRA,114,0.0,0.0,0.0
GSM5050552,mast,KRT14,114,0.8084093541040747,0.2543859649122807,4.085203669689426
GSM5050552,mast,KRT10,114,0.9361143727679909,0.42105263157894735,2.135159408307451
GSM5050552,mast,LYZ,114,0.09947659037245886,0.05263157894736842,0.23868655669342148
GSM5050552,mast,CD3D,114,0.0,0.0,0.0
GSM5050552,mast,MS4A1,114,0.0,0.0,0.0
GSM5050552,mast,PECAM1,114,0.021600385597707338,0.008771929824561403,0.23868655669342148
GSM5050552,mast,CCL21,114,0.0,0.0,0.0
GSM5050552,mast,RGS5,114,0.03214163545147324,0.008771929824561403,0.431237505249617
GSM5050552,mast,TPSAB1,114,4.744907596720282,0.9824561403508771,4.822602769665658
GSM5050552,mast,PMEL,114,0.0,0.0,0.0
GSM5050552,mast,DCD,114,0.0,0.0,0.0
GSM5050552,mast,TIMP1,114,1.5840685568994597,0.6491228070175439,2.0636047469756567
GSM5050552,mast,CHI3L1,114,0.0,0.0,0.0
GSM5050552,mast,FN1,114,0.047010692132181814,0.017543859649122806,0.3070733727049161
GSM5050552,mast,DCN,114,0.07370834339784235,0.043859649122807015,0.23868655669342148
GSM5050552,mast,LUM,114,0.017482004589764302,0.008771929824561403,0.08604941054830927
GSM5050552,melanocyte,COL1A1,17,0.6750231179439379,0.35294117647058826,1.6364799021094665
GSM5050552,melanocyte,PDGFRA,17,0.0,0.0,0.0
GSM5050552,melanocyte,KRT14,17,0.7590440423641698,0.29411764705882354,3.090168320087037
GSM5050552,melanocyte,KRT10,17,0.6794197161470381,0.47058823529411764,1.1682251977612166
GSM5050552,melanocyte,LYZ,17,0.0,0.0,0.0
GSM5050552,melanocyte,CD3D,17,0.0,0.0,0.0
GSM5050552,melanocyte,MS4A1,17,0.0,0.0,0.0
GSM5050552,melanocyte,PECAM1,17,0.0,0.0,0.0
GSM5050552,melanocyte,CCL21,17,0.0,0.0,0.0
GSM5050552,melanocyte,RGS5,17,0.49401347137565516,0.17647058823529413,1.8666848439247006
GSM5050552,melanocyte,TPSAB1,17,0.0,0.0,0.0
GSM5050552,melanocyte,PMEL,17,0.4007934240165804,0.17647058823529413,3.173943430593989
GSM5050552,melanocyte,DCD,17,0.0,0.0,0.0
GSM5050552,melanocyte,TIMP1,17,1.763238739173051,0.5294117647058824,3.800746768339057
GSM5050552,melanocyte,CHI3L1,17,0.0,0.0,0.0
GSM5050552,melanocyte,FN1,17,0.4725759038616375,0.23529411764705882,1.0718491297457315
GSM5050552,melanocyte,DCN,17,1.3733146712122317,0.35294117647058826,3.5757586046564813
GSM5050552,melanocyte,LUM,17,1.048874442063358,0.4117647058823529,2.415456962132844
GSM5050552,myeloid,COL1A1,66,0.09462411492816805,0.07575757575757576,0.11359149399972554
GSM5050552,myeloid,PDGFRA,66,0.0,0.0,0.0
GSM5050552,myeloid,KRT14,66,0.6075050738660466,0.4090909090909091,0.9032425696093824
GSM5050552,myeloid,KRT10,66,0.6686335092843236,0.5606060606060606,0.8532644983230396
GSM5050552,myeloid,LYZ,66,1.4695264423935768,0.7272727272727273,1.9650141577657874
GSM5050552,myeloid,CD3D,66,0.0,0.0,0.0
GSM5050552,myeloid,MS4A1,66,0.0,0.0,0.0
GSM5050552,myeloid,PECAM1,66,0.3712996068231485,0.3484848484848485,0.5977379935761957
GSM5050552,myeloid,CCL21,66,0.0,0.0,0.0
GSM5050552,myeloid,RGS5,66,0.0,0.0,0.0
GSM5050552,myeloid,TPSAB1,66,0.010737117887290126,0.015151515151515152,0.023774021920981468
GSM5050552,myeloid,PMEL,66,0.0,0.0,0.0
GSM5050552,myeloid,DCD,66,0.0,0.0,0.0
GSM5050552,myeloid,TIMP1,66,1.2319484176861404,0.696969696969697,1.7089336576347054
GSM5050552,myeloid,CHI3L1,66,0.0,0.0,0.0
GSM5050552,myeloid,FN1,66,0.04863236074139297,0.030303030303030304,0.04699594005159866
GSM5050552,myeloid,DCN,66,0.16004112439190363,0.06060606060606061,0.7677100197927291
GSM5050552,myeloid,LUM,66,0.08198295345515003,0.030303030303030304,0.17602763746238412
GSM5050552,pericyte_smc,COL1A1,248,2.1409444080603595,0.8548387096774194,3.108423049857776
GSM5050552,pericyte_smc,PDGFRA,248,0.004094947889044427,0.004032258064516129,0.013074594011879343
GSM5050552,pericyte_smc,KRT14,248,0.4077932222293821,0.32661290322580644,0.5483551577715002
GSM5050552,pericyte_smc,KRT10,248,0.893590643746252,0.6653225806451613,1.1161341070644484
GSM5050552,pericyte_smc,LYZ,248,0.002168941973041676,0.004032258064516129,0.006558664979814402
GSM5050552,pericyte_smc,CD3D,248,0.0,0.0,0.0
GSM5050552,pericyte_smc,MS4A1,248,0.0,0.0,0.0
GSM5050552,pericyte_smc,PECAM1,248,0.00303195006867667,0.004032258064516129,0.006558664979814402
GSM5050552,pericyte_smc,CCL21,248,0.24314011793105342,0.1814516129032258,0.5330274606574972
GSM5050552,pericyte_smc,RGS5,248,2.71041328535808,0.875,3.2972407327468782
GSM5050552,pericyte_smc,TPSAB1,248,0.0037641962320998906,0.004032258064516129,0.006558664979814402
GSM5050552,pericyte_smc,PMEL,248,0.008452162010270594,0.012096774193548387,0.019548340423474454
GSM5050552,pericyte_smc,DCD,248,0.0,0.0,0.0
GSM5050552,pericyte_smc,TIMP1,248,2.3509796519686494,0.9274193548387096,2.919730250101812
GSM5050552,pericyte_smc,CHI3L1,248,0.0,0.0,0.0
GSM5050552,pericyte_smc,FN1,248,1.269305109802618,0.6612903225806451,1.9184412184135353
GSM5050552,pericyte_smc,DCN,248,0.983211368149583,0.5040322580645161,1.6419591837663763
GSM5050552,pericyte_smc,LUM,248,0.9557232874126692,0.5362903225806451,1.5610637027410128
GSM5050552,sweat_gland,COL1A1,1,0.0,0.0,0.0
GSM5050552,sweat_gland,PDGFRA,1,0.0,0.0,0.0
GSM5050552,sweat_gland,KRT14,1,5.080612585084292,1.0,5.080612585084292
GSM5050552,sweat_gland,KRT10,1,2.1597723687411494,1.0,2.1597723687411494
GSM5050552,sweat_gland,LYZ,1,0.0,0.0,0.0
GSM5050552,sweat_gland,CD3D,1,0.0,0.0,0.0
GSM5050552,sweat_gland,MS4A1,1,0.0,0.0,0.0
GSM5050552,sweat_gland,PECAM1,1,0.0,0.0,0.0
GSM5050552,sweat_gland,CCL21,1,0.0,0.0,0.0
GSM5050552,sweat_gland,RGS5,1,0.0,0.0,0.0
GSM5050552,sweat_gland,TPSAB1,1,0.0,0.0,0.0
GSM5050552,sweat_gland,PMEL,1,0.0,0.0,0.0
GSM5050552,sweat_gland,DCD,1,0.0,0.0,0.0
GSM5050552,sweat_gland,TIMP1,1,0.0,0.0,0.0
GSM5050552,sweat_gland,CHI3L1,1,0.0,0.0,0.0
GSM5050552,sweat_gland,FN1,1,0.0,0.0,0.0
GSM5050552,sweat_gland,DCN,1,0.0,0.0,0.0
GSM5050552,sweat_gland,LUM,1,0.0,0.0,0.0
GSM5050552,t_cell,COL1A1,67,0.016852500588997583,0.014925373134328358,0.042921175096918396
GSM5050552,t_cell,PDGFRA,67,0.0,0.0,0.0
GSM5050552,t_cell,KRT14,67,0.697732289741965,0.3880597014925373,1.5059531438458562
GSM5050552,t_cell,KRT10,67,0.7878587285681777,0.4925373134328358,1.104381630747163
GSM5050552,t_cell,LYZ,67,0.0,0.0,0.0
GSM5050552,t_cell,CD3D,67,1.4480568419601514,0.746268656716418,1.8415854118143244
GSM5050552,t_cell,MS4A1,67,0.10019639149122835,0.07462686567164178,0.1982589204298435
GSM5050552,t_cell,PECAM1,67,0.048246386345107195,0.029850746268656716,0.12360324698186362
GSM5050552,t_cell,CCL21,67,0.0,0.0,0.0
GSM5050552,t_cell,RGS5,67,0.02488376260073474,0.014925373134328358,0.042921175096918396
GSM5050552,t_cell,TPSAB1,67,0.0,0.0,0.0
GSM5050552,t_cell,PMEL,67,0.0,0.0,0.0
GSM5050552,t_cell,DCD,67,0.0,0.0,0.0
GSM5050552,t_cell,TIMP1,67,1.019476002050253,0.6119402985074627,1.4354319684224954
GSM5050552,t_cell,CHI3L1,67,0.0,0.0,0.0
GSM5050552,t_cell,FN1,67,0.012132531176975601,0.014925373134328358,0.042921175096918396
GSM5050552,t_cell,DCN,67,0.0,0.0,0.0
GSM5050552,t_cell,LUM,67,0.0,0.0,0.0
GSM5050555,b_plasma,COL1A1,8,0.9506736920392299,0.5,1.785697321910745
GSM5050555,b_plasma,PDGFRA,8,0.0,0.0,0.0
GSM5050555,b_plasma,KRT14,8,0.7510903628520704,0.375,0.7433899550574147
GSM5050555,b_plasma,KRT10,8,1.2017261574134506,0.75,1.4607425474542737
GSM5050555,b_plasma,LYZ,8,0.2841548514652909,0.125,0.4392391877922726
GSM5050555,b_plasma,CD3D,8,0.0,0.0,0.0
GSM5050555,b_plasma,MS4A1,8,0.6139856512066129,0.25,0.8666028314900242
GSM5050555,b_plasma,PECAM1,8,0.0,0.0,0.0
GSM5050555,b_plasma,CCL21,8,0.0,0.0,0.0
GSM5050555,b_plasma,RGS5,8,0.9980796885386861,0.375,2.3125537168805854
GSM5050555,b_plasma,TPSAB1,8,0.0,0.0,0.0
GSM5050555,b_plasma,PMEL,8,0.0,0.0,0.0
GSM5050555,b_plasma,DCD,8,0.35129229069568846,0.25,0.7433899550574147
GSM5050555,b_plasma,TIMP1,8,0.8998201525794829,0.5,1.5227729342662681
GSM5050555,b_plasma,CHI3L1,8,0.0,0.0,0.0
GSM5050555,b_plasma,FN1,8,0.15166457213415035,0.125,0.24354456784231987
GSM5050555,b_plasma,DCN,8,0.20191002537618852,0.25,0.4392391877922726
GSM5050555,b_plasma,LUM,8,0.39865348444996695,0.25,0.7433899550574147
GSM5050555,endothelial,COL1A1,181,0.18034011746575523,0.12154696132596685,0.3139758046719844
GSM5050555,endothelial,PDGFRA,181,0.013745049486775168,0.011049723756906077,0.020284897489127304
GSM5050555,endothelial,KRT14,181,0.20972689265366215,0.13812154696132597,0.336182671531897
GSM5050555,endothelial,KRT10,181,1.0375268359758318,0.6629834254143646,1.2929371874079045
GSM5050555,endothelial,LYZ,181,0.019182610687741963,0.011049723756906077,0.020284897489127304
GSM5050555,endothelial,CD3D,181,0.005240746954024294,0.0055248618784530384,0.010193882496015392
GSM5050555,endothelial,MS4A1,181,0.0,0.0,0.0
GSM5050555,endothelial,PECAM1,181,2.2140471789963265,0.8839779005524862,2.4962932923952144
GSM5050555,endothelial,CCL21,181,0.0031747037643768496,0.0055248618784530384,0.010193882496015392
GSM5050555,endothelial,RGS5,181,0.07082297779458022,0.03867403314917127,0.18641345881555238
GSM5050555,endothelial,TPSAB1,181,0.0,0.0,0.0
GSM5050555,endothelial,PMEL,181,0.0042522270530012205,0.0055248618784530384,0.010193882496015392
GSM5050555,endothelial,DCD,181,0.4891489050900202,0.35359116022099446,0.7254138569693902
GSM5050555,endothelial,TIMP1,181,0.9236155974976542,0.6022099447513812,1.3449896306763824
GSM5050555,endothelial,CHI3L1,181,0.0,0.0,0.0
GSM5050555,endothelial,FN1,181,0.8181173375073119,0.3756906077348066,1.3868149793946467
GSM5050555,endothelial,DCN,181,0.3164477713447656,0.16022099447513813,1.6065739468994944
GSM5050555,endothelial,LUM,181,0.043401867887035143,0.03314917127071823,0.298892437329938
GSM5050555,fibroblast,COL1A1,901,4.012875668469028,0.9866814650388457,4.696740951866181
GSM5050555,fibroblast,PDGFRA,901,1.3644462481941853,0.8379578246392897,1.5946686252503184
GSM5050555,fibroblast,KRT14,901,0.14114905271834932,0.14428412874583796,0.24601105692670172
GSM5050555,fibroblast,KRT10,901,1.3891896617386648,0.8923418423973363,1.5163978072562008
GSM5050555,fibroblast,LYZ,901,0.007203595677414013,0.008879023307436182,0.013056917285246416
GSM5050555,fibroblast,CD3D,901,0.00220557412398373,0.0022197558268590455,0.0029163058967563503
GSM5050555,fibroblast,MS4A1,901,0.0,0.0,0.0
GSM5050555,fibroblast,PECAM1,901,0.005492173451395164,0.004439511653718091,0.005824131678047292
GSM5050555,fibroblast,CCL21,901,0.014169303392293449,0.014428412874583796,0.021667767626328677
GSM5050555,fibroblast,RGS5,901,0.029131235543764886,0.02885682574916759,0.06227255638296531
GSM5050555,fibroblast,TPSAB1,901,0.0037613023840788553,0.005549389567147614,0.00727487990913461
GSM5050555,fibroblast,PMEL,901,0.0019302371751414855,0.0022197558268590455,0.0029163058967563503
GSM5050555,fibroblast,DCD,901,0.40753971407909595,0.36293007769145397,0.585480267547965
GSM5050555,fibroblast,TIMP1,901,2.141266738475719,0.9500554938956715,2.485053202607741
GSM5050555,fibroblast,CHI3L1,901,0.0008012061476808873,0.0011098779134295228,0.0014592160530118765
GSM5050555,fibroblast,FN1,901,1.5723529542407775,0.8523862375138734,1.9594204497860463
GSM5050555,fibroblast,DCN,901,4.253853612092836,0.974472807991121,4.655847776782915
GSM5050555,fibroblast,LUM,901,2.716921485137948,0.93007769145394,3.1891034242240996
GSM5050555,keratinocyte,COL1A1,393,0.17302840235010275,0.1450381679389313,0.1922827036821057
GSM5050555,keratinocyte,PDGFRA,393,0.017602221263254673,0.007633587786259542,0.008334113117541045
GSM5050555,keratinocyte,KRT14,393,3.3472904013589972,0.7557251908396947,5.168898187583438
GSM5050555,keratinocyte,KRT10,393,3.3420940934227357,0.9440203562340967,5.106709078699738
GSM5050555,keratinocyte,LYZ,393,0.006997236927163098,0.002544529262086514,0.002785762330906834
GSM5050555,keratinocyte,CD3D,393,0.0,0.0,0.0
GSM5050555,keratinocyte,MS4A1,393,0.0,0.0,0.0
GSM5050555,keratinocyte,PECAM1,393,0.013669074168581994,0.007633587786259542,0.03562328886882547
GSM5050555,keratinocyte,CCL21,393,0.021792491863221367,0.015267175572519083,0.016599342483195664
GSM5050555,keratinocyte,RGS5,393,0.018693759765717934,0.01272264631043257,0.0193393074380171
GSM5050555,keratinocyte,TPSAB1,393,0.005621886398509972,0.007633587786259542,0.013851849489134274
GSM5050555,keratinocyte,PMEL,393,0.008911222150575356,0.017811704834605598,0.02207178549405404
GSM5050555,keratinocyte,DCD,393,0.39924113995608773,0.3333333333333333,0.43074402766866554
GSM5050555,keratinocyte,TIMP1,393,0.08237335951864189,0.0737913486005089,0.11079435091639599
GSM5050555,keratinocyte,CHI3L1,393,0.03209867147957116,0.035623409669211195,0.04633380209642766
GSM5050555,keratinocyte,FN1,393,0.01678708750384945,0.015267175572519083,0.016599342483195664
GSM5050555,keratinocyte,DCN,393,0.401066772507726,0.3231552162849873,0.6246434535089037
GSM5050555,keratinocyte,LUM,393,0.0627264796481538,0.04580152671755725,0.056930814805719515
GSM5050555,lymphatic_ec,COL1A1,60,0.499619653792392,0.3333333333333333,1.2566575289249284
GSM5050555,lymphatic_ec,PDGFRA,60,0.026877426894347835,0.016666666666666666,0.06487990134313862
GSM5050555,lymphatic_ec,KRT14,60,0.470574702522432,0.25,1.3735530794934068
GSM5050555,lymphatic_ec,KRT10,60,1.392540461841269,0.75,1.6270583429383836
GSM5050555,lymphatic_ec,LYZ,60,0.05378937852614772,0.016666666666666666,0.06487990134313862
GSM5050555,lymphatic_ec,CD3D,60,0.025027847393047142,0.016666666666666666,0.06487990134313862
GSM5050555,lymphatic_ec,MS4A1,60,0.0,0.0,0.0
GSM5050555,lymphatic_ec,PECAM1,60,0.8287375811118776,0.45,1.2177561176895804
GSM5050555,lymphatic_ec,CCL21,60,2.177640895270335,0.6,3.781908746884111
GSM5050555,lymphatic_ec,RGS5,60,0.0586490046641422,0.03333333333333333,0.06487990134313862
GSM5050555,lymphatic_ec,TPSAB1,60,0.0,0.0,0.0
GSM5050555,lymphatic_ec,PMEL,60,0.0,0.0,0.0
GSM5050555,lymphatic_ec,DCD,60,0.46586129853472424,0.3333333333333333,0.7605837254677403
GSM5050555,lymphatic_ec,TIMP1,60,1.3704347894837505,0.7,2.1170220379232663
GSM5050555,lymphatic_ec,CHI3L1,60,0.0,0.0,0.0
GSM5050555,lymphatic_ec,FN1,60,1.8288259149592752,0.7166666666666667,2.6417325886655094
GSM5050555,lymphatic_ec,DCN,60,1.2831191164725004,0.43333333333333335,3.130506943998738
GSM5050555,lymphatic_ec,LUM,60,0.5419074015948915,0.2,2.0502853044416294
GSM5050555,mast,COL1A1,363,0.14033563136543606,0.06887052341597796,0.9105861144264991
GSM5050555,mast,PDGFRA,363,0.027795850012169745,0.01928374655647383,0.08054223600699988
GSM5050555,mast,KRT14,363,0.21883800817527052,0.1046831955922865,1.7971577808728827
GSM5050555,mast,KRT10,363,1.4305706755463494,0.6694214876033058,2.521149790162432
GSM5050555,mast,LYZ,363,0.09196520712296546,0.046831955922865015,0.6284446511132641
GSM5050555,mast,CD3D,363,0.005022797733677632,0.0027548209366391185,0.011910872263105103
GSM5050555,mast,MS4A1,363,0.0,0.0,0.0
GSM5050555,mast,PECAM1,363,0.022124813915491866,0.011019283746556474,0.13434299950013506
GSM5050555,mast,CCL21,363,0.013669201366747947,0.008264462809917356,0.0915364440163887
GSM5050555,mast,RGS5,363,0.0608173551936311,0.024793388429752067,0.5062239952069642
GSM5050555,mast,TPSAB1,363,3.676103874806946,0.9752066115702479,3.8427106489725866
GSM5050555,mast,PMEL,363,0.0,0.0,0.0
GSM5050555,mast,DCD,363,0.4561156877413076,0.2231404958677686,0.9937911321895131
GSM5050555,mast,TIMP1,363,1.514740382418342,0.6721763085399449,2.0125416002693557
GSM5050555,mast,CHI3L1,363,0.0,0.0,0.0
GSM5050555,mast,FN1,363,0.05293560130931914,0.030303030303030304,0.2148224535770633
GSM5050555,mast,DCN,363,0.2809518078593995,0.12947658402203857,1.580674732631404
GSM5050555,mast,LUM,363,0.08373367513680399,0.04132231404958678,0.6348158078542389
GSM5050555,melanocyte,COL1A1,74,0.6067569680205149,0.32432432432432434,1.1692618043762888
GSM5050555,melanocyte,PDGFRA,74,0.03531310492697405,0.013513513513513514,0.05149885189166484
GSM5050555,melanocyte,KRT14,74,0.3972449351689772,0.17567567567567569,2.0427377670331412
GSM5050555,melanocyte,KRT10,74,1.3514162660676083,0.6351351351351351,1.7033067063355172
GSM5050555,melanocyte,LYZ,74,0.0,0.0,0.0
GSM5050555,melanocyte,CD3D,74,0.0,0.0,0.0
GSM5050555,melanocyte,MS4A1,74,0.0,0.0,0.0
GSM5050555,melanocyte,PECAM1,74,0.0,0.0,0.0
GSM5050555,melanocyte,CCL21,74,0.0,0.0,0.0
GSM5050555,melanocyte,RGS5,74,0.16766720918396869,0.06756756756756757,0.5837338313774348
GSM5050555,melanocyte,TPSAB1,74,0.0,0.0,0.0
GSM5050555,melanocyte,PMEL,74,0.15111985711997758,0.05405405405405406,1.4775669828787292
GSM5050555,melanocyte,DCD,74,0.09130599187476723,0.05405405405405406,0.2754231365929817
GSM5050555,melanocyte,TIMP1,74,1.2099205998856057,0.5135135135135135,2.0149431841986005
GSM5050555,melanocyte,CHI3L1,74,0.0,0.0,0.0
GSM5050555,melanocyte,FN1,74,0.7328342564750157,0.3918918918918919,1.5361164965966423
GSM5050555,melanocyte,DCN,74,1.384634635531189,0.43243243243243246,3.1775899817842
GSM5050555,melanocyte,LUM,74,0.571849166839433,0.20270270270270271,2.3115301792887504
GSM5050555,myeloid,COL1A1,204,0.20696377377714092,0.11764705882352941,0.3824929120880815
GSM5050555,myeloid,PDGFRA,204,0.009853545404799253,0.00980392156862745,0.018839157462055136
GSM5050555,myeloid,KRT14,204,0.1660679584788812,0.13725490196078433,0.28728975474073765
GSM5050555,myeloid,KRT10,204,1.2050266596821857,0.7303921568627451,1.3110391812479216
GSM5050555,myeloid,LYZ,204,2.325504477924105,0.7843137254901961,3.4075843331533724
GSM5050555,myeloid,CD3D,204,0.0070575216465235775,0.004901960784313725,0.009463942306716417
GSM5050555,myeloid,MS4A1,204,0.0,0.0,0.0
GSM5050555,myeloid,PECAM1,204,0.342650825765958,0.27941176470588236,0.613177767716878
GSM5050555,myeloid,CCL21,204,0.009325302145918604,0.00980392156862745,0.018839157462055136
GSM5050555,myeloid,RGS5,204,0.005868582153801609,0.004901960784313725,0.018839157462055136
GSM5050555,myeloid,TPSAB1,204,0.022235925940609223,0.014705882352941176,0.02812729370979188
GSM5050555,myeloid,PMEL,204,0.0,0.0,0.0
GSM5050555,myeloid,DCD,204,0.580516747905899,0.3872549019607843,0.8705795483493171
GSM5050555,myeloid,TIMP1,204,0.8818274770324367,0.5343137254901961,1.3803455461517298
GSM5050555,myeloid,CHI3L1,204,0.0045094168955742645,0.004901960784313725,0.018839157462055136
GSM5050555,myeloid,FN1,204,0.04448175155866565,0.0196078431372549,0.09083533732782809
GSM5050555,myeloid,DCN,204,0.30436051457478913,0.19607843137254902,0.6971092730750698
GSM5050555,myeloid,LUM,204,0.037676498621812986,0.029411764705882353,0.12497854202712076
GSM5050555,pericyte_smc,COL1A1,958,1.3182337160068436,0.7724425887265136,1.786486413336814
GSM5050555,pericyte_smc,PDGFRA,958,0.007642874628961589,0.009394572025052192,0.01611156488539986
GSM5050555,pericyte_smc,KRT14,958,0.1838550944866122,0.14718162839248433,0.6408985338504519
GSM5050555,pericyte_smc,KRT10,958,1.211866813814564,0.824634655532359,1.36035656412477
GSM5050555,pericyte_smc,LYZ,958,0.005800428480110251,0.006263048016701462,0.009698055080096342
GSM5050555,pericyte_smc,CD3D,958,0.0,0.0,0.0
GSM5050555,pericyte_smc,MS4A1,958,0.0,0.0,0.0
GSM5050555,pericyte_smc,PECAM1,958,0.012395300772626792,0.010438413361169102,0.01611156488539986
GSM5050555,pericyte_smc,CCL21,958,0.047656561651459164,0.04279749478079332,0.09447031964183107
GSM5050555,pericyte_smc,RGS5,958,2.473725865526691,0.7901878914405011,3.3354759184704363
GSM5050555,pericyte_smc,TPSAB1,958,0.005347931320961115,0.006263048016701462,0.009698055080096342
GSM5050555,pericyte_smc,PMEL,958,0.0008793853882079958,0.0010438413361169101,0.0016228880056276015
GSM5050555,pericyte_smc,DCD,958,0.40227314606113856,0.3246346555323591,0.5989594762332521
GSM5050555,pericyte_smc,TIMP1,958,1.274844535148086,0.8162839248434238,1.5673952323533442
GSM5050555,pericyte_smc,CHI3L1,958,0.0015158567431571102,0.0020876826722338203,0.003243146512582062
GSM5050555,pericyte_smc,FN1,958,0.586772344087605,0.4144050104384134,0.9510681566171625
GSM5050555,pericyte_smc,DCN,958,0.7281722459774238,0.3914405010438413,1.547204179325681
GSM5050555,pericyte_smc,LUM,958,0.47858829966871147,0.3058455114822547,0.9061509721213659
GSM5050555,sweat_gland,COL1A1,201,0.6244911438451981,0.2835820895522388,1.5416544053946593
GSM5050555,sweat_gland,PDGFRA,201,0.04771353998110903,0.024875621890547265,0.22321225676017
GSM5050555,sweat_gland,KRT14,201,1.232388032853149,0.3582089552238806,3.29323932958078
GSM5050555,sweat_gland,KRT10,201,1.534668420594383,0.7114427860696517,1.7286723521627645
GSM5050555,sweat_gland,LYZ,201,0.0828954838646185,0.029850746268656716,0.22321225676017
GSM5050555,sweat_gland,CD3D,201,0.0,0.0,0.0
GSM5050555,sweat_gland,MS4A1,201,0.0,0.0,0.0
GSM5050555,sweat_gland,PECAM1,201,0.02601628936899128,0.009950248756218905,0.025984295057571202
GSM5050555,sweat_gland,CCL21,201,0.005220363828509229,0.004975124378109453,0.01307654310325942
GSM5050555,sweat_gland,RGS5,201,0.2365380480323421,0.09950248756218906,0.625253377639366
GSM5050555,sweat_gland,TPSAB1,201,0.0,0.0,0.0
GSM5050555,sweat_gland,PMEL,201,0.007649993599746669,0.004975124378109453,0.01307654310325942
GSM5050555,sweat_gland,DCD,201,2.5022054765776374,0.8159203980099502,7.012233214291209
GSM5050555,sweat_gland,TIMP1,201,0.6798580938229297,0.31840796019900497,1.2301913811100849
GSM5050555,sweat_gland,CHI3L1,201,0.01396421009495943,0.009950248756218905,0.10011617602472866
GSM5050555,sweat_gland,FN1,201,0.3752853153129194,0.1890547263681592,0.9627838000927411
GSM5050555,sweat_gland,DCN,201,1.1555825356691707,0.35323383084577115,2.7980851549772523
GSM5050555,sweat_gland,LUM,201,0.4785227460314898,0.20398009950248755,1.5188597007284697
GSM5050555,t_cell,COL1A1,122,0.10588293906300231,0.07377049180327869,0.22543442783720632
GSM5050555,t_cell,PDGFRA,122,0.0,0.0,0.0
GSM5050555,t_cell,KRT14,122,0.18908261193912257,0.12295081967213115,0.3367383135057583
GSM5050555,t_cell,KRT10,122,1.2524098527049379,0.7459016393442623,1.440795022049961
GSM5050555,t_cell,LYZ,122,0.013268713294525714,0.00819672131147541,0.02085329069786005
GSM5050555,t_cell,CD3D,122,1.306447225162108,0.6639344262295082,1.7730453890384639
GSM5050555,t_cell,MS4A1,122,0.232898898431395,0.1557377049180328,0.43688511326836577
GSM5050555,t_cell,PECAM1,122,0.047183392983965795,0.03278688524590164,0.08092443521659527
GSM5050555,t_cell,CCL21,122,0.03490475053515242,0.02459016393442623,0.06129895398737139
GSM5050555,t_cell,RGS5,122,0.056191945965638056,0.03278688524590164,0.3367383135057583
GSM5050555,t_cell,TPSAB1,122,0.0,0.0,0.0
GSM5050555,t_cell,PMEL,122,0.01481081090848711,0.00819672131147541,0.02085329069786005
GSM5050555,t_cell,DCD,122,0.5989154158904446,0.4180327868852459,0.9314841291456231
GSM5050555,t_cell,TIMP1,122,0.7659248429730275,0.45901639344262296,1.301872662912481
GSM5050555,t_cell,CHI3L1,122,0.0,0.0,0.0
GSM5050555,t_cell,FN1,122,0.023061478714021293,0.02459016393442623,0.06129895398737139
GSM5050555,t_cell,DCN,122,0.162874997988495,0.10655737704918032,0.38089182751581235
GSM5050555,t_cell,LUM,122,0.03626165803118516,0.03278688524590164,0.08092443521659527
GSM5050556,b_plasma,COL1A1,11,0.24339097718176902,0.18181818181818182,0.443266033304109
GSM5050556,b_plasma,PDGFRA,11,0.0,0.0,0.0
GSM5050556,b_plasma,KRT14,11,1.285511526846184,0.36363636363636365,3.571861687813246
GSM5050556,b_plasma,KRT10,11,1.5009872506007986,0.8181818181818182,1.7951006016378899
GSM5050556,b_plasma,LYZ,11,0.4101283147920926,0.18181818181818182,0.7493258891011914
GSM5050556,b_plasma,CD3D,11,0.19802287965452256,0.09090909090909091,0.443266033304109
GSM5050556,b_plasma,MS4A1,11,0.7104984350062663,0.36363636363636365,0.8731605571846426
GSM5050556,b_plasma,PECAM1,11,0.0,0.0,0.0
GSM5050556,b_plasma,CCL21,11,0.10161573516822221,0.09090909090909091,0.24599513458719016
GSM5050556,b_plasma,RGS5,11,0.6651497147285659,0.18181818181818182,2.295015237581517
GSM5050556,b_plasma,TPSAB1,11,0.0,0.0,0.0
GSM5050556,b_plasma,PMEL,11,0.0,0.0,0.0
GSM5050556,b_plasma,DCD,11,0.49493503540424383,0.36363636363636365,0.7493258891011914
GSM5050556,b_plasma,TIMP1,11,0.9522130382186466,0.5454545454545454,1.2556274791908277
GSM5050556,b_plasma,CHI3L1,11,0.0,0.0,0.0
GSM5050556,b_plasma,FN1,11,0.10161573516822221,0.09090909090909091,0.24599513458719016
GSM5050556,b_plasma,DCN,11,0.2626801070339555,0.18181818181818182,0.443266033304109
GSM5050556,b_plasma,LUM,11,0.32953706268473415,0.18181818181818182,0.7493258891011914
GSM5050556,endothelial,COL1A1,234,0.17263824370657818,0.10256410256410256,0.759346212690627
GSM5050556,endothelial,PDGFRA,234,0.018616082059751543,0.017094017094017096,0.05103170328003673
GSM5050556,endothelial,KRT14,234,0.36096952415098094,0.27350427350427353,0.8528412061005101
GSM5050556,endothelial,KRT10,234,1.4057161689502233,0.8205128205128205,1.7399579932278448
GSM5050556,endothelial,LYZ,234,0.0,0.0,0.0
GSM5050556,endothelial,CD3D,234,0.0,0.0,0.0
GSM5050556,endothelial,MS4A1,234,0.0,0.0,0.0
GSM5050556,endothelial,PECAM1,234,2.4429398752480718,0.9572649572649573,2.596998825278572
GSM5050556,endothelial,CCL21,234,0.0038484419577696754,0.004273504273504274,0.007451632624523274
GSM5050556,endothelial,RGS5,234,0.045997737790693626,0.038461538461538464,0.06514632340997367
GSM5050556,endothelial,TPSAB1,234,0.01913393559093316,0.01282051282051282,0.06514632340997367
GSM5050556,endothelial,PMEL,234,0.011841339873384359,0.01282051282051282,0.022190358108009078
GSM5050556,endothelial,DCD,234,0.3878818398377687,0.3162393162393162,0.5368144810621365
GSM5050556,endothelial,TIMP1,234,1.0258382656928058,0.6752136752136753,1.33232393190965
GSM5050556,endothelial,CHI3L1,234,0.0,0.0,0.0
GSM5050556,endothelial,FN1,234,0.7171847848854787,0.36324786324786323,1.509137478612234
GSM5050556,endothelial,DCN,234,0.2689635813231863,0.1623931623931624,1.3823632911459034
GSM5050556,endothelial,LUM,234,0.10546606479089085,0.05982905982905983,0.616621917768468
GSM5050556,fibroblast,COL1A1,1020,4.480111106333035,0.9921568627450981,5.141469602500398
GSM5050556,fibroblast,PDGFRA,1020,1.2227488757629945,0.7686274509803922,1.4574652337534229
GSM5050556,fibroblast,KRT14,1020,0.3354866796050145,0.28431372549019607,0.8661717687023858
GSM5050556,fibroblast,KRT10,1020,1.5355930194972258,0.9058823529411765,1.709284026696881
GSM5050556,fibroblast,LYZ,1020,0.007032640661614546,0.00784313725490196,0.015605797670169824
GSM5050556,fibroblast,CD3D,1020,0.0,0.0,0.0
GSM5050556,fibroblast,MS4A1,1020,0.0,0.0,0.0
GSM5050556,fibroblast,PECAM1,1020,0.014548316615447365,0.016666666666666666,0.026386734693762355
GSM5050556,fibroblast,CCL21,1020,0.015646727585371722,0.016666666666666666,0.026386734693762355
GSM5050556,fibroblast,RGS5,1020,0.0632424121949325,0.047058823529411764,0.21942463125721082
GSM5050556,fibroblast,TPSAB1,1020,0.0077681920290251704,0.006862745098039216,0.010949576822760602
GSM5050556,fibroblast,PMEL,1020,0.0009204826506071322,0.000980392156862745,0.001571584818530283
GSM5050556,fibroblast,DCD,1020,0.32822651512880774,0.27647058823529413,0.48320612895102566
GSM5050556,fibroblast,TIMP1,1020,2.172405745646237,0.9401960784313725,2.504915159153783
GSM5050556,fibroblast,CHI3L1,1020,0.0,0.0,0.0
GSM5050556,fibroblast,FN1,1020,1.7520966439273626,0.842156862745098,2.163383794340428
GSM5050556,fibroblast,DCN,1020,4.265747702542613,0.9794117647058823,4.636626009538211
GSM5050556,fibroblast,LUM,1020,2.8680792660348735,0.95,3.326762741853309
GSM5050556,keratinocyte,COL1A1,908,0.27335404577734035,0.22026431718061673,0.45240583583225713
GSM5050556,keratinocyte,PDGFRA,908,0.009088643161473993,0.00881057268722467,0.01452544649814593
GSM5050556,keratinocyte,KRT14,908,3.115910722322814,0.802863436123348,4.864680355473331
GSM5050556,keratinocyte,KRT10,908,3.9285956599811622,0.9658590308370044,5.662448442774787
GSM5050556,keratinocyte,LYZ,908,0.01114575665572592,0.007709251101321586,0.01884225400337223
GSM5050556,keratinocyte,CD3D,908,0.0019192900677545961,0.0022026431718061676,0.0029220174339573803
GSM5050556,keratinocyte,MS4A1,908,0.0,0.0,0.0
GSM5050556,keratinocyte,PECAM1,908,0.015693626307017566,0.016519823788546256,0.02314050675019184
GSM5050556,keratinocyte,CCL21,908,0.008944542346773273,0.011013215859030838,0.01452544649814593
GSM5050556,keratinocyte,RGS5,908,0.09168125432195542,0.06387665198237885,0.261195620470672
GSM5050556,keratinocyte,TPSAB1,908,0.005755626211623059,0.004405286343612335,0.01308235963552787
GSM5050556,keratinocyte,PMEL,908,0.015327112663154157,0.02092511013215859,0.027420363562511114
GSM5050556,keratinocyte,DCD,908,0.3657424501670316,0.31277533039647576,0.5058625710576651
GSM5050556,keratinocyte,TIMP1,908,0.10905690578632762,0.08590308370044053,0.2452944900425837
GSM5050556,keratinocyte,CHI3L1,908,0.026980593088541855,0.031938325991189426,0.04715434728642658
GSM5050556,keratinocyte,FN1,908,0.04238595593941446,0.030837004405286344,0.08145318628419394
GSM5050556,keratinocyte,DCN,908,0.4947536139370802,0.3898678414096916,0.9173502776847561
GSM5050556,keratinocyte,LUM,908,0.07978660696059783,0.06387665198237885,0.19481186508942105
GSM5050556,lymphatic_ec,COL1A1,69,0.7842012336687906,0.4057971014492754,1.5887643002875498
GSM5050556,lymphatic_ec,PDGFRA,69,0.044451223633807393,0.028985507246376812,0.08676837111914969
GSM5050556,lymphatic_ec,KRT14,69,0.5133346642635027,0.34782608695652173,1.0014537815219462
GSM5050556,lymphatic_ec,KRT10,69,1.5006985551428023,0.8260869565217391,1.6601822065723493
GSM5050556,lymphatic_ec,LYZ,69,0.06292822409691787,0.028985507246376812,0.21649542311431488
GSM5050556,lymphatic_ec,CD3D,69,0.0,0.0,0.0
GSM5050556,lymphatic_ec,MS4A1,69,0.0,0.0,0.0
GSM5050556,lymphatic_ec,PECAM1,69,0.7968292195370701,0.4492753623188406,1.1928052750536235
GSM5050556,lymphatic_ec,CCL21,69,2.516799888959086,0.6376811594202898,4.5046362126198405
GSM5050556,lymphatic_ec,RGS5,69,0.09255613031404683,0.043478260869565216,0.37378187278058284
GSM5050556,lymphatic_ec,TPSAB1,69,0.01859740123992667,0.014492753623188406,0.02976720311464916
GSM5050556,lymphatic_ec,PMEL,69,0.0,0.0,0.0
GSM5050556,lymphatic_ec,DCD,69,0.485811077968997,0.2898550724637681,1.1264909078546501
GSM5050556,lymphatic_ec,TIMP1,69,1.4910111854707255,0.7391304347826086,2.160390859567588
GSM5050556,lymphatic_ec,CHI3L1,69,0.0,0.0,0.0
GSM5050556,lymphatic_ec,FN1,69,1.5863486984075676,0.6956521739130435,2.2938802358198696
GSM5050556,lymphatic_ec,DCN,69,1.2582802516095193,0.4057971014492754,2.9944722835080317
GSM5050556,lymphatic_ec,LUM,69,0.8771728492530932,0.3333333333333333,2.1878748848813876
GSM5050556,mast,COL1A1,166,0.36770906036521056,0.13253012048192772,2.2563519562595054
GSM5050556,mast,PDGFRA,166,0.056303669604802216,0.024096385542168676,0.2078530467798141
GSM5050556,mast,KRT14,166,0.391068832465534,0.16265060240963855,1.63166389268864
GSM5050556,mast,KRT10,166,1.548908636363101,0.5662650602409639,3.1765779859492436
GSM5050556,mast,LYZ,166,0.0815180250291151,0.030120481927710843,0.2078530467798141
GSM5050556,mast,CD3D,166,0.013006277499730582,0.006024096385542169,0.04517071750646074
GSM5050556,mast,MS4A1,166,0.0,0.0,0.0
GSM5050556,mast,PECAM1,166,0.00891770206074024,0.006024096385542169,0.04517071750646074
GSM5050556,mast,CCL21,166,0.015208275282005959,0.012048192771084338,0.08838892017872826
GSM5050556,mast,RGS5,166,0.17546462804542318,0.060240963855421686,1.432281810640186
GSM5050556,mast,TPSAB1,166,3.9590497441196497,0.9397590361445783,4.032496357675849
GSM5050556,mast,PMEL,166,0.0,0.0,0.0
GSM5050556,mast,DCD,166,0.5588862826508111,0.20481927710843373,1.3986244639472716
GSM5050556,mast,TIMP1,166,1.1229051456535322,0.42771084337349397,1.9793270756819772
GSM5050556,mast,CHI3L1,166,0.0,0.0,0.0
GSM5050556,mast,FN1,166,0.18679490893918968,0.0783132530120482,1.0467075852394183
GSM5050556,mast,DCN,166,0.345123274327028,0.1144578313253012,2.211821442185918
GSM5050556,mast,LUM,166,0.12005700399138454,0.04819277108433735,1.0467075852394183
GSM5050556,melanocyte,COL1A1,33,0.8366477666070843,0.3333333333333333,3.0416476969578996
GSM5050556,melanocyte,PDGFRA,33,0.16282171289500966,0.06060606060606061,0.6068732589613502
GSM5050556,melanocyte,KRT14,33,1.1772070113851094,0.3333333333333333,4.41865622244186
GSM5050556,melanocyte,KRT10,33,1.247000394327423,0.6363636363636364,1.761751922680323
GSM5050556,melanocyte,LYZ,33,0.08160230196115377,0.030303030303030304,0.1701525984321561
GSM5050556,melanocyte,CD3D,33,0.0,0.0,0.0
GSM5050556,melanocyte,MS4A1,33,0.0,0.0,0.0
GSM5050556,melanocyte,PECAM1,33,0.0,0.0,0.0
GSM5050556,melanocyte,CCL21,33,0.05763060075982435,0.030303030303030304,0.0886909302758877
GSM5050556,melanocyte,RGS5,33,0.47137240212961157,0.18181818181818182,1.3055026675623407
GSM5050556,melanocyte,TPSAB1,33,0.0,0.0,0.0
GSM5050556,melanocyte,PMEL,33,0.8235798090767126,0.36363636363636365,2.657614816922536
GSM5050556,melanocyte,DCD,33,0.430226068414473,0.24242424242424243,0.656186836883245
GSM5050556,melanocyte,TIMP1,33,0.761384548837401,0.36363636363636365,1.3545531420410821
GSM5050556,melanocyte,CHI3L1,33,0.0,0.0,0.0
GSM5050556,melanocyte,FN1,33,0.5087008351051868,0.30303030303030304,1.0490218971450282
GSM5050556,melanocyte,DCN,33,0.9180707547966576,0.36363636363636365,2.597308166754446
GSM5050556,melanocyte,LUM,33,0.4198378269354926,0.18181818181818182,1.3545531420410821
GSM5050556,myeloid,COL1A1,125,0.1338459044583564,0.088,0.3225163378344558
GSM5050556,myeloid,PDGFRA,125,0.021412974680836378,0.016,0.05911344900613169
GSM5050556,myeloid,KRT14,125,0.42615505745679977,0.304,0.7827428973047692
GSM5050556,myeloid,KRT10,125,1.5155640425536467,0.808,1.6342624815203073
GSM5050556,myeloid,LYZ,125,2.60619102587652,0.792,3.762325201283495
GSM5050556,myeloid,CD3D,125,0.005007589330667294,0.008,0.015109177198024943
GSM5050556,myeloid,MS4A1,125,0.0,0.0,0.0
GSM5050556,myeloid,PECAM1,125,0.3109772884845752,0.248,0.437002742866233
GSM5050556,myeloid,CCL21,125,0.007387437840549928,0.008,0.029993460901478128
GSM5050556,myeloid,RGS5,125,0.06599493806135502,0.04,0.2179962191844474
GSM5050556,myeloid,TPSAB1,125,0.017258318522405128,0.016,0.029993460901478128
GSM5050556,myeloid,PMEL,125,0.0,0.0,0.0
GSM5050556,myeloid,DCD,125,0.26743574105232254,0.216,0.4171383943759965
GSM5050556,myeloid,TIMP1,125,1.011532808514023,0.576,1.6193004834628488
GSM5050556,myeloid,CHI3L1,125,0.0,0.0,0.0
GSM5050556,myeloid,FN1,125,0.015509292176998176,0.016,0.04465944792231743
GSM5050556,myeloid,DCN,125,0.30826546850928827,0.216,0.7757589556636281
GSM5050556,myeloid,LUM,125,0.07382787342673842,0.064,0.12840647835082072
GSM5050556,pericyte_smc,COL1A1,1357,1.5356230110472657,0.7877671333824613,2.0765728695152834
GSM5050556,pericyte_smc,PDGFRA,1357,0.007678204652954694,0.006632277081798084,0.013177215209908003
GSM5050556,pericyte_smc,KRT14,1357,0.41238147701562045,0.288135593220339,1.2373731744361145
GSM5050556,pericyte_smc,KRT10,1357,1.4431569312976706,0.8415622697126013,1.6974106693514979
GSM5050556,pericyte_smc,LYZ,1357,0.005626796607289411,0.0029476787030213707,0.0218665373342485
GSM5050556,pericyte_smc,CD3D,1357,0.0018077796668568037,0.0014738393515106854,0.002943312495453124
GSM5050556,pericyte_smc,MS4A1,1357,0.0,0.0,0.0
GSM5050556,pericyte_smc,PECAM1,1357,0.010212365187132318,0.009579955784819455,0.023307445240102417
GSM5050556,pericyte_smc,CCL21,1357,0.07332325860178872,0.05821665438467207,0.17776518168531627
GSM5050556,pericyte_smc,RGS5,1357,2.47549587816538,0.7523949889462048,3.460577269521844
GSM5050556,pericyte_smc,TPSAB1,1357,0.007032811765405326,0.0058953574060427415,0.01608205336892056
GSM5050556,pericyte_smc,PMEL,1357,0.004927486434685004,0.004421518054532056,0.008804075021706933
GSM5050556,pericyte_smc,DCD,1357,0.37241452648494355,0.28076639646278556,0.6009593548953378
GSM5050556,pericyte_smc,TIMP1,1357,1.3677278232828154,0.7745025792188651,1.761198015664022
GSM5050556,pericyte_smc,CHI3L1,1357,0.0015521404267126483,0.002210759027266028,0.004411726446685081
GSM5050556,pericyte_smc,FN1,1357,0.7403562273657066,0.46720707442888726,1.1833417540950488
GSM5050556,pericyte_smc,DCN,1357,0.7468534199580551,0.38540899042004423,1.5492932552090701
GSM5050556,pericyte_smc,LUM,1357,0.5596675373298247,0.3375092114959469,1.0435690014947576
GSM5050556,sweat_gland,COL1A1,119,0.6893863322148387,0.3025210084033613,2.1741337083750287
GSM5050556,sweat_gland,PDGFRA,119,0.045751363292635884,0.025210084033613446,0.1273838689309931
GSM5050556,sweat_gland,KRT14,119,1.1609579362641216,0.3949579831932773,3.1224754560013235
GSM5050556,sweat_gland,KRT10,119,1.6407957433459388,0.8067226890756303,2.1000089816157357
GSM5050556,sweat_gland,LYZ,119,0.014240300174574852,0.008403361344537815,0.01683904325067462
GSM5050556,sweat_gland,CD3D,119,0.0,0.0,0.0
GSM5050556,sweat_gland,MS4A1,119,0.016433378655185293,0.008403361344537815,0.01683904325067462
GSM5050556,sweat_gland,PECAM1,119,0.03670400186644371,0.025210084033613446,0.04968962361683011
GSM5050556,sweat_gland,CCL21,119,0.008132686153402196,0.008403361344537815,0.01683904325067462
GSM5050556,sweat_gland,RGS5,119,0.3632910154054562,0.14285714285714285,1.0174341871539685
GSM5050556,sweat_gland,TPSAB1,119,0.0,0.0,0.0
GSM5050556,sweat_gland,PMEL,119,0.0,0.0,0.0
GSM5050556,sweat_gland,DCD,119,3.260733591720688,0.8235294117647058,7.02973771417271
GSM5050556,sweat_gland,TIMP1,119,0.5222695278637187,0.2773109243697479,1.0536072869006947
GSM5050556,sweat_gland,CHI3L1,119,0.04635780537284416,0.04201680672268908,0.14222375472211513
GSM5050556,sweat_gland,FN1,119,0.3023220028497821,0.15966386554621848,0.7025513948579476
GSM5050556,sweat_gland,DCN,119,0.7260391233899853,0.24369747899159663,2.1124087245240317
GSM5050556,sweat_gland,LUM,119,0.502521399806637,0.226890756302521,1.1441221598344213
GSM5050556,t_cell,COL1A1,150,0.23154833432575614,0.12666666666666668,1.3360808020366064
GSM5050556,t_cell,PDGFRA,150,0.004900940843421665,0.006666666666666667,0.02055837077160325
GSM5050556,t_cell,KRT14,150,0.4193728586545812,0.25333333333333335,0.8892110977368589
GSM5050556,t_cell,KRT10,150,1.692681351789704,0.8133333333333334,2.003947933236001
GSM5050556,t_cell,LYZ,150,0.0047460759077576214,0.006666666666666667,0.02055837077160325
GSM5050556,t_cell,CD3D,150,1.2896470166324205,0.6733333333333333,1.7023029846785351
GSM5050556,t_cell,MS4A1,150,0.18402071101032008,0.12,0.3619966591074716
GSM5050556,t_cell,PECAM1,150,0.03062002806251049,0.02,0.07981308021790462
GSM5050556,t_cell,CCL21,150,0.013654415664726798,0.013333333333333334,0.040702594823897015
GSM5050556,t_cell,RGS5,150,0.053931398639144895,0.03333333333333333,0.5701501287277045
GSM5050556,t_cell,TPSAB1,150,0.0,0.0,0.0
GSM5050556,t_cell,PMEL,150,0.0073950523651629555,0.006666666666666667,0.02055837077160325
GSM5050556,t_cell,DCD,150,0.46819398065841655,0.3,0.7324158659294537
GSM5050556,t_cell,TIMP1,150,0.8633505327771374,0.46,1.5774647130960897
GSM5050556,t_cell,CHI3L1,150,0.0,0.0,0.0
GSM5050556,t_cell,FN1,150,0.06673056835479589,0.05333333333333334,0.23903654291600662
GSM5050556,t_cell,DCN,150,0.1964250332787798,0.1,1.7996266711560667
GSM5050556,t_cell,LUM,150,0.10680380515942393,0.05333333333333334,0.8184750740322847
GSM5050557,b_plasma,COL1A1,24,0.29362190069730365,0.20833333333333334,0.338330854758483
GSM5050557,b_plasma,PDGFRA,24,0.08627724623099349,0.041666666666666664,0.035946520105961804
GSM5050557,b_plasma,KRT14,24,0.23274698753809298,0.25,0.3118897459797374
GSM5050557,b_plasma,KRT10,24,0.9162392942538705,0.7083333333333334,0.9453902178994792
GSM5050557,b_plasma,LYZ,24,0.04848758010589174,0.125,0.1366280201705273
GSM5050557,b_plasma,CD3D,24,0.05836316097645642,0.041666666666666664,0.035946520105961804
GSM5050557,b_plasma,MS4A1,24,0.884738041743391,0.375,0.9165373882000727
GSM5050557,b_plasma,PECAM1,24,0.29802255122684146,0.375,0.570193114434324
GSM5050557,b_plasma,CCL21,24,0.0,0.0,0.0
GSM5050557,b_plasma,RGS5,24,0.22356148356470237,0.08333333333333333,0.48378752547521897
GSM5050557,b_plasma,TPSAB1,24,0.0,0.0,0.0
GSM5050557,b_plasma,PMEL,24,0.0,0.0,0.0
GSM5050557,b_plasma,DCD,24,0.08935999992155913,0.125,0.1366280201705273
GSM5050557,b_plasma,TIMP1,24,0.7020919967066904,0.5416666666666666,1.0658208798261928
GSM5050557,b_plasma,CHI3L1,24,0.0,0.0,0.0
GSM5050557,b_plasma,FN1,24,0.19607132846102546,0.125,0.19852494200995466
GSM5050557,b_plasma,DCN,24,0.1173249056635929,0.125,0.10418092107667788
GSM5050557,b_plasma,LUM,24,0.0,0.0,0.0
GSM5050557,endothelial,COL1A1,331,0.2586869862666519,0.17220543806646527,0.5440190651495829
GSM5050557,endothelial,PDGFRA,331,0.023857271992053647,0.01812688821752266,0.034656725026254664
GSM5050557,endothelial,KRT14,331,0.3868599498154128,0.29003021148036257,0.6195529400955481
GSM5050557,endothelial,KRT10,331,0.687570897205941,0.5075528700906344,0.9729227598398177
GSM5050557,endothelial,LYZ,331,0.017567331577233242,0.01812688821752266,0.034656725026254664
GSM5050557,endothelial,CD3D,331,0.002651068744324523,0.0030211480362537764,0.005860173506355373
GSM5050557,endothelial,MS4A1,331,0.0,0.0,0.0
GSM5050557,endothelial,PECAM1,331,2.3834872995914513,0.9274924471299094,2.6118775517673174
GSM5050557,endothelial,CCL21,331,0.023562761048273144,0.01812688821752266,0.034656725026254664
GSM5050557,endothelial,RGS5,331,0.09703077761342724,0.06042296072507553,0.3773642702408953
GSM5050557,endothelial,TPSAB1,331,0.005337458384303264,0.006042296072507553,0.01168620535806888
GSM5050557,endothelial,PMEL,331,0.002254269846279033,0.0030211480362537764,0.005860173506355373
GSM5050557,endothelial,DCD,331,0.10709285359758274,0.07854984894259819,0.2015851178381577
GSM5050557,endothelial,TIMP1,331,0.9965542918195679,0.6072507552870091,1.4593325297562156
GSM5050557,endothelial,CHI3L1,331,0.0,0.0,0.0
GSM5050557,endothelial,FN1,331,0.7532999237638854,0.3776435045317221,1.375314575926593
GSM5050557,endothelial,DCN,331,0.3448047617432995,0.22356495468277945,0.9639969961367214
GSM5050557,endothelial,LUM,331,0.10614660899391005,0.06948640483383686,0.3235531175814826
GSM5050557,fibroblast,COL1A1,926,3.432164795680601,0.9859611231101512,4.139067189122936
GSM5050557,fibroblast,PDGFRA,926,1.0006453774857311,0.7267818574514039,1.2292265998554022
GSM5050557,fibroblast,KRT14,926,0.32078916678915437,0.32181425485961124,0.45585949687270144
GSM5050557,fibroblast,KRT10,926,0.9076021739020432,0.7159827213822895,1.1306187223574655
GSM5050557,fibroblast,LYZ,926,0.024781281019530726,0.02591792656587473,0.03457475668993492
GSM5050557,fibroblast,CD3D,926,0.0014548746930254201,0.0021598272138228943,0.002927328861464319
GSM5050557,fibroblast,MS4A1,926,0.0,0.0,0.0
GSM5050557,fibroblast,PECAM1,926,0.04221214921204564,0.04967602591792657,0.06799394192012176
GSM5050557,fibroblast,CCL21,926,0.01504704204723649,0.017278617710583154,0.02318214692828623
GSM5050557,fibroblast,RGS5,926,0.044804965564086585,0.04427645788336933,0.07617710167416791
GSM5050557,fibroblast,TPSAB1,926,0.006379219431296776,0.008639308855291577,0.011658248451995559
GSM5050557,fibroblast,PMEL,926,0.0017773146161767423,0.0021598272138228943,0.002927328861464319
GSM5050557,fibroblast,DCD,926,0.057396882975688415,0.06587473002159827,0.09368084591372874
GSM5050557,fibroblast,TIMP1,926,2.292118481772404,0.9546436285097192,2.713212059977675
GSM5050557,fibroblast,CHI3L1,926,0.047137174320718046,0.029157667386609073,0.18543954766967868
GSM5050557,fibroblast,FN1,926,1.5153126154777323,0.8142548596112311,2.0087449392204015
GSM5050557,fibroblast,DCN,926,4.286772598170838,0.9946004319654428,4.4744527382658195
GSM5050557,fibroblast,LUM,926,2.7968065732027836,0.968682505399568,3.1621091349943393
GSM5050557,keratinocyte,COL1A1,194,0.2633962055584798,0.17010309278350516,0.5920100620322453
GSM5050557,keratinocyte,PDGFRA,194,0.0028366286064240645,0.005154639175257732,0.010171113482687311
GSM5050557,keratinocyte,KRT14,194,3.8131514178249857,0.7835051546391752,5.506223262519083
GSM5050557,keratinocyte,KRT10,194,3.2662093714776073,0.8195876288659794,4.8710993417121955
GSM5050557,keratinocyte,LYZ,194,0.019527388123190922,0.015463917525773196,0.030208149837236527
GSM5050557,keratinocyte,CD3D,194,0.00906385449239058,0.005154639175257732,0.010171113482687311
GSM5050557,keratinocyte,MS4A1,194,0.0,0.0,0.0
GSM5050557,keratinocyte,PECAM1,194,0.0133596775187825,0.015463917525773196,0.05953046150531448
GSM5050557,keratinocyte,CCL21,194,0.008477237052353098,0.005154639175257732,0.010171113482687311
GSM5050557,keratinocyte,RGS5,194,0.0631172941324097,0.04639175257731959,0.09733553714489418
GSM5050557,keratinocyte,TPSAB1,194,0.04102085797856279,0.020618556701030927,0.04007809577971392
GSM5050557,keratinocyte,PMEL,194,0.0047598947700249845,0.010309278350515464,0.020239816173695354
GSM5050557,keratinocyte,DCD,194,0.12287721599419472,0.06701030927835051,0.1426666120022913
GSM5050557,keratinocyte,TIMP1,194,0.12902833020430807,0.07216494845360824,0.1944833980043867
GSM5050557,keratinocyte,CHI3L1,194,0.03839124976116446,0.03608247422680412,0.07861164165517123
GSM5050557,keratinocyte,FN1,194,0.03942997133252002,0.02577319587628866,0.04985157721333154
GSM5050557,keratinocyte,DCN,194,0.5841240561900692,0.3917525773195876,0.929582902683612
GSM5050557,keratinocyte,LUM,194,0.1174687963353137,0.08247422680412371,0.20286437709307809
GSM5050557,lymphatic_ec,COL1A1,86,0.46660857524701527,0.27906976744186046,0.9606103416398423
GSM5050557,lymphatic_ec,PDGFRA,86,0.0,0.0,0.0
GSM5050557,lymphatic_ec,KRT14,86,0.4517459893291812,0.3023255813953488,0.7893932637057165
GSM5050557,lymphatic_ec,KRT10,86,0.4861246229266346,0.3023255813953488,0.7602419494945717
GSM5050557,lymphatic_ec,LYZ,86,0.040610906517428685,0.023255813953488372,0.0613455978214574
GSM5050557,lymphatic_ec,CD3D,86,0.0,0.0,0.0
GSM5050557,lymphatic_ec,MS4A1,86,0.0,0.0,0.0
GSM5050557,lymphatic_ec,PECAM1,86,1.3242186048368592,0.6046511627906976,1.877295125560107
GSM5050557,lymphatic_ec,CCL21,86,3.6616850288263505,0.8255813953488372,4.969247872817781
GSM5050557,lymphatic_ec,RGS5,86,0.11488163661372525,0.05813953488372093,0.8981777595525084
GSM5050557,lymphatic_ec,TPSAB1,86,0.019992342555865853,0.011627906976744186,0.031143135463789197
GSM5050557,lymphatic_ec,PMEL,86,0.01602940523406969,0.023255813953488372,0.0613455978214574
GSM5050557,lymphatic_ec,DCD,86,0.09795247536380437,0.05813953488372093,0.14683753215708245
GSM5050557,lymphatic_ec,TIMP1,86,1.5888212395001828,0.7558139534883721,2.0502052349124034
GSM5050557,lymphatic_ec,CHI3L1,86,0.0,0.0,0.0
GSM5050557,lymphatic_ec,FN1,86,1.57912283126838,0.686046511627907,2.158163057673402
GSM5050557,lymphatic_ec,DCN,86,0.4610015663896771,0.23255813953488372,1.5873718912372572
GSM5050557,lymphatic_ec,LUM,86,0.33677628971000934,0.16279069767441862,0.9484317625240788
GSM5050557,mast,COL1A1,110,0.351134235817927,0.16363636363636364,1.06559749690684
GSM5050557,mast,PDGFRA,110,0.043631408284211665,0.02727272727272727,0.17742632462838992
GSM5050557,mast,KRT14,110,0.3698376888006778,0.18181818181818182,0.7358159928091617
GSM5050557,mast,KRT10,110,0.7572016491591477,0.39090909090909093,1.2595459086334846
GSM5050557,mast,LYZ,110,0.06903336514898953,0.02727272727272727,0.4341123057432794
GSM5050557,mast,CD3D,110,0.012392696432157277,0.00909090909090909,0.03809316924288134
GSM5050557,mast,MS4A1,110,0.0,0.0,0.0
GSM5050557,mast,PECAM1,110,0.1247705056488486,0.07272727272727272,0.5299834982015629
GSM5050557,mast,CCL21,110,0.06316533954380539,0.02727272727272727,0.17742632462838992
GSM5050557,mast,RGS5,110,0.1804622440677192,0.09090909090909091,0.6584896697097028
GSM5050557,mast,TPSAB1,110,2.972077929217787,0.8545454545454545,3.485686569978713
GSM5050557,mast,PMEL,110,0.0,0.0,0.0
GSM5050557,mast,DCD,110,0.06384040483369209,0.03636363636363636,0.1443704899555716
GSM5050557,mast,TIMP1,110,1.4279085623893701,0.6363636363636364,2.102081171520698
GSM5050557,mast,CHI3L1,110,0.0,0.0,0.0
GSM5050557,mast,FN1,110,0.16696767640534338,0.1,0.5068635400011534
GSM5050557,mast,DCN,110,0.49512898450412784,0.17272727272727273,2.0973250240448404
GSM5050557,mast,LUM,110,0.22514534803848618,0.09090909090909091,1.010604300145554
GSM5050557,melanocyte,COL1A1,57,0.43882899586973273,0.15789473684210525,1.119817832549006
GSM5050557,melanocyte,PDGFRA,57,0.0,0.0,0.0
GSM5050557,melanocyte,KRT14,57,0.4767266165640741,0.19298245614035087,1.119817832549006
GSM5050557,melanocyte,KRT10,57,0.5485495729088065,0.2631578947368421,1.119817832549006
GSM5050557,melanocyte,LYZ,57,0.0,0.0,0.0
GSM5050557,melanocyte,CD3D,57,0.0,0.0,0.0
GSM5050557,melanocyte,MS4A1,57,0.0,0.0,0.0
GSM5050557,melanocyte,PECAM1,57,0.0,0.0,0.0
GSM5050557,melanocyte,CCL21,57,0.0,0.0,0.0
GSM5050557,melanocyte,RGS5,57,0.07227301503813752,0.03508771929824561,0.2431339714301325
GSM5050557,melanocyte,TPSAB1,57,0.0,0.0,0.0
GSM5050557,melanocyte,PMEL,57,0.05388750331985938,0.017543859649122806,0.6019735397118852
GSM5050557,melanocyte,DCD,57,0.0,0.0,0.0
GSM5050557,melanocyte,TIMP1,57,0.345198198146631,0.12280701754385964,1.205831694257295
GSM5050557,melanocyte,CHI3L1,57,0.04456496184864847,0.017543859649122806,0.1289381227121414
GSM5050557,melanocyte,FN1,57,0.07845196874025792,0.03508771929824561,0.2431339714301325
GSM5050557,melanocyte,DCN,57,0.4460550372391497,0.14035087719298245,1.5796696860849617
GSM5050557,melanocyte,LUM,57,0.2762666920648533,0.10526315789473684,0.6019735397118852
GSM5050557,myeloid,COL1A1,983,0.24327124959524313,0.23601220752797558,0.36760649828481506
GSM5050557,myeloid,PDGFRA,983,0.007659393269935168,0.008138351983723296,0.010977380970161077
GSM5050557,myeloid,KRT14,983,0.35299217530490057,0.35096642929806715,0.496496428961708
GSM5050557,myeloid,KRT10,983,0.7002639328802731,0.6063072227873856,0.8767958251358168
GSM5050557,myeloid,LYZ,983,1.9135193622624926,0.8555442522889115,2.8243718798761734
GSM5050557,myeloid,CD3D,983,0.009658381692246244,0.01017293997965412,0.02183556631915411
GSM5050557,myeloid,MS4A1,983,0.000906598942625172,0.001017293997965412,0.0013787807311834196
GSM5050557,myeloid,PECAM1,983,0.5691944736957012,0.5350966429298067,0.7567696491858336
GSM5050557,myeloid,CCL21,983,0.020364499983731875,0.02034587995930824,0.04716084614364255
GSM5050557,myeloid,RGS5,983,0.05547375269477455,0.0508646998982706,0.13167071564396193
GSM5050557,myeloid,TPSAB1,983,0.014902985834033617,0.017293997965412006,0.02318458698649123
GSM5050557,myeloid,PMEL,983,0.002396334827549747,0.003051881993896236,0.004130652156859086
GSM5050557,myeloid,DCD,983,0.07207781557999061,0.06917599186164802,0.14727205676116095
GSM5050557,myeloid,TIMP1,983,1.3359221925195084,0.8128179043743642,1.6499658307541905
GSM5050557,myeloid,CHI3L1,983,0.006824766602486465,0.00508646998982706,0.04847615364298486
GSM5050557,myeloid,FN1,983,0.08892782409686552,0.07833163784333673,0.21961111172396156
GSM5050557,myeloid,DCN,983,0.3142620533262865,0.30010172939979657,0.5148031407071234
GSM5050557,myeloid,LUM,983,0.11956899180146796,0.10885045778229908,0.17313216421934613
GSM5050557,pericyte_smc,COL1A1,909,1.0738073560481598,0.6600660066006601,1.4600862049048704
GSM5050557,pericyte_smc,PDGFRA,909,0.013173965299872085,0.014301430143014302,0.022955615621620865
GSM5050557,pericyte_smc,KRT14,909,0.3381248606247086,0.2915291529152915,0.6779972306367726
GSM5050557,pericyte_smc,KRT10,909,0.6585955383012502,0.5588558855885588,0.8614010017648779
GSM5050557,pericyte_smc,LYZ,909,0.02335971245678866,0.0187018701870187,0.04710158435048419
GSM5050557,pericyte_smc,CD3D,909,0.00337240190560644,0.0033003300330033004,0.00889155406004758
GSM5050557,pericyte_smc,MS4A1,909,0.0007597981509873415,0.0011001100110011,0.0017846468397458611
GSM5050557,pericyte_smc,PECAM1,909,0.01803810462228503,0.0165016501650165,0.03337535954732722
GSM5050557,pericyte_smc,CCL21,909,0.04958989870302458,0.039603960396039604,0.10019656369895574
GSM5050557,pericyte_smc,RGS5,909,2.776190547408436,0.8844884488448845,3.432427176725472
GSM5050557,pericyte_smc,TPSAB1,909,0.007498421671785861,0.007700770077007701,0.012426156424296834
GSM5050557,pericyte_smc,PMEL,909,0.0019033893354304886,0.0022002200220022,0.0035661143882189062
GSM5050557,pericyte_smc,DCD,909,0.07405050027531626,0.06930693069306931,0.12729697691218006
GSM5050557,pericyte_smc,TIMP1,909,1.0455036460458815,0.7161716171617162,1.4142540189188366
GSM5050557,pericyte_smc,CHI3L1,909,0.004517319806907166,0.0033003300330033004,0.028179058906015002
GSM5050557,pericyte_smc,FN1,909,0.8164109092375414,0.5313531353135313,1.2880675611289203
GSM5050557,pericyte_smc,DCN,909,0.3683018259770135,0.2684268426842684,0.8523020000839874
GSM5050557,pericyte_smc,LUM,909,0.17250446125750413,0.11771177117711772,0.40078906874441
GSM5050557,sweat_gland,COL1A1,34,0.7048485918187908,0.29411764705882354,2.1227642549222288
GSM5050557,sweat_gland,PDGFRA,34,0.03473724251100169,0.029411764705882353,0.0820535511307996
GSM5050557,sweat_gland,KRT14,34,1.7571054254548781,0.4411764705882353,3.6823032346982565
GSM5050557,sweat_gland,KRT10,34,0.9827770036098906,0.5,1.505425707319798
GSM5050557,sweat_gland,LYZ,34,0.11391721101593517,0.058823529411764705,0.1578818909453924
GSM5050557,sweat_gland,CD3D,34,0.0,0.0,0.0
GSM5050557,sweat_gland,MS4A1,34,0.0,0.0,0.0
GSM5050557,sweat_gland,PECAM1,34,0.0,0.0,0.0
GSM5050557,sweat_gland,CCL21,34,0.0,0.0,0.0
GSM5050557,sweat_gland,RGS5,34,0.27343605586365743,0.08823529411764706,0.4141497093077154
GSM5050557,sweat_gland,TPSAB1,34,0.0,0.0,0.0
GSM5050557,sweat_gland,PMEL,34,0.0,0.0,0.0
GSM5050557,sweat_gland,DCD,34,1.7343764897882958,0.5,6.3602485797384025
GSM5050557,sweat_gland,TIMP1,34,0.20772604218547616,0.11764705882352941,0.4141497093077154
GSM5050557,sweat_gland,CHI3L1,34,0.03197869101269151,0.029411764705882353,0.1578818909453924
GSM5050557,sweat_gland,FN1,34,0.15617594565529297,0.08823529411764706,0.4691267270069129
GSM5050557,sweat_gland,DCN,34,0.6651759618528357,0.29411764705882354,2.0147775922329307
GSM5050557,sweat_gland,LUM,34,0.1813795651239026,0.08823529411764706,1.1159067176803448
GSM5050557,t_cell,COL1A1,614,0.24669530119251598,0.15472312703583063,0.8057106883806769
GSM5050557,t_cell,PDGFRA,614,0.005799396702937772,0.006514657980456026,0.019237864356947233
GSM5050557,t_cell,KRT14,614,0.45245949057108464,0.2752442996742671,0.9028082037650234
GSM5050557,t_cell,KRT10,614,0.7113324226749121,0.44625407166123776,1.141606470197139
GSM5050557,t_cell,LYZ,614,0.027594005415986306,0.017915309446254073,0.052038489508941854
GSM5050557,t_cell,CD3D,614,1.4231961745120525,0.6986970684039088,1.860069177482381
GSM5050557,t_cell,MS4A1,614,0.012484849647901888,0.008143322475570033,0.028719767495253824
GSM5050557,t_cell,PECAM1,614,0.04825731983083693,0.03420195439739414,0.10150239966612705
GSM5050557,t_cell,CCL21,614,0.007592679291106152,0.004885993485342019,0.014462983335025912
GSM5050557,t_cell,RGS5,614,0.07068159516845768,0.043973941368078175,0.26318978425734985
GSM5050557,t_cell,TPSAB1,614,0.022176475004668805,0.014657980456026058,0.04277614950444063
GSM5050557,t_cell,PMEL,614,0.00158900745526592,0.0016286644951140066,0.0048442736465804034
GSM5050557,t_cell,DCD,614,0.14142651577068838,0.08631921824104234,0.3455468088196626
GSM5050557,t_cell,TIMP1,614,0.823275215996238,0.48534201954397393,1.2460471293722193
GSM5050557,t_cell,CHI3L1,614,0.0,0.0,0.0
GSM5050557,t_cell,FN1,614,0.06364896224815031,0.04234527687296417,0.19763797181038506
GSM5050557,t_cell,DCN,614,0.30457684109871713,0.1791530944625407,0.9749553644660833
GSM5050557,t_cell,LUM,614,0.10860121207603446,0.06351791530944625,0.3523978000777431
GSM5050558,b_plasma,COL1A1,31,0.25309592483292703,0.22580645161290322,0.26523560349944447
GSM5050558,b_plasma,PDGFRA,31,0.05611483042692339,0.03225806451612903,0.029921659202592876
GSM5050558,b_plasma,KRT14,31,0.0786729138658359,0.06451612903225806,0.05897396231795063
GSM5050558,b_plasma,KRT10,31,0.43538703411918295,0.45161290322580644,0.6477388068347155
GSM5050558,b_plasma,LYZ,31,0.035858450411036934,0.0967741935483871,0.08720600355084733
GSM5050558,b_plasma,CD3D,31,0.0,0.0,0.0
GSM5050558,b_plasma,MS4A1,31,0.9487866478476,0.3548387096774194,0.8742994216122023
GSM5050558,b_plasma,PECAM1,31,0.20252046499602058,0.2903225806451613,0.41630928243746734
GSM5050558,b_plasma,CCL21,31,0.0,0.0,0.0
GSM5050558,b_plasma,RGS5,31,0.17395812312771014,0.06451612903225806,0.6154378740861024
GSM5050558,b_plasma,TPSAB1,31,0.0,0.0,0.0
GSM5050558,b_plasma,PMEL,31,0.0,0.0,0.0
GSM5050558,b_plasma,DCD,31,0.0,0.0,0.0
GSM5050558,b_plasma,TIMP1,31,0.6542491468990851,0.45161290322580644,1.1102263511013246
GSM5050558,b_plasma,CHI3L1,31,0.0,0.0,0.0
GSM5050558,b_plasma,FN1,31,0.09564167902468024,0.06451612903225806,0.1674133656565347
GSM5050558,b_plasma,DCN,31,0.4033759022503765,0.25806451612903225,1.8381726876039117
GSM5050558,b_plasma,LUM,31,0.28874567113850513,0.1935483870967742,0.7952309221945374
GSM5050558,endothelial,COL1A1,200,0.10909644867887316,0.07,0.24641055060316197
GSM5050558,endothelial,PDGFRA,200,0.01281590835042899,0.015,0.03433194777331605
GSM5050558,endothelial,KRT14,200,0.05425525354198772,0.05,0.10752284462732276
GSM5050558,endothelial,KRT10,200,0.4909740082403992,0.41,0.7544449688127994
GSM5050558,endothelial,LYZ,200,0.022233652730001482,0.02,0.03433194777331605
GSM5050558,endothelial,CD3D,200,0.003219773286929596,0.005,0.008694119325757633
GSM5050558,endothelial,MS4A1,200,0.0,0.0,0.0
GSM5050558,endothelial,PECAM1,200,2.3674646896823504,0.92,2.6285406353291854
GSM5050558,endothelial,CCL21,200,0.0,0.0,0.0
GSM5050558,endothelial,RGS5,200,0.08963641589973363,0.04,1.0197857455867754
GSM5050558,endothelial,TPSAB1,200,0.011659005118626626,0.015,0.02585882872835764
GSM5050558,endothelial,PMEL,200,0.004361016999359718,0.005,0.008694119325757633
GSM5050558,endothelial,DCD,200,0.0,0.0,0.0
GSM5050558,endothelial,TIMP1,200,1.073282051055249,0.7,1.398093479131938
GSM5050558,endothelial,CHI3L1,200,0.0,0.0,0.0
GSM5050558,endothelial,FN1,200,0.5630376691410165,0.295,1.436191631703309
GSM5050558,endothelial,DCN,200,0.20203915484169344,0.11,0.6732110317192898
GSM5050558,endothelial,LUM,200,0.0850603804247476,0.055,0.2187311449811124
GSM5050558,fibroblast,COL1A1,626,3.1089924899882915,0.9856230031948882,3.686083182119016
GSM5050558,fibroblast,PDGFRA,626,0.9350590320942217,0.7428115015974441,1.1396947995453632
GSM5050558,fibroblast,KRT14,626,0.0511171933514318,0.06230031948881789,0.0726009210313859
GSM5050558,fibroblast,KRT10,626,0.8775514149228683,0.744408945686901,1.076593208996012
GSM5050558,fibroblast,LYZ,626,0.026502244539043436,0.03194888178913738,0.037889117472508435
GSM5050558,fibroblast,CD3D,626,0.004796618514274195,0.006389776357827476,0.007693541092869915
GSM5050558,fibroblast,MS4A1,626,0.0,0.0,0.0
GSM5050558,fibroblast,PECAM1,626,0.04708446276657569,0.05750798722044728,0.06719958219828157
GSM5050558,fibroblast,CCL21,626,0.0011001235534525966,0.001597444089456869,0.001928941501526031
GSM5050558,fibroblast,RGS5,626,0.027698110774531912,0.03194888178913738,0.037889117472508435
GSM5050558,fibroblast,TPSAB1,626,0.00895205806793024,0.009584664536741214,0.011518228421310457
GSM5050558,fibroblast,PMEL,626,0.0011898159125195101,0.001597444089456869,0.001928941501526031
GSM5050558,fibroblast,DCD,626,0.0013818775340851892,0.001597444089456869,0.003854169350005968
GSM5050558,fibroblast,TIMP1,626,2.30179075184181,0.9856230031948882,2.668418524495019
GSM5050558,fibroblast,CHI3L1,626,0.06260101653640772,0.036741214057507986,0.3223502837785869
GSM5050558,fibroblast,FN1,626,1.607264549164543,0.854632587859425,2.2097277142523652
GSM5050558,fibroblast,DCN,626,4.2361772099880755,0.9968051118210862,4.374112491143315
GSM5050558,fibroblast,LUM,626,2.6120309757725955,0.9616613418530351,3.0075878253431734
GSM5050558,keratinocyte,COL1A1,22,0.10054067926920304,0.13636363636363635,0.17567613383688227
GSM5050558,keratinocyte,PDGFRA,22,0.0,0.0,0.0
GSM5050558,keratinocyte,KRT14,22,4.692894817395928,1.0,5.603273477476704
GSM5050558,keratinocyte,KRT10,22,2.79124594716243,0.9545454545454546,4.036839858339471
GSM5050558,keratinocyte,LYZ,22,0.02878553505143968,0.045454545454545456,0.04689597390468071
GSM5050558,keratinocyte,CD3D,22,0.0,0.0,0.0
GSM5050558,keratinocyte,MS4A1,22,0.0,0.0,0.0
GSM5050558,keratinocyte,PECAM1,22,0.0,0.0,0.0
GSM5050558,keratinocyte,CCL21,22,0.0,0.0,0.0
GSM5050558,keratinocyte,RGS5,22,0.0,0.0,0.0
GSM5050558,keratinocyte,TPSAB1,22,0.0,0.0,0.0
GSM5050558,keratinocyte,PMEL,22,0.0,0.0,0.0
GSM5050558,keratinocyte,DCD,22,0.017815378718634662,0.045454545454545456,0.04689597390468071
GSM5050558,keratinocyte,TIMP1,22,0.017815378718634662,0.045454545454545456,0.04689597390468071
GSM5050558,keratinocyte,CHI3L1,22,0.03657866219712743,0.045454545454545456,0.04689597390468071
GSM5050558,keratinocyte,FN1,22,0.1746847237726753,0.13636363636363635,0.13456493794762728
GSM5050558,keratinocyte,DCN,22,0.5458510910068088,0.36363636363636365,0.8722872227849003
GSM5050558,keratinocyte,LUM,22,0.017815378718634662,0.045454545454545456,0.04689597390468071
GSM5050558,lymphatic_ec,COL1A1,20,1.8800860746557084,0.7,2.8932219983783196
GSM5050558,lymphatic_ec,PDGFRA,20,0.1572166363012151,0.15,0.31648876114658575
GSM5050558,lymphatic_ec,KRT14,20,0.05271921796131818,0.05,0.07181836225063329
GSM5050558,lymphatic_ec,KRT10,20,0.8880406646059276,0.65,1.1265142455541644
GSM5050558,lymphatic_ec,LYZ,20,0.03995841354708907,0.05,0.07181836225063329
GSM5050558,lymphatic_ec,CD3D,20,0.0,0.0,0.0
GSM5050558,lymphatic_ec,MS4A1,20,0.0,0.0,0.0
GSM5050558,lymphatic_ec,PECAM1,20,0.4818292715603625,0.25,0.6384385688988821
GSM5050558,lymphatic_ec,CCL21,20,1.8367615381774622,0.6,3.172172833234568
GSM5050558,lymphatic_ec,RGS5,20,0.31178191290520235,0.2,0.7845235517102351
GSM5050558,lymphatic_ec,TPSAB1,20,0.0,0.0,0.0
GSM5050558,lymphatic_ec,PMEL,20,0.0,0.0,0.0
GSM5050558,lymphatic_ec,DCD,20,0.0,0.0,0.0
GSM5050558,lymphatic_ec,TIMP1,20,2.018821195950258,0.9,3.369757685313717
GSM5050558,lymphatic_ec,CHI3L1,20,0.0,0.0,0.0
GSM5050558,lymphatic_ec,FN1,20,0.7514496324659135,0.45,1.3427306492516786
GSM5050558,lymphatic_ec,DCN,20,1.5068319511896224,0.5,3.235651669426762
GSM5050558,lymphatic_ec,LUM,20,1.2186421219627062,0.6,1.9070850602172424
GSM5050558,mast,COL1A1,33,0.47733037976706355,0.21212121212121213,1.2068870714069269
GSM5050558,mast,PDGFRA,33,0.04243895317875349,0.030303030303030304,0.08958698719549252
GSM5050558,mast,KRT14,33,0.17066281159968846,0.030303030303030304,1.0227123724688394
GSM5050558,mast,KRT10,33,0.5988166910085729,0.42424242424242425,1.0227123724688394
GSM5050558,mast,LYZ,33,0.1348577391554392,0.09090909090909091,0.31837363780125666
GSM5050558,mast,CD3D,33,0.051840809493666436,0.030303030303030304,0.08958698719549252
GSM5050558,mast,MS4A1,33,0.0,0.0,0.0
GSM5050558,mast,PECAM1,33,0.22629632682787781,0.12121212121212122,0.5594899241279299
GSM5050558,mast,CCL21,33,0.0,0.0,0.0
GSM5050558,mast,RGS5,33,0.0,0.0,0.0
GSM5050558,mast,TPSAB1,33,2.6465124947978595,0.5757575757575758,4.133376430801685
GSM5050558,mast,PMEL,33,0.0,0.0,0.0
GSM5050558,mast,DCD,33,0.0,0.0,0.0
GSM5050558,mast,TIMP1,33,1.564798651753947,0.696969696969697,2.3570440960835546
GSM5050558,mast,CHI3L1,33,0.0,0.0,0.0
GSM5050558,mast,FN1,33,0.3498069607119556,0.15151515151515152,0.6612563767926001
GSM5050558,mast,DCN,33,0.7159606556787333,0.24242424242424243,2.542806671335344
GSM5050558,mast,LUM,33,0.20466784409524374,0.09090909090909091,0.9529242447323653
GSM5050558,melanocyte,COL1A1,10,0.5507203156648892,0.2,1.7092215973036042
GSM5050558,melanocyte,PDGFRA,10,0.07334495595839677,0.1,0.4072900636186362
GSM5050558,melanocyte,KRT14,10,0.0,0.0,0.0
GSM5050558,melanocyte,KRT10,10,0.07334495595839677,0.1,0.4072900636186362
GSM5050558,melanocyte,LYZ,10,0.0,0.0,0.0
GSM5050558,melanocyte,CD3D,10,0.0,0.0,0.0
GSM5050558,melanocyte,MS4A1,10,0.0,0.0,0.0
GSM5050558,melanocyte,PECAM1,10,0.0,0.0,0.0
GSM5050558,melanocyte,CCL21,10,0.0,0.0,0.0
GSM5050558,melanocyte,RGS5,10,0.0,0.0,0.0
GSM5050558,melanocyte,TPSAB1,10,0.0,0.0,0.0
GSM5050558,melanocyte,PMEL,10,0.0,0.0,0.0
GSM5050558,melanocyte,DCD,10,0.0,0.0,0.0
GSM5050558,melanocyte,TIMP1,10,0.7879986888276734,0.3,1.8764282690887135
GSM5050558,melanocyte,CHI3L1,10,0.0,0.0,0.0
GSM5050558,melanocyte,FN1,10,0.18580551037460052,0.1,1.2566695174623506
GSM5050558,melanocyte,DCN,10,1.3956158794815672,0.3,4.07439849293583
GSM5050558,melanocyte,LUM,10,0.5607096516769564,0.2,2.2561828552072867
GSM5050558,myeloid,COL1A1,838,0.11295049927650042,0.12529832935560858,0.1774949749774437
GSM5050558,myeloid,PDGFRA,838,0.01234655834500336,0.014319809069212411,0.019090554790882636
GSM5050558,myeloid,KRT14,838,0.0780055335794049,0.09188544152744631,0.11605418478402513
GSM5050558,myeloid,KRT10,838,0.5406442697400684,0.5262529832935561,0.711884429234466
GSM5050558,myeloid,LYZ,838,2.1292829583324653,0.8770883054892601,3.070328954276511
GSM5050558,myeloid,CD3D,838,0.014402176519019504,0.015513126491646777,0.03209678724800473
GSM5050558,myeloid,MS4A1,838,0.0008803028848936159,0.0011933174224343676,0.001481513138584652
GSM5050558,myeloid,PECAM1,838,0.49213064482531443,0.4677804295942721,0.6657276246348093
GSM5050558,myeloid,CCL21,838,0.00592053906558087,0.007159904534606206,0.008856333376880389
GSM5050558,myeloid,RGS5,838,0.04151732276041787,0.041766109785202864,0.12263327967382501
GSM5050558,myeloid,TPSAB1,838,0.011937088135987806,0.010739856801909307,0.013255259685212963
GSM5050558,myeloid,PMEL,838,0.007563438694521121,0.010739856801909307,0.013255259685212963
GSM5050558,myeloid,DCD,838,0.0006838882443045813,0.0011933174224343676,0.001481513138584652
GSM5050558,myeloid,TIMP1,838,1.353787052629455,0.8329355608591885,1.6597619739561238
GSM5050558,myeloid,CHI3L1,838,0.002636130376373856,0.002386634844868735,0.0073857139502854115
GSM5050558,myeloid,FN1,838,0.09547303075518536,0.0883054892601432,0.26992463146988804
GSM5050558,myeloid,DCN,838,0.23351166973378368,0.23269689737470167,0.39429038653455034
GSM5050558,myeloid,LUM,838,0.06930154913233785,0.07875894988066826,0.13695670791374812
GSM5050558,pericyte_smc,COL1A1,887,1.0064449492555936,0.6437429537767756,1.467989424022459
GSM5050558,pericyte_smc,PDGFRA,887,0.0016296933199780087,0.002254791431792559,0.003190027879298418
GSM5050558,pericyte_smc,KRT14,887,0.06671600145428633,0.06426155580608793,0.2173904168528645
GSM5050558,pericyte_smc,KRT10,887,0.5310229469918921,0.5073280721533259,0.7003467289893393
GSM5050558,pericyte_smc,LYZ,887,0.019402546853069,0.02480270574971815,0.034542803933586275
GSM5050558,pericyte_smc,CD3D,887,0.0,0.0,0.0
GSM5050558,pericyte_smc,MS4A1,887,0.0,0.0,0.0
GSM5050558,pericyte_smc,PECAM1,887,0.011897611891825643,0.014656144306651634,0.0205555685827834
GSM5050558,pericyte_smc,CCL21,887,0.02585319575459015,0.02142051860202931,0.061943684327057984
GSM5050558,pericyte_smc,RGS5,887,2.6975010161034683,0.9007891770011274,3.313675296783114
GSM5050558,pericyte_smc,TPSAB1,887,0.01048110676325915,0.011273957158962795,0.015849340172143733
GSM5050558,pericyte_smc,PMEL,887,0.0017590863109142952,0.002254791431792559,0.003190027879298418
GSM5050558,pericyte_smc,DCD,887,0.0,0.0,0.0
GSM5050558,pericyte_smc,TIMP1,887,1.075875860742961,0.7485907553551296,1.4320164018379542
GSM5050558,pericyte_smc,CHI3L1,887,0.0052681511763520384,0.004509582863585118,0.01742054521502547
GSM5050558,pericyte_smc,FN1,887,0.6856334675568121,0.496054114994363,1.073861234267739
GSM5050558,pericyte_smc,DCN,887,0.2374612239310975,0.19165727170236754,0.5481706832710381
GSM5050558,pericyte_smc,LUM,887,0.16139300850358712,0.1319052987598647,0.3439960786448683
GSM5050558,t_cell,COL1A1,746,0.13451350943408963,0.08445040214477212,0.5519596729129749
GSM5050558,t_cell,PDGFRA,746,0.016063684658416656,0.012064343163538873,0.05839619745432323
GSM5050558,t_cell,KRT14,746,0.07627062383953996,0.049597855227882036,0.15946903136852958
GSM5050558,t_cell,KRT10,746,0.4838466478762832,0.3351206434316354,0.7637557744737652
GSM5050558,t_cell,LYZ,746,0.04006864935890014,0.028150134048257374,0.09665264491416993
GSM5050558,t_cell,CD3D,746,1.3669634491306732,0.707774798927614,1.7571268035281649
GSM5050558,t_cell,MS4A1,746,0.008836911080661324,0.006702412868632708,0.018617775905882625
GSM5050558,t_cell,PECAM1,746,0.02470590308960528,0.01742627345844504,0.09323463628656038
GSM5050558,t_cell,CCL21,746,0.0029174477725510085,0.002680965147453083,0.00748875604818114
GSM5050558,t_cell,RGS5,746,0.03208326514733687,0.01742627345844504,0.20335382588516446
GSM5050558,t_cell,TPSAB1,746,0.014719998059133797,0.00938337801608579,0.025968904304548245
GSM5050558,t_cell,PMEL,746,0.0,0.0,0.0
GSM5050558,t_cell,DCD,746,0.0,0.0,0.0
GSM5050558,t_cell,TIMP1,746,0.7700498300212569,0.4691689008042895,1.190548897714162
GSM5050558,t_cell,CHI3L1,746,0.0016428759909466971,0.0013404825737265416,0.003751388191103387
GSM5050558,t_cell,FN1,746,0.053626494584807755,0.036193029490616625,0.13349930448408281
GSM5050558,t_cell,DCN,746,0.1942042492062952,0.12734584450402145,0.6948965158053934
GSM5050558,t_cell,LUM,746,0.06809800196100521,0.04691689008042895,0.2155465600022136
GSM5050563,b_plasma,COL1A1,33,1.8744426846278488,0.696969696969697,3.7371396980472014
GSM5050563,b_plasma,PDGFRA,33,0.1628981008733143,0.18181818181818182,0.22930190436946576
GSM5050563,b_plasma,KRT14,33,0.7632444336043397,0.696969696969697,0.7645525386089065
GSM5050563,b_plasma,KRT10,33,0.6325524059201371,0.5757575757575758,0.6490597296253003
GSM5050563,b_plasma,LYZ,33,0.02340609061029426,0.030303030303030304,0.02315899315020303
GSM5050563,b_plasma,CD3D,33,0.0493312552581179,0.030303030303030304,0.02315899315020303
GSM5050563,b_plasma,MS4A1,33,0.5577642390748958,0.18181818181818182,0.7645525386089065
GSM5050563,b_plasma,PECAM1,33,0.18202140169191192,0.2727272727272727,0.28368115037251207
GSM5050563,b_plasma,CCL21,33,0.0,0.0,0.0
GSM5050563,b_plasma,RGS5,33,0.26600142439563956,0.09090909090909091,0.7754007851374309
GSM5050563,b_plasma,TPSAB1,33,0.0,0.0,0.0
GSM5050563,b_plasma,PMEL,33,0.0060842377547865815,0.030303030303030304,0.02315899315020303
GSM5050563,b_plasma,DCD,33,0.0,0.0,0.0
GSM5050563,b_plasma,TIMP1,33,0.9601516944258027,0.5454545454545454,1.380154072122242
GSM5050563,b_plasma,CHI3L1,33,0.4538811177892811,0.18181818181818182,0.9970721970717582
GSM5050563,b_plasma,FN1,33,0.7348647428410072,0.30303030303030304,1.3318593306937965
GSM5050563,b_plasma,DCN,33,1.1020625000980246,0.3939393939393939,1.817172776111508
GSM5050563,b_plasma,LUM,33,1.0251596359164104,0.36363636363636365,1.7255415361510629
GSM5050563,endothelial,COL1A1,560,0.27650756188748254,0.3125,0.8328494905911259
GSM5050563,endothelial,PDGFRA,560,0.009290819004078917,0.017857142857142856,0.017086225729876232
GSM5050563,endothelial,KRT14,560,0.572117483208783,0.5660714285714286,0.667972194527922
GSM5050563,endothelial,KRT10,560,0.5519253649791315,0.55,0.835522012166106
GSM5050563,endothelial,LYZ,560,0.003633748833345956,0.008928571428571428,0.006135791118971836
GSM5050563,endothelial,CD3D,560,0.0,0.0,0.0
GSM5050563,endothelial,MS4A1,560,0.0,0.0,0.0
GSM5050563,endothelial,PECAM1,560,2.5004614253231168,0.9464285714285714,2.8080420335751697
GSM5050563,endothelial,CCL21,560,0.014711957940174613,0.019642857142857142,0.013449388161960006
GSM5050563,endothelial,RGS5,560,0.047289126135622334,0.05357142857142857,0.2111582287960627
GSM5050563,endothelial,TPSAB1,560,0.0,0.0,0.0
GSM5050563,endothelial,PMEL,560,0.013360546935511447,0.033928571428571426,0.024320460011279958
GSM5050563,endothelial,DCD,560,0.006673712896475382,0.0017857142857142857,0.0036859905690731117
GSM5050563,endothelial,TIMP1,560,1.2112690594854065,0.7678571428571429,1.5394485986105995
GSM5050563,endothelial,CHI3L1,560,0.0037031687359507363,0.005357142857142857,0.0036859905690731117
GSM5050563,endothelial,FN1,560,0.5037042039181617,0.36428571428571427,1.2947802783156424
GSM5050563,endothelial,DCN,560,0.075132361679388,0.09821428571428571,0.20816389602422605
GSM5050563,endothelial,LUM,560,0.06814613704567994,0.08571428571428572,0.18388087337475473
GSM5050563,fibroblast,COL1A1,872,4.730264715156743,0.9942660550458715,5.268342717982258
GSM5050563,fibroblast,PDGFRA,872,0.9035274585710504,0.7454128440366973,1.0887629048736365
GSM5050563,fibroblast,KRT14,872,0.5039423102094358,0.551605504587156,0.6357131839708621
GSM5050563,fibroblast,KRT10,872,0.8426491828054704,0.7293577981651376,1.0944490061707512
GSM5050563,fibroblast,LYZ,872,0.0018462348055962733,0.0034403669724770644,0.0028192269525153116
GSM5050563,fibroblast,CD3D,872,0.0,0.0,0.0
GSM5050563,fibroblast,MS4A1,872,0.0,0.0,0.0
GSM5050563,fibroblast,PECAM1,872,0.08384584905576806,0.1353211009174312,0.12625615526050113
GSM5050563,fibroblast,CCL21,872,0.01636689589267683,0.02522935779816514,0.020492096622992048
GSM5050563,fibroblast,RGS5,872,0.06918887735921289,0.05504587155963303,0.22640895320228205
GSM5050563,fibroblast,TPSAB1,872,0.0,0.0,0.0
GSM5050563,fibroblast,PMEL,872,0.003072927585499097,0.0045871559633027525,0.0037572058008284097
GSM5050563,fibroblast,DCD,872,0.003705831628511686,0.0034403669724770644,0.0028192269525153116
GSM5050563,fibroblast,TIMP1,872,2.1605210753668804,0.9277522935779816,2.653333877566296
GSM5050563,fibroblast,CHI3L1,872,0.6657939188341195,0.3463302752293578,1.5932169014545738
GSM5050563,fibroblast,FN1,872,2.3003426122270434,0.926605504587156,3.016324777980165
GSM5050563,fibroblast,DCN,872,3.596958059511849,0.9736238532110092,3.9374908393960455
GSM5050563,fibroblast,LUM,872,3.014832096901334,0.9621559633027523,3.492108804476394
GSM5050563,keratinocyte,COL1A1,178,0.5425877419645322,0.5842696629213483,1.3750481848285032
GSM5050563,keratinocyte,PDGFRA,178,0.03152455819318833,0.05056179775280899,0.04738344799270789
GSM5050563,keratinocyte,KRT14,178,6.0792721997468835,0.9943820224719101,6.327784858849278
GSM5050563,keratinocyte,KRT10,178,0.6746706504567864,0.5786516853932584,1.309634923075936
GSM5050563,keratinocyte,LYZ,178,0.0,0.0,0.0
GSM5050563,keratinocyte,CD3D,178,0.0,0.0,0.0
GSM5050563,keratinocyte,MS4A1,178,0.0,0.0,0.0
GSM5050563,keratinocyte,PECAM1,178,0.06438389080878587,0.06179775280898876,0.056300675945750216
GSM5050563,keratinocyte,CCL21,178,0.004100547977793748,0.033707865168539325,0.009347911125783447
GSM5050563,keratinocyte,RGS5,178,0.028350410239476435,0.05056179775280899,0.02167739664581123
GSM5050563,keratinocyte,TPSAB1,178,0.0,0.0,0.0
GSM5050563,keratinocyte,PMEL,178,0.005760129373875124,0.028089887640449437,0.007795981634415685
GSM5050563,keratinocyte,DCD,178,0.0,0.0,0.0
GSM5050563,keratinocyte,TIMP1,178,0.307245002255177,0.38764044943820225,0.40710246888133284
GSM5050563,keratinocyte,CHI3L1,178,0.10549617429607087,0.10112359550561797,0.2518849701828579
GSM5050563,keratinocyte,FN1,178,0.09476893686298095,0.15168539325842698,0.14135468963637635
GSM5050563,keratinocyte,DCN,178,0.4372710759838045,0.5168539325842697,0.6916909490280458
GSM5050563,keratinocyte,LUM,178,0.1846382437001091,0.21348314606741572,0.3414422726536135
GSM5050563,lymphatic_ec,COL1A1,25,0.6376329758230397,0.64,0.6212528407355582
GSM5050563,lymphatic_ec,PDGFRA,25,0.0,0.0,0.0
GSM5050563,lymphatic_ec,KRT14,25,0.4941518237874286,0.64,0.5409951337240279
GSM5050563,lymphatic_ec,KRT10,25,0.48332823628753663,0.64,0.6340245205966415
GSM5050563,lymphatic_ec,LYZ,25,0.0,0.0,0.0
GSM5050563,lymphatic_ec,CD3D,25,0.0,0.0,0.0
GSM5050563,lymphatic_ec,MS4A1,25,0.0,0.0,0.0
GSM5050563,lymphatic_ec,PECAM1,25,1.4447893657759483,0.76,1.7957527486432636
GSM5050563,lymphatic_ec,CCL21,25,4.468745439952952,0.96,5.307478692827351
GSM5050563,lymphatic_ec,RGS5,25,0.27252702558278225,0.08,0.7867250793460364
GSM5050563,lymphatic_ec,TPSAB1,25,0.0,0.0,0.0
GSM5050563,lymphatic_ec,PMEL,25,0.0,0.0,0.0
GSM5050563,lymphatic_ec,DCD,25,0.0,0.0,0.0
GSM5050563,lymphatic_ec,TIMP1,25,3.510334952273692,0.92,4.467902587045421
GSM5050563,lymphatic_ec,CHI3L1,25,0.10680246813479927,0.04,0.023642154334812766
GSM5050563,lymphatic_ec,FN1,25,2.049600540891682,0.88,2.648596772843395
GSM5050563,lymphatic_ec,DCN,25,0.2260212161241379,0.08,0.13413140205971164
GSM5050563,lymphatic_ec,LUM,25,0.3669774421035044,0.28,0.2888817315267065
GSM5050563,mast,COL1A1,1,0.0,0.0,0.0
GSM5050563,mast,PDGFRA,1,0.0,0.0,0.0
GSM5050563,mast,KRT14,1,0.0,0.0,0.0
GSM5050563,mast,KRT10,1,0.0,0.0,0.0
GSM5050563,mast,LYZ,1,0.0,0.0,0.0
GSM5050563,mast,CD3D,1,0.0,0.0,0.0
GSM5050563,mast,MS4A1,1,0.0,0.0,0.0
GSM5050563,mast,PECAM1,1,3.4775642073389483,1.0,3.4775642073389483
GSM5050563,mast,CCL21,1,0.0,0.0,0.0
GSM5050563,mast,RGS5,1,0.0,0.0,0.0
GSM5050563,mast,TPSAB1,1,0.0,0.0,0.0
GSM5050563,mast,PMEL,1,0.0,0.0,0.0
GSM5050563,mast,DCD,1,0.0,0.0,0.0
GSM5050563,mast,TIMP1,1,1.8293964807524983,1.0,1.8293964807524983
GSM5050563,mast,CHI3L1,1,0.0,0.0,0.0
GSM5050563,mast,FN1,1,0.0,0.0,0.0
GSM5050563,mast,DCN,1,0.0,0.0,0.0
GSM5050563,mast,LUM,1,0.0,0.0,0.0
GSM5050563,melanocyte,COL1A1,15,0.4285532835477761,0.2,0.9759939876679353
GSM5050563,melanocyte,PDGFRA,15,0.0,0.0,0.0
GSM5050563,melanocyte,KRT14,15,1.3170884806754686,0.5333333333333333,1.7853072392668683
GSM5050563,melanocyte,KRT10,15,0.09039217738012448,0.06666666666666667,0.4390726069992525
GSM5050563,melanocyte,LYZ,15,0.0,0.0,0.0
GSM5050563,melanocyte,CD3D,15,0.0,0.0,0.0
GSM5050563,melanocyte,MS4A1,15,0.0,0.0,0.0
GSM5050563,melanocyte,PECAM1,15,0.0,0.0,0.0
GSM5050563,melanocyte,CCL21,15,0.0,0.0,0.0
GSM5050563,melanocyte,RGS5,15,0.0,0.0,0.0
GSM5050563,melanocyte,TPSAB1,15,0.0,0.0,0.0
GSM5050563,melanocyte,PMEL,15,0.0,0.0,0.0
GSM5050563,melanocyte,DCD,15,0.0,0.0,0.0
GSM5050563,melanocyte,TIMP1,15,0.6763128543074809,0.26666666666666666,1.460382644939934
GSM5050563,melanocyte,CHI3L1,15,0.0,0.0,0.0
GSM5050563,melanocyte,FN1,15,0.6085806784831913,0.26666666666666666,1.1647344504437394
GSM5050563,melanocyte,DCN,15,0.49188843193221954,0.13333333333333333,2.1000383278981527
GSM5050563,melanocyte,LUM,15,0.0,0.0,0.0
GSM5050563,myeloid,COL1A1,23,0.3476736332381147,0.34782608695652173,0.5981188257909159
GSM5050563,myeloid,PDGFRA,23,0.030219678765795788,0.043478260869565216,0.056832182427209214
GSM5050563,myeloid,KRT14,23,0.4378319528273936,0.391304347826087,0.5316500647395475
GSM5050563,myeloid,KRT10,23,0.16459525370903844,0.13043478260869565,0.16163786031663477
GSM5050563,myeloid,LYZ,23,2.8363616136870555,0.8695652173913043,3.6683256968568836
GSM5050563,myeloid,CD3D,23,0.0,0.0,0.0
GSM5050563,myeloid,MS4A1,23,0.0,0.0,0.0
GSM5050563,myeloid,PECAM1,23,0.9000589667190849,0.6956521739130435,1.054765326358907
GSM5050563,myeloid,CCL21,23,0.0,0.0,0.0
GSM5050563,myeloid,RGS5,23,0.029484451223474983,0.043478260869565216,0.056832182427209214
GSM5050563,myeloid,TPSAB1,23,0.0,0.0,0.0
GSM5050563,myeloid,PMEL,23,0.0,0.0,0.0
GSM5050563,myeloid,DCD,23,0.0,0.0,0.0
GSM5050563,myeloid,TIMP1,23,2.230249793827463,0.8260869565217391,3.220255892463699
GSM5050563,myeloid,CHI3L1,23,0.0,0.0,0.0
GSM5050563,myeloid,FN1,23,0.25313349752986364,0.21739130434782608,0.3431265828213501
GSM5050563,myeloid,DCN,23,0.0,0.0,0.0
GSM5050563,myeloid,LUM,23,0.23707573650584737,0.21739130434782608,0.4228487848338134
GSM5050563,pericyte_smc,COL1A1,718,2.476746189972445,0.9206128133704735,3.7700084540037864
GSM5050563,pericyte_smc,PDGFRA,718,0.0024581517043588035,0.005571030640668524,0.005509912334356875
GSM5050563,pericyte_smc,KRT14,718,0.535926940154896,0.5055710306406686,0.8405930375838034
GSM5050563,pericyte_smc,KRT10,718,0.7157614966575638,0.6671309192200557,0.9424930213913785
GSM5050563,pericyte_smc,LYZ,718,0.004000170677912566,0.004178272980501393,0.004135277804988589
GSM5050563,pericyte_smc,CD3D,718,0.0005806647858617207,0.001392757660167131,0.001380326865180436
GSM5050563,pericyte_smc,MS4A1,718,0.0,0.0,0.0
GSM5050563,pericyte_smc,PECAM1,718,0.040731072636552346,0.052924791086350974,0.06807470928598984
GSM5050563,pericyte_smc,CCL21,718,0.05533885218184087,0.057103064066852366,0.11101242999734505
GSM5050563,pericyte_smc,RGS5,718,2.1211278702470744,0.775766016713092,2.967621467042914
GSM5050563,pericyte_smc,TPSAB1,718,0.0,0.0,0.0
GSM5050563,pericyte_smc,PMEL,718,0.012059030930688884,0.022284122562674095,0.023210304007586394
GSM5050563,pericyte_smc,DCD,718,0.0,0.0,0.0
GSM5050563,pericyte_smc,TIMP1,718,1.9737180470453548,0.9220055710306406,2.5852908499828837
GSM5050563,pericyte_smc,CHI3L1,718,0.025680345908782536,0.019498607242339833,0.031275230238754295
GSM5050563,pericyte_smc,FN1,718,1.4750214259237582,0.7813370473537604,2.236835185219341
GSM5050563,pericyte_smc,DCN,718,0.8539098693982718,0.5236768802228412,1.3956094953691311
GSM5050563,pericyte_smc,LUM,718,0.837618306628512,0.5403899721448467,1.469131633545794
GSM5050563,sweat_gland,COL1A1,5,0.32529584312931653,0.6,0.19592059161744768
GSM5050563,sweat_gland,PDGFRA,5,0.0,0.0,0.0
GSM5050563,sweat_gland,KRT14,5,1.700862891276509,1.0,2.744378152713021
GSM5050563,sweat_gland,KRT10,5,0.9972161294936044,1.0,1.0048298410449699
GSM5050563,sweat_gland,LYZ,5,0.0,0.0,0.0
GSM5050563,sweat_gland,CD3D,5,0.0,0.0,0.0
GSM5050563,sweat_gland,MS4A1,5,0.0,0.0,0.0
GSM5050563,sweat_gland,PECAM1,5,0.0,0.0,0.0
GSM5050563,sweat_gland,CCL21,5,0.0,0.0,0.0
GSM5050563,sweat_gland,RGS5,5,0.047062603431319794,0.2,0.1027507512142638
GSM5050563,sweat_gland,TPSAB1,5,0.0,0.0,0.0
GSM5050563,sweat_gland,PMEL,5,0.0,0.0,0.0
GSM5050563,sweat_gland,DCD,5,1.1155625264507116,0.2,2.5905066980513696
GSM5050563,sweat_gland,TIMP1,5,0.537939127082125,0.8,0.5003454502167481
GSM5050563,sweat_gland,CHI3L1,5,0.19923957758240018,0.2,0.5003454502167481
GSM5050563,sweat_gland,FN1,5,0.0,0.0,0.0
GSM5050563,sweat_gland,DCN,5,0.0,0.0,0.0
GSM5050563,sweat_gland,LUM,5,0.026614098273514054,0.2,0.05269451007592635
GSM5050563,t_cell,COL1A1,51,0.3172078373020679,0.23529411764705882,0.4822316916614468
GSM5050563,t_cell,PDGFRA,51,0.0,0.0,0.0
GSM5050563,t_cell,KRT14,51,0.5032798002434281,0.3333333333333333,0.7626890375811917
GSM5050563,t_cell,KRT10,51,0.4219542053023652,0.3137254901960784,0.6936618633265752
GSM5050563,t_cell,LYZ,51,0.0,0.0,0.0
GSM5050563,t_cell,CD3D,51,1.2504305722392317,0.6666666666666666,1.7438183896278507
GSM5050563,t_cell,MS4A1,51,0.0,0.0,0.0
GSM5050563,t_cell,PECAM1,51,0.11568647516908422,0.058823529411764705,0.17451811445281967
GSM5050563,t_cell,CCL21,51,0.0,0.0,0.0
GSM5050563,t_cell,RGS5,51,0.017172232507649248,0.0196078431372549,0.046566815925063204
GSM5050563,t_cell,TPSAB1,51,0.0,0.0,0.0
GSM5050563,t_cell,PMEL,51,0.0,0.0,0.0
GSM5050563,t_cell,DCD,51,0.0,0.0,0.0
GSM5050563,t_cell,TIMP1,51,0.6061353205629787,0.35294117647058826,1.0992984735074767
GSM5050563,t_cell,CHI3L1,51,0.0,0.0,0.0
GSM5050563,t_cell,FN1,51,0.1698037308681786,0.11764705882352941,0.25154320888130915
GSM5050563,t_cell,DCN,51,0.06845256944554753,0.0392156862745098,0.09106130728284119
GSM5050563,t_cell,LUM,51,0.1141721242627308,0.058823529411764705,0.13366008815253066
GSM5050564,b_plasma,COL1A1,1,0.7672345488982519,1.0,0.7672345488982519
GSM5050564,b_plasma,PDGFRA,1,1.7254784721796308,1.0,1.7254784721796308
GSM5050564,b_plasma,KRT14,1,0.0,0.0,0.0
GSM5050564,b_plasma,KRT10,1,0.7672345488982519,1.0,0.7672345488982519
GSM5050564,b_plasma,LYZ,1,0.0,0.0,0.0
GSM5050564,b_plasma,CD3D,1,0.0,0.0,0.0
GSM5050564,b_plasma,MS4A1,1,0.0,0.0,0.0
GSM5050564,b_plasma,PECAM1,1,0.0,0.0,0.0
GSM5050564,b_plasma,CCL21,1,0.0,0.0,0.0
GSM5050564,b_plasma,RGS5,1,0.0,0.0,0.0
GSM5050564,b_plasma,TPSAB1,1,0.0,0.0,0.0
GSM5050564,b_plasma,PMEL,1,0.0,0.0,0.0
GSM5050564,b_plasma,DCD,1,0.7672345488982519,1.0,0.7672345488982519
GSM5050564,b_plasma,TIMP1,1,1.7254784721796308,1.0,1.7254784721796308
GSM5050564,b_plasma,CHI3L1,1,0.0,0.0,0.0
GSM5050564,b_plasma,FN1,1,0.0,0.0,0.0
GSM5050564,b_plasma,DCN,1,3.4704948104359175,1.0,3.4704948104359175
GSM5050564,b_plasma,LUM,1,0.0,0.0,0.0
GSM5050564,endothelial,COL1A1,253,0.028220209143581268,0.043478260869565216,0.05853844110138797
GSM5050564,endothelial,PDGFRA,253,0.0307402737751062,0.05533596837944664,0.04115858076760839
GSM5050564,endothelial,KRT14,253,0.34010642107126543,0.4031620553359684,0.3273523701506837
GSM5050564,endothelial,KRT10,253,0.6866020469402817,0.6640316205533597,1.2944309678271118
GSM5050564,endothelial,LYZ,253,0.0008267794511210865,0.003952569169960474,0.0018251740669941196
GSM5050564,endothelial,CD3D,253,0.0,0.0,0.0
GSM5050564,endothelial,MS4A1,253,0.0,0.0,0.0
GSM5050564,endothelial,PECAM1,253,2.4681177122428415,0.9367588932806324,2.6288125249269094
GSM5050564,endothelial,CCL21,253,0.014923991915928497,0.011857707509881422,0.005465558718226387
GSM5050564,endothelial,RGS5,253,0.19820530368118028,0.10276679841897234,1.205478503215866
GSM5050564,endothelial,TPSAB1,253,0.0,0.0,0.0
GSM5050564,endothelial,PMEL,253,0.009245026232606703,0.039525691699604744,0.018103544584065698
GSM5050564,endothelial,DCD,253,1.2822901979358765,0.9090909090909091,0.9654192132037667
GSM5050564,endothelial,TIMP1,253,0.5876441281701107,0.6403162055335968,0.8147864380390571
GSM5050564,endothelial,CHI3L1,253,0.0,0.0,0.0
GSM5050564,endothelial,FN1,253,0.38009449967749054,0.38735177865612647,0.7064011965385244
GSM5050564,endothelial,DCN,253,0.1300127717385052,0.06719367588932806,1.0728373740665236
GSM5050564,endothelial,LUM,253,0.025217293754393896,0.023715415019762844,0.046404328407270275
GSM5050564,fibroblast,COL1A1,196,1.6253241267274592,0.8469387755102041,2.643793088496654
GSM5050564,fibroblast,PDGFRA,196,1.3879487758849731,0.8316326530612245,1.6201209149025095
GSM5050564,fibroblast,KRT14,196,0.359669716598688,0.2602040816326531,0.5691111522197696
GSM5050564,fibroblast,KRT10,196,0.7630914366048637,0.5867346938775511,1.0363339615397087
GSM5050564,fibroblast,LYZ,196,0.0,0.0,0.0
GSM5050564,fibroblast,CD3D,196,0.0,0.0,0.0
GSM5050564,fibroblast,MS4A1,196,0.0,0.0,0.0
GSM5050564,fibroblast,PECAM1,196,0.0,0.0,0.0
GSM5050564,fibroblast,CCL21,196,0.008956574998751231,0.01020408163265306,0.016181059169516225
GSM5050564,fibroblast,RGS5,196,0.010522816711675284,0.01020408163265306,0.016181059169516225
GSM5050564,fibroblast,TPSAB1,196,0.0,0.0,0.0
GSM5050564,fibroblast,PMEL,196,0.0035237577512627215,0.00510204081632653,0.008123257562197308
GSM5050564,fibroblast,DCD,196,1.595384333446148,0.8877551020408163,1.7169552470054108
GSM5050564,fibroblast,TIMP1,196,1.499450902408652,0.8520408163265306,1.8613046443133658
GSM5050564,fibroblast,CHI3L1,196,0.0,0.0,0.0
GSM5050564,fibroblast,FN1,196,0.6870613007624974,0.45408163265306123,1.4305439678576806
GSM5050564,fibroblast,DCN,196,3.948969156624827,0.9948979591836735,4.166620457766848
GSM5050564,fibroblast,LUM,196,1.4901561413598339,0.7295918367346939,2.216226603274692
GSM5050564,keratinocyte,COL1A1,261,0.16740653022566812,0.18007662835249041,0.22558435582466732
GSM5050564,keratinocyte,PDGFRA,261,0.004716594528300757,0.007662835249042145,0.009810989737268058
GSM5050564,keratinocyte,KRT14,261,4.299431182371496,0.9233716475095786,5.203445995810459
GSM5050564,keratinocyte,KRT10,261,2.636679320469591,0.789272030651341,4.719604435408254
GSM5050564,keratinocyte,LYZ,261,0.0,0.0,0.0
GSM5050564,keratinocyte,CD3D,261,0.0,0.0,0.0
GSM5050564,keratinocyte,MS4A1,261,0.0,0.0,0.0
GSM5050564,keratinocyte,PECAM1,261,0.002853067191251146,0.0038314176245210726,0.0032810366002583376
GSM5050564,keratinocyte,CCL21,261,0.00847508351452479,0.01532567049808429,0.013060045496528798
GSM5050564,keratinocyte,RGS5,261,0.006269608511642155,0.011494252873563218,0.009810989737268058
GSM5050564,keratinocyte,TPSAB1,261,0.0,0.0,0.0
GSM5050564,keratinocyte,PMEL,261,0.018863133202539687,0.022988505747126436,0.019526658391908633
GSM5050564,keratinocyte,DCD,261,1.5249980021823026,0.9272030651340997,1.4083590327112663
GSM5050564,keratinocyte,TIMP1,261,0.23516587339198597,0.24521072796934865,0.4353776117751852
GSM5050564,keratinocyte,CHI3L1,261,0.02623635202358215,0.04597701149425287,0.057472035672643175
GSM5050564,keratinocyte,FN1,261,0.0,0.0,0.0
GSM5050564,keratinocyte,DCN,261,0.26490723310371467,0.27586206896551724,0.43111577555046937
GSM5050564,keratinocyte,LUM,261,0.001665773598918184,0.0038314176245210726,0.0032810366002583376
GSM5050564,lymphatic_ec,COL1A1,48,0.17032485620814805,0.16666666666666666,0.25869992668123004
GSM5050564,lymphatic_ec,PDGFRA,48,0.19950512207854929,0.16666666666666666,0.2199685683983061
GSM5050564,lymphatic_ec,KRT14,48,0.5330689445909148,0.3958333333333333,1.657894425252815
GSM5050564,lymphatic_ec,KRT10,48,0.7858826693984936,0.75,0.9000893496930462
GSM5050564,lymphatic_ec,LYZ,48,0.0,0.0,0.0
GSM5050564,lymphatic_ec,CD3D,48,0.0,0.0,0.0
GSM5050564,lymphatic_ec,MS4A1,48,0.0,0.0,0.0
GSM5050564,lymphatic_ec,PECAM1,48,1.392790271875749,0.6875,1.9369712543465927
GSM5050564,lymphatic_ec,CCL21,48,2.200544378718838,0.6458333333333334,3.776499086725321
GSM5050564,lymphatic_ec,RGS5,48,0.061409615610517464,0.08333333333333333,0.108690741601168
GSM5050564,lymphatic_ec,TPSAB1,48,0.0,0.0,0.0
GSM5050564,lymphatic_ec,PMEL,48,0.0076803558095305145,0.020833333333333332,0.016269436386812275
GSM5050564,lymphatic_ec,DCD,48,1.261215216389892,0.9375,1.162505470620534
GSM5050564,lymphatic_ec,TIMP1,48,1.5624106510385463,0.875,1.803090667913849
GSM5050564,lymphatic_ec,CHI3L1,48,0.0,0.0,0.0
GSM5050564,lymphatic_ec,FN1,48,0.5961609577626451,0.4791666666666667,0.8239102051975266
GSM5050564,lymphatic_ec,DCN,48,1.0250235884221615,0.2916666666666667,2.6786125393263767
GSM5050564,lymphatic_ec,LUM,48,0.2020348492390187,0.14583333333333334,0.32009427537348656
GSM5050564,mast,COL1A1,3,0.6342195298848051,0.3333333333333333,0.7318080909110594
GSM5050564,mast,PDGFRA,3,0.29540406271507574,0.3333333333333333,0.23878772776067442
GSM5050564,mast,KRT14,3,0.2756023885797121,0.3333333333333333,0.23878772776067442
GSM5050564,mast,KRT10,3,0.4890873688545399,0.6666666666666666,0.5928443819600681
GSM5050564,mast,LYZ,3,0.0,0.0,0.0
GSM5050564,mast,CD3D,3,0.0,0.0,0.0
GSM5050564,mast,MS4A1,3,0.0,0.0,0.0
GSM5050564,mast,PECAM1,3,0.0,0.0,0.0
GSM5050564,mast,CCL21,3,0.0,0.0,0.0
GSM5050564,mast,RGS5,3,0.0,0.0,0.0
GSM5050564,mast,TPSAB1,3,0.0,0.0,0.0
GSM5050564,mast,PMEL,3,0.0,0.0,0.0
GSM5050564,mast,DCD,3,1.426279071388376,1.0,1.3075459804605802
GSM5050564,mast,TIMP1,3,0.6985045808170556,0.3333333333333333,0.8537959534177194
GSM5050564,mast,CHI3L1,3,0.0,0.0,0.0
GSM5050564,mast,FN1,3,0.29540406271507574,0.3333333333333333,0.23878772776067442
GSM5050564,mast,DCN,3,1.3281713666857804,0.3333333333333333,2.3960055254620585
GSM5050564,mast,LUM,3,0.7987362230724546,0.3333333333333333,1.0605513705476666
GSM5050564,melanocyte,COL1A1,51,0.3233522465748398,0.23529411764705882,0.28958433692717633
GSM5050564,melanocyte,PDGFRA,51,0.1465631737112602,0.13725490196078433,0.18890055411152057
GSM5050564,melanocyte,KRT14,51,0.543359508021061,0.39215686274509803,1.8138543945991579
GSM5050564,melanocyte,KRT10,51,0.801657896745824,0.7058823529411765,0.9915297018524625
GSM5050564,melanocyte,LYZ,51,0.0,0.0,0.0
GSM5050564,melanocyte,CD3D,51,0.0,0.0,0.0
GSM5050564,melanocyte,MS4A1,51,0.0,0.0,0.0
GSM5050564,melanocyte,PECAM1,51,0.03494546596229762,0.0392156862745098,0.03148686373245438
GSM5050564,melanocyte,CCL21,51,0.0,0.0,0.0
GSM5050564,melanocyte,RGS5,51,0.08920850299175008,0.0392156862745098,0.09163384592209164
GSM5050564,melanocyte,TPSAB1,51,0.0,0.0,0.0
GSM5050564,melanocyte,PMEL,51,3.0706263215269303,0.7254901960784313,4.74427641347839
GSM5050564,melanocyte,DCD,51,1.169722131192336,0.8431372549019608,1.209290052471946
GSM5050564,melanocyte,TIMP1,51,0.917624012902763,0.7450980392156863,1.1194647986262318
GSM5050564,melanocyte,CHI3L1,51,0.00775682190327951,0.0196078431372549,0.01586735457066032
GSM5050564,melanocyte,FN1,51,0.7172570049221746,0.6078431372549019,1.098358486432008
GSM5050564,melanocyte,DCN,51,1.2003640534677202,0.37254901960784315,1.831941630669281
GSM5050564,melanocyte,LUM,51,0.3122511785526326,0.1568627450980392,0.21503770173249523
GSM5050564,myeloid,COL1A1,20,0.0,0.0,0.0
GSM5050564,myeloid,PDGFRA,20,0.0,0.0,0.0
GSM5050564,myeloid,KRT14,20,0.07732480003288644,0.15,0.14182683726096226
GSM5050564,myeloid,KRT10,20,0.47314800516368793,0.5,0.7259238955910091
GSM5050564,myeloid,LYZ,20,2.6321032228562844,0.9,3.052328427228807
GSM5050564,myeloid,CD3D,20,0.0,0.0,0.0
GSM5050564,myeloid,MS4A1,20,0.0,0.0,0.0
GSM5050564,myeloid,PECAM1,20,0.28004102744704595,0.25,0.443862385612273
GSM5050564,myeloid,CCL21,20,0.0,0.0,0.0
GSM5050564,myeloid,RGS5,20,0.0,0.0,0.0
GSM5050564,myeloid,TPSAB1,20,0.0,0.0,0.0
GSM5050564,myeloid,PMEL,20,0.08905199041804704,0.15,0.14182683726096226
GSM5050564,myeloid,DCD,20,1.2642715269237546,0.8,1.2923140564931637
GSM5050564,myeloid,TIMP1,20,1.2304301472931294,0.85,1.581083585658409
GSM5050564,myeloid,CHI3L1,20,0.0,0.0,0.0
GSM5050564,myeloid,FN1,20,0.0,0.0,0.0
GSM5050564,myeloid,DCN,20,0.3701669003394329,0.1,0.8418263682738071
GSM5050564,myeloid,LUM,20,0.12040401714422214,0.1,0.14182683726096226
GSM5050564,pericyte_smc,COL1A1,268,1.0016496905524965,0.7164179104477612,1.3711870659832344
GSM5050564,pericyte_smc,PDGFRA,268,0.018216321831874403,0.018656716417910446,0.09644667977288701
GSM5050564,pericyte_smc,KRT14,268,0.37723803746162704,0.29850746268656714,1.5589404922328027
GSM5050564,pericyte_smc,KRT10,268,0.681701763374561,0.6455223880597015,0.8383340147581375
GSM5050564,pericyte_smc,LYZ,268,0.0,0.0,0.0
GSM5050564,pericyte_smc,CD3D,268,0.0,0.0,0.0
GSM5050564,pericyte_smc,MS4A1,268,0.0,0.0,0.0
GSM5050564,pericyte_smc,PECAM1,268,0.009590859712154112,0.014925373134328358,0.014888738110574054
GSM5050564,pericyte_smc,CCL21,268,0.003348725541682485,0.007462686567164179,0.007472078114671082
GSM5050564,pericyte_smc,RGS5,268,1.9020648299510128,0.6604477611940298,2.9194665375493645
GSM5050564,pericyte_smc,TPSAB1,268,0.0,0.0,0.0
GSM5050564,pericyte_smc,PMEL,268,0.017001774141709707,0.026119402985074626,0.02591159920410855
GSM5050564,pericyte_smc,DCD,268,1.3252789432951855,0.8805970149253731,1.403956489831383
GSM5050564,pericyte_smc,TIMP1,268,1.2273084218816515,0.8544776119402985,1.5317532674114067
GSM5050564,pericyte_smc,CHI3L1,268,0.01317125185356285,0.018656716417910446,0.022250795977956924
GSM5050564,pericyte_smc,FN1,268,0.863505769673697,0.6417910447761194,1.294048171084951
GSM5050564,pericyte_smc,DCN,268,0.35048235227341207,0.23507462686567165,1.534990395140423
GSM5050564,pericyte_smc,LUM,268,0.0794244213114505,0.07835820895522388,0.22713729968856963
GSM5050564,sweat_gland,COL1A1,590,0.5970438751790511,0.3610169491525424,0.7633450772835292
GSM5050564,sweat_gland,PDGFRA,590,0.4043706657020005,0.24067796610169492,0.577551904999906
GSM5050564,sweat_gland,KRT14,590,1.4222040376260496,0.47796610169491527,3.3158759584501465
GSM5050564,sweat_gland,KRT10,590,0.7612173515925635,0.5423728813559322,1.5134603783708342
GSM5050564,sweat_gland,LYZ,590,0.00204471443094733,0.001694915254237288,0.002162953827797525
GSM5050564,sweat_gland,CD3D,590,0.001382630385439058,0.001694915254237288,0.002162953827797525
GSM5050564,sweat_gland,MS4A1,590,0.0,0.0,0.0
GSM5050564,sweat_gland,PECAM1,590,0.0661652885725882,0.03220338983050847,0.05477002264399205
GSM5050564,sweat_gland,CCL21,590,0.0024894755113561975,0.005084745762711864,0.006474876769496643
GSM5050564,sweat_gland,RGS5,590,0.13545769710762653,0.0576271186440678,0.5366200651510151
GSM5050564,sweat_gland,TPSAB1,590,0.0,0.0,0.0
GSM5050564,sweat_gland,PMEL,590,0.004760292825130773,0.00847457627118644,0.010768286829300273
GSM5050564,sweat_gland,DCD,590,2.752491514083851,0.9576271186440678,7.29383987070581
GSM5050564,sweat_gland,TIMP1,590,0.7989254533652553,0.48135593220338985,0.9979621829182923
GSM5050564,sweat_gland,CHI3L1,590,0.008156418895180444,0.013559322033898305,0.02986373224856908
GSM5050564,sweat_gland,FN1,590,0.22226156314390522,0.1576271186440678,0.3322373072200235
GSM5050564,sweat_gland,DCN,590,1.67778471366768,0.4830508474576271,2.836736002135858
GSM5050564,sweat_gland,LUM,590,0.3660925783954734,0.21694915254237288,0.6388318037731551
GSM5050564,t_cell,COL1A1,25,0.0,0.0,0.0
GSM5050564,t_cell,PDGFRA,25,0.0,0.0,0.0
GSM5050564,t_cell,KRT14,25,0.11482406350333609,0.08,0.16290011756209474
GSM5050564,t_cell,KRT10,25,0.5527021203510959,0.44,0.8057764748584976
GSM5050564,t_cell,LYZ,25,0.0,0.0,0.0
GSM5050564,t_cell,CD3D,25,1.0102058617371654,0.64,1.3881988500576083
GSM5050564,t_cell,MS4A1,25,0.0,0.0,0.0
GSM5050564,t_cell,PECAM1,25,0.0,0.0,0.0
GSM5050564,t_cell,CCL21,25,0.0825608253944135,0.04,0.08476345367384823
GSM5050564,t_cell,RGS5,25,0.04129877582301332,0.04,0.08476345367384823
GSM5050564,t_cell,TPSAB1,25,0.0,0.0,0.0
GSM5050564,t_cell,PMEL,25,0.0,0.0,0.0
GSM5050564,t_cell,DCD,25,2.109926041972561,1.0,2.1318683555907842
GSM5050564,t_cell,TIMP1,25,0.6188712861601922,0.48,0.8818454636353175
GSM5050564,t_cell,CHI3L1,25,0.0,0.0,0.0
GSM5050564,t_cell,FN1,25,0.0,0.0,0.0
GSM5050564,t_cell,DCN,25,0.0,0.0,0.0
GSM5050564,t_cell,LUM,25,0.0,0.0,0.0
GSM5050566,b_plasma,COL1A1,19,0.4118725519228031,0.21052631578947367,1.112793023384486
GSM5050566,b_plasma,PDGFRA,19,0.007339213419714326,0.05263157894736842,0.04439629827694571
GSM5050566,b_plasma,KRT14,19,0.44754637536506836,0.21052631578947367,1.5992867361033385
GSM5050566,b_plasma,KRT10,19,0.68491777672544,0.5263157894736842,0.7369331684827434
GSM5050566,b_plasma,LYZ,19,0.0,0.0,0.0
GSM5050566,b_plasma,CD3D,19,0.07464478326977839,0.05263157894736842,0.04439629827694571
GSM5050566,b_plasma,MS4A1,19,1.1160151580431505,0.3684210526315789,1.27748457435795
GSM5050566,b_plasma,PECAM1,19,0.10521984095773267,0.15789473684210525,0.12768028258644118
GSM5050566,b_plasma,CCL21,19,0.06991513255815555,0.05263157894736842,0.12768028258644118
GSM5050566,b_plasma,RGS5,19,0.11729781191720444,0.10526315789473684,0.20455815448318268
GSM5050566,b_plasma,TPSAB1,19,0.0,0.0,0.0
GSM5050566,b_plasma,PMEL,19,0.0,0.0,0.0
GSM5050566,b_plasma,DCD,19,0.15928433384461924,0.2631578947368421,0.20455815448318268
GSM5050566,b_plasma,TIMP1,19,0.867976800931059,0.42105263157894735,2.100794038750544
GSM5050566,b_plasma,CHI3L1,19,0.0,0.0,0.0
GSM5050566,b_plasma,FN1,19,0.1707225108592701,0.15789473684210525,0.27594541529295463
GSM5050566,b_plasma,DCN,19,0.33510886731788747,0.15789473684210525,0.9155250527870615
GSM5050566,b_plasma,LUM,19,0.38635282466907045,0.15789473684210525,1.112793023384486
GSM5050566,endothelial,COL1A1,432,0.10880326120920435,0.08796296296296297,0.35917429734931394
GSM5050566,endothelial,PDGFRA,432,0.04842267852002224,0.06712962962962964,0.05380096001790515
GSM5050566,endothelial,KRT14,432,0.25525187502342944,0.2662037037037037,0.2400775495903608
GSM5050566,endothelial,KRT10,432,0.5315306672431244,0.5162037037037037,0.7850835220685659
GSM5050566,endothelial,LYZ,432,0.0088490094141986,0.011574074074074073,0.0083400550704808
GSM5050566,endothelial,CD3D,432,0.0,0.0,0.0
GSM5050566,endothelial,MS4A1,432,0.0005508594454705142,0.0023148148148148147,0.0016735848185259904
GSM5050566,endothelial,PECAM1,432,2.1745828266444236,0.8981481481481481,2.396950896244112
GSM5050566,endothelial,CCL21,432,0.0025092208951407358,0.004629629629629629,0.0050123751624190985
GSM5050566,endothelial,RGS5,432,0.04335737919401118,0.046296296296296294,0.296429049536547
GSM5050566,endothelial,TPSAB1,432,0.0,0.0,0.0
GSM5050566,endothelial,PMEL,432,0.004275424386982776,0.009259259259259259,0.0083400550704808
GSM5050566,endothelial,DCD,432,0.24863716104589148,0.30324074074074076,0.25964713768313846
GSM5050566,endothelial,TIMP1,432,1.0569622698712702,0.7175925925925926,1.49376242906117
GSM5050566,endothelial,CHI3L1,432,0.003781861594018338,0.011574074074074073,0.0083400550704808
GSM5050566,endothelial,FN1,432,1.3542291479007642,0.6550925925925926,2.110742097184161
GSM5050566,endothelial,DCN,432,0.05708166848942854,0.04398148148148148,0.11535696726607625
GSM5050566,endothelial,LUM,432,0.006943143708897688,0.006944444444444444,0.02644695253416699
GSM5050566,fibroblast,COL1A1,170,4.06281771373297,0.9823529411764705,4.9732058786599636
GSM5050566,fibroblast,PDGFRA,170,0.9620260146405107,0.7470588235294118,1.1949425757965595
GSM5050566,fibroblast,KRT14,170,0.26321183434070367,0.32941176470588235,0.572762427271028
GSM5050566,fibroblast,KRT10,170,0.9955778291055691,0.8,1.2237792216076475
GSM5050566,fibroblast,LYZ,170,0.02987396128165044,0.029411764705882353,0.02779809855721316
GSM5050566,fibroblast,CD3D,170,0.0,0.0,0.0
GSM5050566,fibroblast,MS4A1,170,0.0,0.0,0.0
GSM5050566,fibroblast,PECAM1,170,0.03280172916334258,0.07647058823529412,0.05484431657473591
GSM5050566,fibroblast,CCL21,170,0.03010516163324436,0.03529411764705882,0.047191178950016954
GSM5050566,fibroblast,RGS5,170,0.09575907911812472,0.07058823529411765,0.2545913973930958
GSM5050566,fibroblast,TPSAB1,170,0.0,0.0,0.0
GSM5050566,fibroblast,PMEL,170,0.007517677008738094,0.011764705882352941,0.008021476280630322
GSM5050566,fibroblast,DCD,170,0.25030916121190744,0.35294117647058826,0.27925873101250887
GSM5050566,fibroblast,TIMP1,170,2.2557079630728696,0.9411764705882353,2.5506029797805323
GSM5050566,fibroblast,CHI3L1,170,0.7661578127456982,0.3058823529411765,2.7860928403899883
GSM5050566,fibroblast,FN1,170,1.2930212869480826,0.8117647058823529,1.716036969450259
GSM5050566,fibroblast,DCN,170,3.65380035406364,0.9529411764705882,4.276018702432803
GSM5050566,fibroblast,LUM,170,2.58611087299093,0.9352941176470588,3.255879304783467
GSM5050566,keratinocyte,COL1A1,263,0.11990016039027722,0.19771863117870722,0.18742887984659135
GSM5050566,keratinocyte,PDGFRA,263,0.00401296837430627,0.011406844106463879,0.006355363840507149
GSM5050566,keratinocyte,KRT14,263,4.43464696980975,0.935361216730038,5.259962144498627
GSM5050566,keratinocyte,KRT10,263,1.753437453999778,0.7680608365019012,4.00100074425858
GSM5050566,keratinocyte,LYZ,263,0.0,0.0,0.0
GSM5050566,keratinocyte,CD3D,263,0.0,0.0,0.0
GSM5050566,keratinocyte,MS4A1,263,0.0,0.0,0.0
GSM5050566,keratinocyte,PECAM1,263,0.046713308785725126,0.03802281368821293,0.07766230032492823
GSM5050566,keratinocyte,CCL21,263,0.014018413000584692,0.030418250950570342,0.01894618815554186
GSM5050566,keratinocyte,RGS5,263,0.011814933454360974,0.034220532319391636,0.02102933215536865
GSM5050566,keratinocyte,TPSAB1,263,0.0,0.0,0.0
GSM5050566,keratinocyte,PMEL,263,0.004114462945304966,0.015209125475285171,0.008464874334761441
GSM5050566,keratinocyte,DCD,263,0.21985798439742602,0.3650190114068441,0.2355858905804094
GSM5050566,keratinocyte,TIMP1,263,0.2524310884588895,0.3155893536121673,0.37778097791899906
GSM5050566,keratinocyte,CHI3L1,263,0.08566423550425468,0.11406844106463879,0.1996872874441147
GSM5050566,keratinocyte,FN1,263,0.03872491621641202,0.04182509505703422,0.06778165229024005
GSM5050566,keratinocyte,DCN,263,0.26007746692224465,0.22813688212927757,0.5150299410532893
GSM5050566,keratinocyte,LUM,263,0.051494068494405104,0.060836501901140684,0.09327103936569596
GSM5050566,lymphatic_ec,COL1A1,45,0.535124524288613,0.35555555555555557,1.1050396114663914
GSM5050566,lymphatic_ec,PDGFRA,45,0.017655190996474248,0.022222222222222223,0.0206042471611739
GSM5050566,lymphatic_ec,KRT14,45,0.38706037706536045,0.24444444444444444,1.845205902906772
GSM5050566,lymphatic_ec,KRT10,45,0.40423271521902004,0.4444444444444444,0.6502350465594903
GSM5050566,lymphatic_ec,LYZ,45,0.0,0.0,0.0
GSM5050566,lymphatic_ec,CD3D,45,0.027278748931105698,0.022222222222222223,0.04079251582597928
GSM5050566,lymphatic_ec,MS4A1,45,0.0,0.0,0.0
GSM5050566,lymphatic_ec,PECAM1,45,1.041837248764989,0.4888888888888889,1.3486089190359392
GSM5050566,lymphatic_ec,CCL21,45,1.5640537198578304,0.5111111111111111,4.363696863286173
GSM5050566,lymphatic_ec,RGS5,45,0.12304474217330509,0.044444444444444446,1.2158765907908062
GSM5050566,lymphatic_ec,TPSAB1,45,0.0,0.0,0.0
GSM5050566,lymphatic_ec,PMEL,45,0.0,0.0,0.0
GSM5050566,lymphatic_ec,DCD,45,0.21787824762277996,0.2,0.2395157846286631
GSM5050566,lymphatic_ec,TIMP1,45,1.3189514532397382,0.6444444444444445,2.144305258346156
GSM5050566,lymphatic_ec,CHI3L1,45,0.04437940629725626,0.044444444444444446,0.0799860171055346
GSM5050566,lymphatic_ec,FN1,45,1.227745475360432,0.5555555555555556,2.101961445060107
GSM5050566,lymphatic_ec,DCN,45,0.48725180242068544,0.26666666666666666,1.3593596646631236
GSM5050566,lymphatic_ec,LUM,45,0.5709442436182712,0.28888888888888886,1.1521751493789472
GSM5050566,mast,COL1A1,6,1.494385282896691,0.5,2.8388363164844406
GSM5050566,mast,PDGFRA,6,0.0,0.0,0.0
GSM5050566,mast,KRT14,6,1.7032104501802248,0.5,3.028814836636987
GSM5050566,mast,KRT10,6,1.1669594634660594,0.5,1.5210126776148307
GSM5050566,mast,LYZ,6,0.0,0.0,0.0
GSM5050566,mast,CD3D,6,0.0,0.0,0.0
GSM5050566,mast,MS4A1,6,0.0,0.0,0.0
GSM5050566,mast,PECAM1,6,0.0,0.0,0.0
GSM5050566,mast,CCL21,6,0.0,0.0,0.0
GSM5050566,mast,RGS5,6,0.0,0.0,0.0
GSM5050566,mast,TPSAB1,6,0.0,0.0,0.0
GSM5050566,mast,PMEL,6,0.0,0.0,0.0
GSM5050566,mast,DCD,6,0.44029239640807677,0.16666666666666666,0.6388042051562682
GSM5050566,mast,TIMP1,6,0.8952245604628807,0.3333333333333333,1.8508592578182623
GSM5050566,mast,CHI3L1,6,0.0,0.0,0.0
GSM5050566,mast,FN1,6,0.0,0.0,0.0
GSM5050566,mast,DCN,6,0.5543741758599773,0.16666666666666666,1.3036307817985886
GSM5050566,mast,LUM,6,0.9300564601833127,0.3333333333333333,1.3036307817985886
GSM5050566,melanocyte,COL1A1,37,0.3249534335150044,0.13513513513513514,0.7288185697138537
GSM5050566,melanocyte,PDGFRA,37,0.0,0.0,0.0
GSM5050566,melanocyte,KRT14,37,0.9275477144261225,0.32432432432432434,3.866889756256699
GSM5050566,melanocyte,KRT10,37,0.29852334982148687,0.16216216216216217,0.7915024030255905
GSM5050566,melanocyte,LYZ,37,0.0,0.0,0.0
GSM5050566,melanocyte,CD3D,37,0.0,0.0,0.0
GSM5050566,melanocyte,MS4A1,37,0.0,0.0,0.0
GSM5050566,melanocyte,PECAM1,37,0.0,0.0,0.0
GSM5050566,melanocyte,CCL21,37,0.0,0.0,0.0
GSM5050566,melanocyte,RGS5,37,0.0,0.0,0.0
GSM5050566,melanocyte,TPSAB1,37,0.0,0.0,0.0
GSM5050566,melanocyte,PMEL,37,0.06635876175436563,0.02702702702702703,0.12582070159029776
GSM5050566,melanocyte,DCD,37,0.0,0.0,0.0
GSM5050566,melanocyte,TIMP1,37,0.44827554227504285,0.13513513513513514,1.7624743514252368
GSM5050566,melanocyte,CHI3L1,37,0.0,0.0,0.0
GSM5050566,melanocyte,FN1,37,0.24264792016183803,0.10810810810810811,0.5902685098823788
GSM5050566,melanocyte,DCN,37,0.09354646750133308,0.02702702702702703,1.7153605965811443
GSM5050566,melanocyte,LUM,37,0.02797240174207679,0.02702702702702703,0.23756515668909295
GSM5050566,myeloid,COL1A1,37,0.056238994418294205,0.10810810810810811,0.07646719506622507
GSM5050566,myeloid,PDGFRA,37,0.010759977604228765,0.02702702702702703,0.019671927069040796
GSM5050566,myeloid,KRT14,37,0.21214856257348563,0.2972972972972973,0.22973539985556285
GSM5050566,myeloid,KRT10,37,0.2645522780116323,0.35135135135135137,0.389878036771315
GSM5050566,myeloid,LYZ,37,2.5637345541588883,0.7837837837837838,3.4972682266880115
GSM5050566,myeloid,CD3D,37,0.0,0.0,0.0
GSM5050566,myeloid,MS4A1,37,0.0,0.0,0.0
GSM5050566,myeloid,PECAM1,37,0.2610820127012134,0.43243243243243246,0.34868350614627935
GSM5050566,myeloid,CCL21,37,0.012077035791108614,0.02702702702702703,0.019671927069040796
GSM5050566,myeloid,RGS5,37,0.0,0.0,0.0
GSM5050566,myeloid,TPSAB1,37,0.0,0.0,0.0
GSM5050566,myeloid,PMEL,37,0.013499689738394747,0.02702702702702703,0.019671927069040796
GSM5050566,myeloid,DCD,37,0.24466261738667194,0.32432432432432434,0.30571880370674265
GSM5050566,myeloid,TIMP1,37,2.015294189369547,0.918918918918919,2.569483949057121
GSM5050566,myeloid,CHI3L1,37,0.07227788068180126,0.10810810810810811,0.0947040619703762
GSM5050566,myeloid,FN1,37,0.05430284966515669,0.08108108108108109,0.1644971842332213
GSM5050566,myeloid,DCN,37,0.0,0.0,0.0
GSM5050566,myeloid,LUM,37,0.016710144511290402,0.02702702702702703,0.019671927069040796
GSM5050566,pericyte_smc,COL1A1,287,2.211266793814874,0.8989547038327527,3.206001408498194
GSM5050566,pericyte_smc,PDGFRA,287,0.010210309728885803,0.013937282229965157,0.01196533958575669
GSM5050566,pericyte_smc,KRT14,287,0.34889702069863815,0.2926829268292683,1.819208063145934
GSM5050566,pericyte_smc,KRT10,287,0.60932614099455,0.5749128919860628,0.8726761460028398
GSM5050566,pericyte_smc,LYZ,287,0.0046706596360730586,0.003484320557491289,0.0060005658550470525
GSM5050566,pericyte_smc,CD3D,287,0.0,0.0,0.0
GSM5050566,pericyte_smc,MS4A1,287,0.0,0.0,0.0
GSM5050566,pericyte_smc,PECAM1,287,0.030018918042582263,0.03484320557491289,0.04126692323896415
GSM5050566,pericyte_smc,CCL21,287,0.05651522336749228,0.07665505226480836,0.09741368438501127
GSM5050566,pericyte_smc,RGS5,287,2.300760220508643,0.8327526132404182,3.1267337132109305
GSM5050566,pericyte_smc,TPSAB1,287,0.0,0.0,0.0
GSM5050566,pericyte_smc,PMEL,287,0.0020547496113137212,0.003484320557491289,0.0030047837695935903
GSM5050566,pericyte_smc,DCD,287,0.2778387866774314,0.2857142857142857,0.27686332149927523
GSM5050566,pericyte_smc,TIMP1,287,1.8519263077654249,0.8536585365853658,2.6282651852620265
GSM5050566,pericyte_smc,CHI3L1,287,0.018890986830674066,0.020905923344947737,0.05844441455775502
GSM5050566,pericyte_smc,FN1,287,1.643151403952155,0.7770034843205574,2.3664854289673585
GSM5050566,pericyte_smc,DCN,287,0.34677665397974317,0.2508710801393728,0.7016827973992235
GSM5050566,pericyte_smc,LUM,287,0.3797172903381895,0.2787456445993031,0.7252721730866628
GSM5050566,sweat_gland,COL1A1,90,0.26362971604753355,0.13333333333333333,0.3202539661223215
GSM5050566,sweat_gland,PDGFRA,90,0.0,0.0,0.0
GSM5050566,sweat_gland,KRT14,90,1.5539256362763827,0.5,3.0451618762436197
GSM5050566,sweat_gland,KRT10,90,0.5556752239928794,0.5,0.9754477623500027
GSM5050566,sweat_gland,LYZ,90,0.043147092979490057,0.011111111111111112,0.04184544613729485
GSM5050566,sweat_gland,CD3D,90,0.02681660868490199,0.011111111111111112,0.007096974765752643
GSM5050566,sweat_gland,MS4A1,90,0.0,0.0,0.0
GSM5050566,sweat_gland,PECAM1,90,0.1009302769019008,0.044444444444444446,0.034991677473637364
GSM5050566,sweat_gland,CCL21,90,0.010984483829820885,0.011111111111111112,0.007096974765752643
GSM5050566,sweat_gland,RGS5,90,0.05460727856501167,0.022222222222222223,0.04184544613729485
GSM5050566,sweat_gland,TPSAB1,90,0.0,0.0,0.0
GSM5050566,sweat_gland,PMEL,90,0.0,0.0,0.0
GSM5050566,sweat_gland,DCD,90,3.2875329948970937,0.6555555555555556,7.688069522833284
GSM5050566,sweat_gland,TIMP1,90,0.4425153297839317,0.23333333333333334,0.3755706553795721
GSM5050566,sweat_gland,CHI3L1,90,0.04244790025657744,0.05555555555555555,0.06880022067554238
GSM5050566,sweat_gland,FN1,90,0.1576333559439181,0.1,0.17588411859667147
GSM5050566,sweat_gland,DCN,90,0.1839525388638793,0.1,0.22825036691758893
GSM5050566,sweat_gland,LUM,90,0.13547569258374195,0.07777777777777778,0.16386515484809216
GSM5050566,t_cell,COL1A1,452,0.06256875711247155,0.0420353982300885,0.15334081986034012
GSM5050566,t_cell,PDGFRA,452,0.0,0.0,0.0
GSM5050566,t_cell,KRT14,452,0.36984070958673304,0.2323008849557522,0.716838943737652
GSM5050566,t_cell,KRT10,452,0.39172770223547515,0.29867256637168144,0.6529606790435758
GSM5050566,t_cell,LYZ,452,0.0,0.0,0.0
GSM5050566,t_cell,CD3D,452,1.0798326543697176,0.6460176991150443,1.4952989189294605
GSM5050566,t_cell,MS4A1,452,0.016025032946708512,0.008849557522123894,0.024078681350768828
GSM5050566,t_cell,PECAM1,452,0.06123193244006952,0.0420353982300885,0.09745137412862352
GSM5050566,t_cell,CCL21,452,0.006491606067950767,0.00663716814159292,0.014516669601752066
GSM5050566,t_cell,RGS5,452,0.030961359767323376,0.01991150442477876,0.06601108460213653
GSM5050566,t_cell,TPSAB1,452,0.0,0.0,0.0
GSM5050566,t_cell,PMEL,452,0.0,0.0,0.0
GSM5050566,t_cell,DCD,452,0.35341997599168967,0.22787610619469026,0.49081295172751205
GSM5050566,t_cell,TIMP1,452,0.4586862601868649,0.35398230088495575,0.8647951127838103
GSM5050566,t_cell,CHI3L1,452,0.006801392055000101,0.00663716814159292,0.014516669601752066
GSM5050566,t_cell,FN1,452,0.02496688788293685,0.01991150442477876,0.10625569719647929
GSM5050566,t_cell,DCN,452,0.010809187965736511,0.00663716814159292,0.014516669601752066
GSM5050566,t_cell,LUM,452,0.01145386758401869,0.008849557522123894,0.019309104441306006
GSM5050567,endothelial,COL1A1,161,0.046662585786720175,0.07453416149068323,0.03787625540718614
GSM5050567,endothelial,PDGFRA,161,0.025102970911132245,0.06832298136645963,0.0325524058048008
GSM5050567,endothelial,KRT14,161,0.17749748998727105,0.2670807453416149,0.14597577022890085
GSM5050567,endothelial,KRT10,161,0.6046529088769013,0.6583850931677019,0.8263303816743806
GSM5050567,endothelial,LYZ,161,0.0,0.0,0.0
GSM5050567,endothelial,CD3D,161,0.0,0.0,0.0
GSM5050567,endothelial,MS4A1,161,0.0,0.0,0.0
GSM5050567,endothelial,PECAM1,161,2.186383849140276,0.9006211180124224,2.4788317695500006
GSM5050567,endothelial,CCL21,161,0.014889307289939353,0.049689440993788817,0.021818914487070195
GSM5050567,endothelial,RGS5,161,0.03201229521532701,0.031055900621118012,0.5469280341622694
GSM5050567,endothelial,TPSAB1,161,0.00799695917380073,0.006211180124223602,0.008237982337506191
GSM5050567,endothelial,PMEL,161,0.00356920086135407,0.012422360248447204,0.005499521792453108
GSM5050567,endothelial,DCD,161,0.27288574328466775,0.42857142857142855,0.26701825759026687
GSM5050567,endothelial,TIMP1,161,1.0631508854292266,0.7950310559006211,1.2901291727253412
GSM5050567,endothelial,CHI3L1,161,0.005371531407429672,0.006211180124223602,0.005499521792453108
GSM5050567,endothelial,FN1,161,1.3529179371556075,0.6956521739130435,2.040904571207785
GSM5050567,endothelial,DCN,161,0.07284444510003216,0.09937888198757763,0.04317191166586585
GSM5050567,endothelial,LUM,161,0.02652465774623832,0.043478260869565216,0.019117443325764833
GSM5050567,fibroblast,COL1A1,153,4.301584351130375,1.0,4.802444976118985
GSM5050567,fibroblast,PDGFRA,153,1.0356168630821536,0.7973856209150327,1.239038058668111
GSM5050567,fibroblast,KRT14,153,0.07593897573939049,0.13071895424836602,0.1084456902908328
GSM5050567,fibroblast,KRT10,153,0.9147021862609112,0.8235294117647058,1.0755601888321311
GSM5050567,fibroblast,LYZ,153,0.004011070840254766,0.006535947712418301,0.005193055276924671
GSM5050567,fibroblast,CD3D,153,0.0,0.0,0.0
GSM5050567,fibroblast,MS4A1,153,0.0,0.0,0.0
GSM5050567,fibroblast,PECAM1,153,0.012648522113962175,0.0196078431372549,0.015498955929437206
GSM5050567,fibroblast,CCL21,153,0.01417521923743457,0.032679738562091505,0.025699727522337318
GSM5050567,fibroblast,RGS5,153,0.0071389082794759305,0.006535947712418301,0.005193055276924671
GSM5050567,fibroblast,TPSAB1,153,0.004639582305161926,0.006535947712418301,0.005193055276924671
GSM5050567,fibroblast,PMEL,153,0.004107638507285891,0.006535947712418301,0.005193055276924671
GSM5050567,fibroblast,DCD,153,0.22076544528843337,0.3137254901960784,0.30309733495569796
GSM5050567,fibroblast,TIMP1,153,2.475641703156763,0.9803921568627451,2.7963902283975535
GSM5050567,fibroblast,CHI3L1,153,0.0,0.0,0.0
GSM5050567,fibroblast,FN1,153,1.469405233188017,0.8366013071895425,1.8731156505597493
GSM5050567,fibroblast,DCN,153,4.689462549733035,0.9934640522875817,5.016390015337696
GSM5050567,fibroblast,LUM,153,3.278024915003693,0.9934640522875817,3.5675870925527686
GSM5050567,keratinocyte,COL1A1,110,0.17032829971130334,0.23636363636363636,0.2789128752006751
GSM5050567,keratinocyte,PDGFRA,110,0.0024944441286205866,0.00909090909090909,0.015956622592827156
GSM5050567,keratinocyte,KRT14,110,4.251678838887784,0.9545454545454546,4.680791639020884
GSM5050567,keratinocyte,KRT10,110,2.0793825393721908,0.9,3.047002517090313
GSM5050567,keratinocyte,LYZ,110,0.0,0.0,0.0
GSM5050567,keratinocyte,CD3D,110,0.0,0.0,0.0
GSM5050567,keratinocyte,MS4A1,110,0.0,0.0,0.0
GSM5050567,keratinocyte,PECAM1,110,0.003937125364416398,0.00909090909090909,0.005347214576922308
GSM5050567,keratinocyte,CCL21,110,0.01483030655216763,0.03636363636363636,0.021219413160451037
GSM5050567,keratinocyte,RGS5,110,0.05852667521087314,0.03636363636363636,0.6136291626114155
GSM5050567,keratinocyte,TPSAB1,110,0.018374057193131316,0.01818181818181818,0.01066598846119346
GSM5050567,keratinocyte,PMEL,110,0.005083049650068824,0.01818181818181818,0.01066598846119346
GSM5050567,keratinocyte,DCD,110,0.2536087116496805,0.39090909090909093,0.25427235774938506
GSM5050567,keratinocyte,TIMP1,110,0.0359420193395499,0.045454545454545456,0.17648397791349033
GSM5050567,keratinocyte,CHI3L1,110,0.008500306127463159,0.01818181818181818,0.01066598846119346
GSM5050567,keratinocyte,FN1,110,0.018486536978031914,0.045454545454545456,0.03684361616618235
GSM5050567,keratinocyte,DCN,110,0.0866474575941848,0.10909090909090909,0.25427235774938506
GSM5050567,keratinocyte,LUM,110,0.031267143607146344,0.02727272727272727,0.05730325419302792
GSM5050567,lymphatic_ec,COL1A1,24,0.9435132853093878,0.3333333333333333,2.198511829682683
GSM5050567,lymphatic_ec,PDGFRA,24,0.09969819290493238,0.08333333333333333,0.08393517495464085
GSM5050567,lymphatic_ec,KRT14,24,0.18305585451728382,0.16666666666666666,0.17982375540770973
GSM5050567,lymphatic_ec,KRT10,24,0.5204209030519397,0.5416666666666666,0.6856349810850118
GSM5050567,lymphatic_ec,LYZ,24,0.0,0.0,0.0
GSM5050567,lymphatic_ec,CD3D,24,0.0,0.0,0.0
GSM5050567,lymphatic_ec,MS4A1,24,0.0,0.0,0.0
GSM5050567,lymphatic_ec,PECAM1,24,1.2271342234689422,0.6666666666666666,1.6575768053973854
GSM5050567,lymphatic_ec,CCL21,24,2.437576786641481,0.5,5.240871696755981
GSM5050567,lymphatic_ec,RGS5,24,0.14095744148560152,0.08333333333333333,0.21574470634547077
GSM5050567,lymphatic_ec,TPSAB1,24,0.0,0.0,0.0
GSM5050567,lymphatic_ec,PMEL,24,0.0,0.0,0.0
GSM5050567,lymphatic_ec,DCD,24,0.2774271614802468,0.3333333333333333,0.21574470634547077
GSM5050567,lymphatic_ec,TIMP1,24,2.0497425551913273,0.9583333333333334,2.2153722318111484
GSM5050567,lymphatic_ec,CHI3L1,24,0.0,0.0,0.0
GSM5050567,lymphatic_ec,FN1,24,1.3217235885385745,0.7083333333333334,2.2688504921742165
GSM5050567,lymphatic_ec,DCN,24,0.883139466417532,0.375,2.264312082927363
GSM5050567,lymphatic_ec,LUM,24,0.667704415172762,0.375,1.4076725272849013
GSM5050567,mast,COL1A1,17,0.09932090344266017,0.058823529411764705,0.36348087098698456
GSM5050567,mast,PDGFRA,17,0.0,0.0,0.0
GSM5050567,mast,KRT14,17,0.13240525100737263,0.058823529411764705,0.36348087098698456
GSM5050567,mast,KRT10,17,0.24555663081702406,0.11764705882352941,0.6294907692993246
GSM5050567,mast,LYZ,17,0.0,0.0,0.0
GSM5050567,mast,CD3D,17,0.0,0.0,0.0
GSM5050567,mast,MS4A1,17,0.0,0.0,0.0
GSM5050567,mast,PECAM1,17,0.0,0.0,0.0
GSM5050567,mast,CCL21,17,0.0,0.0,0.0
GSM5050567,mast,RGS5,17,0.0,0.0,0.0
GSM5050567,mast,TPSAB1,17,3.6311873733502162,1.0,3.655740150282755
GSM5050567,mast,PMEL,17,0.0,0.0,0.0
GSM5050567,mast,DCD,17,0.09932090344266017,0.058823529411764705,0.36348087098698456
GSM5050567,mast,TIMP1,17,0.8392395843651241,0.35294117647058826,1.2892227466183401
GSM5050567,mast,CHI3L1,17,0.0,0.0,0.0
GSM5050567,mast,FN1,17,0.0,0.0,0.0
GSM5050567,mast,DCN,17,0.27479900307187644,0.058823529411764705,2.4440721750363554
GSM5050567,mast,LUM,17,0.13439108178217227,0.058823529411764705,0.6294907692993246
GSM5050567,melanocyte,COL1A1,5,0.6252891349000034,0.4,0.8738734997718893
GSM5050567,melanocyte,PDGFRA,5,0.0,0.0,0.0
GSM5050567,melanocyte,KRT14,5,0.11624284521125247,0.2,0.1818660342402056
GSM5050567,melanocyte,KRT10,5,0.36446556580653666,0.4,0.7869657869316955
GSM5050567,melanocyte,LYZ,5,0.0,0.0,0.0
GSM5050567,melanocyte,CD3D,5,0.0,0.0,0.0
GSM5050567,melanocyte,MS4A1,5,0.0,0.0,0.0
GSM5050567,melanocyte,PECAM1,5,0.0,0.0,0.0
GSM5050567,melanocyte,CCL21,5,0.0,0.0,0.0
GSM5050567,melanocyte,RGS5,5,0.12309734739009226,0.2,0.1818660342402056
GSM5050567,melanocyte,TPSAB1,5,0.0,0.0,0.0
GSM5050567,melanocyte,PMEL,5,2.0584566364644616,0.4,4.82559940401918
GSM5050567,melanocyte,DCD,5,0.26613932751484476,0.4,0.4689784115466402
GSM5050567,melanocyte,TIMP1,5,1.2486564536488718,0.8,1.433000440490875
GSM5050567,melanocyte,CHI3L1,5,0.0,0.0,0.0
GSM5050567,melanocyte,FN1,5,0.5296611418206535,0.6,0.5865714766756169
GSM5050567,melanocyte,DCN,5,0.6353192378892307,0.2,1.8539897707033859
GSM5050567,melanocyte,LUM,5,0.4316277620279111,0.2,1.0278612570779597
GSM5050567,myeloid,COL1A1,26,0.0,0.0,0.0
GSM5050567,myeloid,PDGFRA,26,0.0,0.0,0.0
GSM5050567,myeloid,KRT14,26,0.1723904840765562,0.23076923076923078,0.16500525786737422
GSM5050567,myeloid,KRT10,26,0.35327432444076834,0.34615384615384615,0.3616414341779446
GSM5050567,myeloid,LYZ,26,3.920429111847033,1.0,4.1389831760552225
GSM5050567,myeloid,CD3D,26,0.0,0.0,0.0
GSM5050567,myeloid,MS4A1,26,0.0,0.0,0.0
GSM5050567,myeloid,PECAM1,26,0.19728273493442774,0.34615384615384615,0.24835366265058315
GSM5050567,myeloid,CCL21,26,0.0,0.0,0.0
GSM5050567,myeloid,RGS5,26,0.0,0.0,0.0
GSM5050567,myeloid,TPSAB1,26,0.0,0.0,0.0
GSM5050567,myeloid,PMEL,26,0.0,0.0,0.0
GSM5050567,myeloid,DCD,26,0.26823335285992256,0.34615384615384615,0.26814880258281654
GSM5050567,myeloid,TIMP1,26,1.612045743595347,0.9230769230769231,1.7784491212522069
GSM5050567,myeloid,CHI3L1,26,0.15713970215857448,0.038461538461538464,0.07407300698113545
GSM5050567,myeloid,FN1,26,0.0,0.0,0.0
GSM5050567,myeloid,DCN,26,0.018672453020522305,0.038461538461538464,0.025305570312950713
GSM5050567,myeloid,LUM,26,0.02582950299393153,0.07692307692307693,0.049986542052578235
GSM5050567,pericyte_smc,COL1A1,187,1.8243324472973528,0.9090909090909091,2.2605806481147983
GSM5050567,pericyte_smc,PDGFRA,187,0.010518727839881987,0.016042780748663103,0.024352758103680722
GSM5050567,pericyte_smc,KRT14,187,0.1710550119856441,0.12299465240641712,1.4338603002077401
GSM5050567,pericyte_smc,KRT10,187,0.6978709702302854,0.7219251336898396,0.8163234098532561
GSM5050567,pericyte_smc,LYZ,187,0.0,0.0,0.0
GSM5050567,pericyte_smc,CD3D,187,0.0,0.0,0.0
GSM5050567,pericyte_smc,MS4A1,187,0.0,0.0,0.0
GSM5050567,pericyte_smc,PECAM1,187,0.02140802989146886,0.03208556149732621,0.02915294319916986
GSM5050567,pericyte_smc,CCL21,187,0.12493488966376681,0.13368983957219252,0.22430082146280672
GSM5050567,pericyte_smc,RGS5,187,1.6715084775659286,0.6310160427807486,2.5657422970504657
GSM5050567,pericyte_smc,TPSAB1,187,0.0,0.0,0.0
GSM5050567,pericyte_smc,PMEL,187,0.011587099327283953,0.016042780748663103,0.014682704599861617
GSM5050567,pericyte_smc,DCD,187,0.27958373671042536,0.34759358288770054,0.3500080990638727
GSM5050567,pericyte_smc,TIMP1,187,1.3375954789273865,0.8663101604278075,1.6430794468182863
GSM5050567,pericyte_smc,CHI3L1,187,0.012940096796181742,0.016042780748663103,0.03393019655050262
GSM5050567,pericyte_smc,FN1,187,0.8998802800450504,0.6203208556149733,1.3732963308668857
GSM5050567,pericyte_smc,DCN,187,0.3349334859008135,0.20320855614973263,1.126724908298971
GSM5050567,pericyte_smc,LUM,187,0.33676118900975544,0.23529411764705882,0.7322452060127081
GSM5050567,sweat_gland,COL1A1,79,0.370793179334596,0.24050632911392406,0.5124974740068702
GSM5050567,sweat_gland,PDGFRA,79,0.027500212718976833,0.0379746835443038,0.019311037256659804
GSM5050567,sweat_gland,KRT14,79,1.2750306870992123,0.4810126582278481,3.021629022101243
GSM5050567,sweat_gland,KRT10,79,0.9563171419261155,0.6582278481012658,1.1601319207971634
GSM5050567,sweat_gland,LYZ,79,0.0,0.0,0.0
GSM5050567,sweat_gland,CD3D,79,0.0,0.0,0.0
GSM5050567,sweat_gland,MS4A1,79,0.0,0.0,0.0
GSM5050567,sweat_gland,PECAM1,79,0.06309030658212669,0.02531645569620253,0.01291537063405718
GSM5050567,sweat_gland,CCL21,79,0.02261527839968708,0.05063291139240506,0.025666059140250153
GSM5050567,sweat_gland,RGS5,79,0.028091844836025323,0.02531645569620253,0.019311037256659804
GSM5050567,sweat_gland,TPSAB1,79,0.034948698066130324,0.012658227848101266,0.006478536021937772
GSM5050567,sweat_gland,PMEL,79,0.0,0.0,0.0
GSM5050567,sweat_gland,DCD,79,3.546916711013136,0.7088607594936709,7.09585111895554
GSM5050567,sweat_gland,TIMP1,79,0.3443330958818777,0.27848101265822783,0.3478164302814555
GSM5050567,sweat_gland,CHI3L1,79,0.09760135463217356,0.0379746835443038,0.06297073463509277
GSM5050567,sweat_gland,FN1,79,0.2202370243957478,0.12658227848101267,0.16168364635254812
GSM5050567,sweat_gland,DCN,79,0.36131185762296597,0.13924050632911392,0.45232446173947893
GSM5050567,sweat_gland,LUM,79,0.2688736173260601,0.13924050632911392,0.18895463266089818
GSM5050567,t_cell,COL1A1,27,0.0,0.0,0.0
GSM5050567,t_cell,PDGFRA,27,0.0,0.0,0.0
GSM5050567,t_cell,KRT14,27,0.1774428163756341,0.18518518518518517,0.3162398155007514
GSM5050567,t_cell,KRT10,27,0.43495401829700914,0.3333333333333333,0.7494697145015458
GSM5050567,t_cell,LYZ,27,0.0,0.0,0.0
GSM5050567,t_cell,CD3D,27,1.4222678030340072,0.8148148148148148,1.731565349205936
GSM5050567,t_cell,MS4A1,27,0.0,0.0,0.0
GSM5050567,t_cell,PECAM1,27,0.0,0.0,0.0
GSM5050567,t_cell,CCL21,27,0.0,0.0,0.0
GSM5050567,t_cell,RGS5,27,0.0,0.0,0.0
GSM5050567,t_cell,TPSAB1,27,0.0,0.0,0.0
GSM5050567,t_cell,PMEL,27,0.0,0.0,0.0
GSM5050567,t_cell,DCD,27,0.17576254571486838,0.18518518518518517,0.3162398155007514
GSM5050567,t_cell,TIMP1,27,0.6179117513145679,0.4444444444444444,1.006427463443158
GSM5050567,t_cell,CHI3L1,27,0.0,0.0,0.0
GSM5050567,t_cell,FN1,27,0.0,0.0,0.0
GSM5050567,t_cell,DCN,27,0.0,0.0,0.0
GSM5050567,t_cell,LUM,27,0.033091968932092305,0.037037037037037035,0.06014752500707049
GSM5050568,b_plasma,COL1A1,1,2.732812938444544,1.0,2.732812938444544
GSM5050568,b_plasma,PDGFRA,1,0.891017156998354,1.0,0.891017156998354
GSM5050568,b_plasma,KRT14,1,0.0,0.0,0.0
GSM5050568,b_plasma,KRT10,1,1.354601310591934,1.0,1.354601310591934
GSM5050568,b_plasma,LYZ,1,0.0,0.0,0.0
GSM5050568,b_plasma,CD3D,1,0.0,0.0,0.0
GSM5050568,b_plasma,MS4A1,1,0.0,0.0,0.0
GSM5050568,b_plasma,PECAM1,1,0.0,0.0,0.0
GSM5050568,b_plasma,CCL21,1,0.0,0.0,0.0
GSM5050568,b_plasma,RGS5,1,0.0,0.0,0.0
GSM5050568,b_plasma,TPSAB1,1,0.0,0.0,0.0
GSM5050568,b_plasma,PMEL,1,0.0,0.0,0.0
GSM5050568,b_plasma,DCD,1,1.354601310591934,1.0,1.354601310591934
GSM5050568,b_plasma,TIMP1,1,2.1026744434267117,1.0,2.1026744434267117
GSM5050568,b_plasma,CHI3L1,1,0.0,0.0,0.0
GSM5050568,b_plasma,FN1,1,1.354601310591934,1.0,1.354601310591934
GSM5050568,b_plasma,DCN,1,4.859402211966773,1.0,4.859402211966773
GSM5050568,b_plasma,LUM,1,1.354601310591934,1.0,1.354601310591934
GSM5050568,endothelial,COL1A1,263,0.028115590950834303,0.049429657794676805,0.04550090061276721
GSM5050568,endothelial,PDGFRA,263,0.03270683890884454,0.06463878326996197,0.032710520474658535
GSM5050568,endothelial,KRT14,263,0.1422368253059034,0.22813688212927757,0.16513937699976583
GSM5050568,endothelial,KRT10,263,0.6291541501742008,0.6996197718631179,0.809563574273437
GSM5050568,endothelial,LYZ,263,0.005319607776028965,0.0076045627376425855,0.0033196230316714565
GSM5050568,endothelial,CD3D,263,0.0029199469648103467,0.0038022813688212928,0.0033196230316714565
GSM5050568,endothelial,MS4A1,263,0.0,0.0,0.0
GSM5050568,endothelial,PECAM1,263,2.4551592196923173,0.9657794676806084,2.55598988560534
GSM5050568,endothelial,CCL21,263,0.0022601445004227154,0.015209125475285171,0.00662826261711857
GSM5050568,endothelial,RGS5,263,0.02861868532325307,0.03802281368821293,0.10561342700304278
GSM5050568,endothelial,TPSAB1,263,0.0038971954917000613,0.0038022813688212928,0.001661189002337289
GSM5050568,endothelial,PMEL,263,0.013757652196090774,0.03802281368821293,0.01812304597352798
GSM5050568,endothelial,DCD,263,0.5123860642664071,0.5171102661596958,0.5689688023597945
GSM5050568,endothelial,TIMP1,263,0.9437403902548395,0.7946768060836502,1.1494171504919692
GSM5050568,endothelial,CHI3L1,263,0.005038952409795309,0.011406844106463879,0.004975311210759152
GSM5050568,endothelial,FN1,263,0.7868453661204166,0.4866920152091255,1.6104633913660216
GSM5050568,endothelial,DCN,263,0.08414077508066618,0.13307984790874525,0.11898700847964738
GSM5050568,endothelial,LUM,263,0.042149355108089086,0.06463878326996197,0.03431829317843175
GSM5050568,fibroblast,COL1A1,425,3.435446113018196,0.9929411764705882,3.9623937457468226
GSM5050568,fibroblast,PDGFRA,425,1.2203131895301302,0.7858823529411765,1.419139940593733
GSM5050568,fibroblast,KRT14,425,0.15327849307128816,0.15529411764705883,0.29673321345029424
GSM5050568,fibroblast,KRT10,425,0.7722390675244712,0.6470588235294118,1.0077790909984794
GSM5050568,fibroblast,LYZ,425,0.004190544586938973,0.004705882352941176,0.0060956545214077874
GSM5050568,fibroblast,CD3D,425,0.0014592362871315376,0.002352941176470588,0.0030524718790186076
GSM5050568,fibroblast,MS4A1,425,0.0,0.0,0.0
GSM5050568,fibroblast,PECAM1,425,0.005023678040960389,0.004705882352941176,0.0060956545214077874
GSM5050568,fibroblast,CCL21,425,0.010392764087765622,0.009411764705882352,0.015170028139952444
GSM5050568,fibroblast,RGS5,425,0.009075070118857893,0.011764705882352941,0.02416279745493507
GSM5050568,fibroblast,TPSAB1,425,0.0,0.0,0.0
GSM5050568,fibroblast,PMEL,425,0.0,0.0,0.0
GSM5050568,fibroblast,DCD,425,0.46783353239315223,0.41411764705882353,0.7066542971130816
GSM5050568,fibroblast,TIMP1,425,2.0033530090798406,0.9294117647058824,2.3114322006087904
GSM5050568,fibroblast,CHI3L1,425,0.0,0.0,0.0
GSM5050568,fibroblast,FN1,425,1.2637334377925802,0.7082352941176471,1.7503996054386501
GSM5050568,fibroblast,DCN,425,4.522059647115984,0.9882352941176471,4.832028063915541
GSM5050568,fibroblast,LUM,425,2.6958233291290634,0.9458823529411765,3.110286195681593
GSM5050568,keratinocyte,COL1A1,152,0.09382710019766019,0.125,0.13562792017881395
GSM5050568,keratinocyte,PDGFRA,152,0.0008600145266678699,0.006578947368421052,0.0057934132376120115
GSM5050568,keratinocyte,KRT14,152,4.271986153701367,0.9342105263157895,4.793038380193521
GSM5050568,keratinocyte,KRT10,152,2.273345790153576,0.7763157894736842,4.1413958097648536
GSM5050568,keratinocyte,LYZ,152,0.005342845963943408,0.006578947368421052,0.0057934132376120115
GSM5050568,keratinocyte,CD3D,152,0.0,0.0,0.0
GSM5050568,keratinocyte,MS4A1,152,0.0,0.0,0.0
GSM5050568,keratinocyte,PECAM1,152,0.008924815350606413,0.019736842105263157,0.017280510739520118
GSM5050568,keratinocyte,CCL21,152,0.005698589012122866,0.013157894736842105,0.011553456074008206
GSM5050568,keratinocyte,RGS5,152,0.010135257903277803,0.019736842105263157,0.017280510739520118
GSM5050568,keratinocyte,TPSAB1,152,0.0,0.0,0.0
GSM5050568,keratinocyte,PMEL,152,0.0035460296100834673,0.006578947368421052,0.0057934132376120115
GSM5050568,keratinocyte,DCD,152,0.5911974842024723,0.46710526315789475,0.6840703350403716
GSM5050568,keratinocyte,TIMP1,152,0.08214404707365382,0.07894736842105263,0.06739948417677442
GSM5050568,keratinocyte,CHI3L1,152,0.0474990104433826,0.05263157894736842,0.10993413589280042
GSM5050568,keratinocyte,FN1,152,0.03597197756753358,0.019736842105263157,0.017280510739520118
GSM5050568,keratinocyte,DCN,152,0.0729964702517481,0.09868421052631579,0.10993413589280042
GSM5050568,keratinocyte,LUM,152,0.007546111709507522,0.013157894736842105,0.011553456074008206
GSM5050568,lymphatic_ec,COL1A1,25,1.1986983480537545,0.6,1.602730466672272
GSM5050568,lymphatic_ec,PDGFRA,25,0.1629257835948435,0.16,0.27560392407921563
GSM5050568,lymphatic_ec,KRT14,25,0.15832725465306563,0.2,0.1698329250268175
GSM5050568,lymphatic_ec,KRT10,25,0.827443968995373,0.8,1.0569260889423477
GSM5050568,lymphatic_ec,LYZ,25,0.0,0.0,0.0
GSM5050568,lymphatic_ec,CD3D,25,0.0,0.0,0.0
GSM5050568,lymphatic_ec,MS4A1,25,0.0,0.0,0.0
GSM5050568,lymphatic_ec,PECAM1,25,0.8415135910874065,0.52,1.1697794160474961
GSM5050568,lymphatic_ec,CCL21,25,1.5793382559588331,0.36,3.8166586671866853
GSM5050568,lymphatic_ec,RGS5,25,0.0,0.0,0.0
GSM5050568,lymphatic_ec,TPSAB1,25,0.0,0.0,0.0
GSM5050568,lymphatic_ec,PMEL,25,0.0,0.0,0.0
GSM5050568,lymphatic_ec,DCD,25,0.38609382991083935,0.36,0.6955770586769585
GSM5050568,lymphatic_ec,TIMP1,25,1.782658349416534,0.92,1.9906207320502314
GSM5050568,lymphatic_ec,CHI3L1,25,0.0,0.0,0.0
GSM5050568,lymphatic_ec,FN1,25,1.0225931848723067,0.6,1.6080407023924577
GSM5050568,lymphatic_ec,DCN,25,1.8647535308710943,0.52,3.179410359954777
GSM5050568,lymphatic_ec,LUM,25,1.1621438558585795,0.48,1.903877301567473
GSM5050568,mast,COL1A1,21,0.3200459829752059,0.14285714285714285,0.9901183502353761
GSM5050568,mast,PDGFRA,21,0.0,0.0,0.0
GSM5050568,mast,KRT14,21,0.8203331020916382,0.23809523809523808,2.4650804173600025
GSM5050568,mast,KRT10,21,0.3405965689367494,0.23809523809523808,0.6537123861497062
GSM5050568,mast,LYZ,21,0.0,0.0,0.0
GSM5050568,mast,CD3D,21,0.0,0.0,0.0
GSM5050568,mast,MS4A1,21,0.0,0.0,0.0
GSM5050568,mast,PECAM1,21,0.0,0.0,0.0
GSM5050568,mast,CCL21,21,0.0,0.0,0.0
GSM5050568,mast,RGS5,21,0.22877942622125064,0.09523809523809523,0.5703509462410401
GSM5050568,mast,TPSAB1,21,2.384065865457624,0.5714285714285714,3.101051345304544
GSM5050568,mast,PMEL,21,0.0,0.0,0.0
GSM5050568,mast,DCD,21,0.4455385804310252,0.19047619047619047,1.0983149412102904
GSM5050568,mast,TIMP1,21,0.3700314080703767,0.19047619047619047,0.9312878917880283
GSM5050568,mast,CHI3L1,21,0.04031851431449459,0.047619047619047616,0.3793487839303611
GSM5050568,mast,FN1,21,0.0,0.0,0.0
GSM5050568,mast,DCN,21,0.4806104309275251,0.14285714285714285,2.795923983574986
GSM5050568,mast,LUM,21,0.16476253452958373,0.09523809523809523,0.802100398178484
GSM5050568,melanocyte,COL1A1,57,0.31817948674675156,0.21052631578947367,0.705713146553441
GSM5050568,melanocyte,PDGFRA,57,0.03176770890303437,0.017543859649122806,0.025949870664949637
GSM5050568,melanocyte,KRT14,57,0.36563711966323875,0.14035087719298245,2.7399050376400735
GSM5050568,melanocyte,KRT10,57,0.8609469832281084,0.631578947368421,1.1739075906892897
GSM5050568,melanocyte,LYZ,57,0.0,0.0,0.0
GSM5050568,melanocyte,CD3D,57,0.0,0.0,0.0
GSM5050568,melanocyte,MS4A1,57,0.0,0.0,0.0
GSM5050568,melanocyte,PECAM1,57,0.07623164427793291,0.05263157894736842,0.12349778631288306
GSM5050568,melanocyte,CCL21,57,0.0,0.0,0.0
GSM5050568,melanocyte,RGS5,57,0.0,0.0,0.0
GSM5050568,melanocyte,TPSAB1,57,0.0,0.0,0.0
GSM5050568,melanocyte,PMEL,57,2.3969439834692396,0.7192982456140351,3.58692346881783
GSM5050568,melanocyte,DCD,57,0.4360000728293069,0.2807017543859649,0.8504775848406352
GSM5050568,melanocyte,TIMP1,57,0.548542551425302,0.40350877192982454,0.9365169943062271
GSM5050568,melanocyte,CHI3L1,57,0.0,0.0,0.0
GSM5050568,melanocyte,FN1,57,1.0860565854844202,0.7368421052631579,1.3104436975552411
GSM5050568,melanocyte,DCN,57,0.47109482104395445,0.21052631578947367,1.8380368750494458
GSM5050568,melanocyte,LUM,57,0.1587029432467415,0.08771929824561403,0.7439158618376236
GSM5050568,myeloid,COL1A1,36,0.08255260554776239,0.16666666666666666,0.1546267516546293
GSM5050568,myeloid,PDGFRA,36,0.0,0.0,0.0
GSM5050568,myeloid,KRT14,36,0.11970716497272181,0.08333333333333333,0.40657559001910853
GSM5050568,myeloid,KRT10,36,0.5168880507301769,0.5555555555555556,0.735700988634939
GSM5050568,myeloid,LYZ,36,2.5771780869667875,0.8611111111111112,3.7981178214953806
GSM5050568,myeloid,CD3D,36,0.0,0.0,0.0
GSM5050568,myeloid,MS4A1,36,0.0,0.0,0.0
GSM5050568,myeloid,PECAM1,36,0.34759811109657257,0.3888888888888889,0.3492865952357127
GSM5050568,myeloid,CCL21,36,0.0,0.0,0.0
GSM5050568,myeloid,RGS5,36,0.0,0.0,0.0
GSM5050568,myeloid,TPSAB1,36,0.0,0.0,0.0
GSM5050568,myeloid,PMEL,36,0.023378446841702663,0.027777777777777776,0.02748905921608892
GSM5050568,myeloid,DCD,36,0.6166369370452434,0.5833333333333334,0.735700988634939
GSM5050568,myeloid,TIMP1,36,1.240679259947868,0.7222222222222222,1.6609228251212609
GSM5050568,myeloid,CHI3L1,36,0.0,0.0,0.0
GSM5050568,myeloid,FN1,36,0.03392177649653786,0.027777777777777776,0.02748905921608892
GSM5050568,myeloid,DCN,36,0.304300252222133,0.25,0.3091853127354408
GSM5050568,myeloid,LUM,36,0.03588247335619835,0.027777777777777776,0.02748905921608892
GSM5050568,pericyte_smc,COL1A1,309,1.6795731352334284,0.8576051779935275,2.0304670023767195
GSM5050568,pericyte_smc,PDGFRA,309,0.009647924976470202,0.012944983818770227,0.0417290991785424
GSM5050568,pericyte_smc,KRT14,309,0.2034912741296822,0.16181229773462782,1.0575086661388853
GSM5050568,pericyte_smc,KRT10,309,0.6881799957943707,0.5922330097087378,0.909426209792461
GSM5050568,pericyte_smc,LYZ,309,0.004783117032867352,0.003236245954692557,0.01690116567105836
GSM5050568,pericyte_smc,CD3D,309,0.0,0.0,0.0
GSM5050568,pericyte_smc,MS4A1,309,0.0,0.0,0.0
GSM5050568,pericyte_smc,PECAM1,309,0.012195082520112392,0.016181229773462782,0.025245823079121595
GSM5050568,pericyte_smc,CCL21,309,0.025889457405495045,0.032362459546925564,0.04580781246996889
GSM5050568,pericyte_smc,RGS5,309,1.5862588019201243,0.6019417475728155,2.7082036493301813
GSM5050568,pericyte_smc,TPSAB1,309,0.0019014171015200305,0.003236245954692557,0.004252146402577441
GSM5050568,pericyte_smc,PMEL,309,0.011414958819973443,0.009708737864077669,0.012702578371804727
GSM5050568,pericyte_smc,DCD,309,0.5197430170937505,0.4174757281553398,0.7497327369582328
GSM5050568,pericyte_smc,TIMP1,309,1.0584373970112013,0.7605177993527508,1.3787802316923676
GSM5050568,pericyte_smc,CHI3L1,309,0.0016339700732806212,0.003236245954692557,0.004252146402577441
GSM5050568,pericyte_smc,FN1,309,0.7238090730884424,0.5275080906148867,1.1439432071447173
GSM5050568,pericyte_smc,DCN,309,0.624108982898925,0.3365695792880259,1.7771809071670115
GSM5050568,pericyte_smc,LUM,309,0.41590744503309657,0.2815533980582524,0.8511239068917689
GSM5050568,sweat_gland,COL1A1,118,0.6800802321174302,0.3389830508474576,1.0310535869174853
GSM5050568,sweat_gland,PDGFRA,118,0.05415655170650223,0.03389830508474576,0.13700921770460603
GSM5050568,sweat_gland,KRT14,118,1.5598170019389568,0.4576271186440678,3.0619238706071594
GSM5050568,sweat_gland,KRT10,118,0.6906614359740387,0.4915254237288136,1.0197685983220701
GSM5050568,sweat_gland,LYZ,118,0.0,0.0,0.0
GSM5050568,sweat_gland,CD3D,118,0.0,0.0,0.0
GSM5050568,sweat_gland,MS4A1,118,0.0,0.0,0.0
GSM5050568,sweat_gland,PECAM1,118,0.12027712000808032,0.0423728813559322,0.3203321688100349
GSM5050568,sweat_gland,CCL21,118,0.0,0.0,0.0
GSM5050568,sweat_gland,RGS5,118,0.07784498779475245,0.05084745762711865,0.10918912893792161
GSM5050568,sweat_gland,TPSAB1,118,0.0,0.0,0.0
GSM5050568,sweat_gland,PMEL,118,0.004133302321823953,0.00847457627118644,0.01043385747791637
GSM5050568,sweat_gland,DCD,118,3.3077468094139397,0.8559322033898306,7.5258923124271355
GSM5050568,sweat_gland,TIMP1,118,0.6210029862622233,0.3389830508474576,0.9245880524314902
GSM5050568,sweat_gland,CHI3L1,118,0.016828890992219615,0.03389830508474576,0.05111355813153406
GSM5050568,sweat_gland,FN1,118,0.3191330941648538,0.1694915254237288,0.6092645756223173
GSM5050568,sweat_gland,DCN,118,0.8582389723547379,0.3050847457627119,2.2574412374703394
GSM5050568,sweat_gland,LUM,118,0.4573136765139762,0.17796610169491525,1.3267987601778446
GSM5050568,t_cell,COL1A1,38,0.0,0.0,0.0
GSM5050568,t_cell,PDGFRA,38,0.0,0.0,0.0
GSM5050568,t_cell,KRT14,38,0.14258792424788083,0.15789473684210525,0.2535307298875903
GSM5050568,t_cell,KRT10,38,0.5451994142505896,0.42105263157894735,0.9505446579258637
GSM5050568,t_cell,LYZ,38,0.0,0.0,0.0
GSM5050568,t_cell,CD3D,38,0.9602604988184796,0.5526315789473685,1.4289315249065628
GSM5050568,t_cell,MS4A1,38,0.2088453143264015,0.15789473684210525,0.3596657921050595
GSM5050568,t_cell,PECAM1,38,0.052855618483958505,0.05263157894736842,0.09183961173649313
GSM5050568,t_cell,CCL21,38,0.02138973153288261,0.02631578947368421,0.04697374983574506
GSM5050568,t_cell,RGS5,38,0.0,0.0,0.0
GSM5050568,t_cell,TPSAB1,38,0.0,0.0,0.0
GSM5050568,t_cell,PMEL,38,0.0,0.0,0.0
GSM5050568,t_cell,DCD,38,0.730147530173099,0.4473684210526316,0.9870501240715952
GSM5050568,t_cell,TIMP1,38,0.690536051526651,0.5526315789473685,0.9505446579258637
GSM5050568,t_cell,CHI3L1,38,0.0,0.0,0.0
GSM5050568,t_cell,FN1,38,0.020414168880403,0.02631578947368421,0.04697374983574506
GSM5050568,t_cell,DCN,38,0.0,0.0,0.0
GSM5050568,t_cell,LUM,38,0.0824826005360928,0.05263157894736842,0.09183961173649313
GSM5050569,b_plasma,COL1A1,17,3.0721886689585123,1.0,4.049470829592123
GSM5050569,b_plasma,PDGFRA,17,0.15817798062604463,0.17647058823529413,0.1509260611703057
GSM5050569,b_plasma,KRT14,17,0.5340885270611425,0.5294117647058824,0.6253269659532988
GSM5050569,b_plasma,KRT10,17,0.5745093258493233,0.5882352941176471,0.6253269659532988
GSM5050569,b_plasma,LYZ,17,0.0,0.0,0.0
GSM5050569,b_plasma,CD3D,17,0.0,0.0,0.0
GSM5050569,b_plasma,MS4A1,17,1.0181800936725982,0.4117647058823529,1.154407156272083
GSM5050569,b_plasma,PECAM1,17,0.02623128766222933,0.058823529411764705,0.1509260611703057
GSM5050569,b_plasma,CCL21,17,0.0,0.0,0.0
GSM5050569,b_plasma,RGS5,17,0.2679184883455375,0.11764705882352941,0.5017703578756401
GSM5050569,b_plasma,TPSAB1,17,0.0,0.0,0.0
GSM5050569,b_plasma,PMEL,17,0.04431461893804588,0.058823529411764705,0.05288041328660201
GSM5050569,b_plasma,DCD,17,0.0,0.0,0.0
GSM5050569,b_plasma,TIMP1,17,0.5084752644115014,0.35294117647058826,0.9026768970571483
GSM5050569,b_plasma,CHI3L1,17,0.0,0.0,0.0
GSM5050569,b_plasma,FN1,17,1.4091205003805287,0.6470588235294118,1.6022440288834394
GSM5050569,b_plasma,DCN,17,1.0100297419811348,0.5294117647058824,2.045579780611938
GSM5050569,b_plasma,LUM,17,1.3293028934307662,0.5882352941176471,2.2985857950214106
GSM5050569,endothelial,COL1A1,420,1.7069148063448518,0.9119047619047619,2.3480709649809213
GSM5050569,endothelial,PDGFRA,420,0.03330253430840319,0.04047619047619048,0.06166270244753322
GSM5050569,endothelial,KRT14,420,0.7288266376023592,0.6309523809523809,0.6728603572770004
GSM5050569,endothelial,KRT10,420,0.5848123178301396,0.5380952380952381,0.826612088417481
GSM5050569,endothelial,LYZ,420,0.017040556369126592,0.011904761904761904,0.013401456574459174
GSM5050569,endothelial,CD3D,420,0.0,0.0,0.0
GSM5050569,endothelial,MS4A1,420,0.0,0.0,0.0
GSM5050569,endothelial,PECAM1,420,2.271863482925001,0.8809523809523809,2.6890142975499907
GSM5050569,endothelial,CCL21,420,0.012223390674434668,0.02619047619047619,0.020979559717122835
GSM5050569,endothelial,RGS5,420,0.08575171268957314,0.08095238095238096,0.38545331510167025
GSM5050569,endothelial,TPSAB1,420,0.0,0.0,0.0
GSM5050569,endothelial,PMEL,420,0.01338381909103084,0.02142857142857143,0.01909041097030459
GSM5050569,endothelial,DCD,420,0.0,0.0,0.0
GSM5050569,endothelial,TIMP1,420,1.276317350887911,0.7928571428571428,1.5398625135048694
GSM5050569,endothelial,CHI3L1,420,0.0068479071589504425,0.004761904761904762,0.026625686587294677
GSM5050569,endothelial,FN1,420,0.7973546801706513,0.5190476190476191,1.5906217641161335
GSM5050569,endothelial,DCN,420,0.28229492605385387,0.3,0.7086012450694633
GSM5050569,endothelial,LUM,420,0.4212922173064884,0.40714285714285714,0.8981967171906106
GSM5050569,fibroblast,COL1A1,1821,5.904303120492,1.0,6.081787688275864
GSM5050569,fibroblast,PDGFRA,1821,1.181134497362999,0.8989566172432729,1.281721290799322
GSM5050569,fibroblast,KRT14,1821,0.5396201541276364,0.6617243272926964,0.6185206406440653
GSM5050569,fibroblast,KRT10,1821,0.9574458646727326,0.8132894014277869,1.2361349695110884
GSM5050569,fibroblast,LYZ,1821,0.010422397453638039,0.018121911037891267,0.0147621156393748
GSM5050569,fibroblast,CD3D,1821,0.0007725794531817283,0.001098297638660077,0.0006068204926344134
GSM5050569,fibroblast,MS4A1,1821,0.0,0.0,0.0
GSM5050569,fibroblast,PECAM1,1821,0.07874954198337625,0.15980230642504117,0.10287271994813688
GSM5050569,fibroblast,CCL21,1821,0.015732807764589008,0.03459637561779242,0.01983316928017814
GSM5050569,fibroblast,RGS5,1821,0.043093918212158244,0.037342119714442616,0.08853107938346716
GSM5050569,fibroblast,TPSAB1,1821,0.00010291797131385742,0.0005491488193300384,0.0003034562752052856
GSM5050569,fibroblast,PMEL,1821,0.00343482712042445,0.008786381109280615,0.0048442846467771266
GSM5050569,fibroblast,DCD,1821,0.0010374665764538913,0.002196595277320154,0.001516361356382304
GSM5050569,fibroblast,TIMP1,1821,2.282077597572746,0.9516749038989566,3.06544099015071
GSM5050569,fibroblast,CHI3L1,1821,0.2922656531545132,0.2015376166941241,0.8246504635448839
GSM5050569,fibroblast,FN1,1821,2.868738561726042,0.985172981878089,3.343667014046396
GSM5050569,fibroblast,DCN,1821,3.363434394269927,0.9802306425041186,3.6445733555300914
GSM5050569,fibroblast,LUM,1821,3.701246957751801,0.9824272377814388,4.037173819149144
GSM5050569,keratinocyte,COL1A1,284,1.915921801651242,0.9401408450704225,2.06124666788359
GSM5050569,keratinocyte,PDGFRA,284,0.04215026308991125,0.04929577464788732,0.04184612581831941
GSM5050569,keratinocyte,KRT14,284,5.944838809672422,0.9964788732394366,6.19724460077559
GSM5050569,keratinocyte,KRT10,284,0.8097576364317096,0.6197183098591549,1.6607443159040454
GSM5050569,keratinocyte,LYZ,284,0.011228218840818503,0.014084507042253521,0.010123351377435598
GSM5050569,keratinocyte,CD3D,284,0.0,0.0,0.0
GSM5050569,keratinocyte,MS4A1,284,0.0036700365849167593,0.0035211267605633804,0.008106863084856022
GSM5050569,keratinocyte,PECAM1,284,0.04301309000672493,0.03873239436619718,0.04574163918433494
GSM5050569,keratinocyte,CCL21,284,0.020301365732877732,0.03873239436619718,0.02412605020759864
GSM5050569,keratinocyte,RGS5,284,0.04790131762265535,0.04225352112676056,0.20697328087959443
GSM5050569,keratinocyte,TPSAB1,284,0.0,0.0,0.0
GSM5050569,keratinocyte,PMEL,284,0.0013115870362494962,0.0035211267605633804,0.002032885457078382
GSM5050569,keratinocyte,DCD,284,0.0,0.0,0.0
GSM5050569,keratinocyte,TIMP1,284,0.3792308306689333,0.3591549295774648,0.40992404508073316
GSM5050569,keratinocyte,CHI3L1,284,0.012024091745349805,0.017605633802816902,0.0221376293165303
GSM5050569,keratinocyte,FN1,284,0.41440377061371847,0.40492957746478875,0.6011174327835225
GSM5050569,keratinocyte,DCN,284,1.1726420867750378,0.7288732394366197,1.3942824270834941
GSM5050569,keratinocyte,LUM,284,0.6357057480690301,0.5563380281690141,0.6318751705327501
GSM5050569,lymphatic_ec,COL1A1,44,1.9985258609060899,0.9772727272727273,1.7708979338731536
GSM5050569,lymphatic_ec,PDGFRA,44,0.07690116739600836,0.09090909090909091,0.049419550400585044
GSM5050569,lymphatic_ec,KRT14,44,0.6040147438650869,0.6590909090909091,0.4510354688546253
GSM5050569,lymphatic_ec,KRT10,44,0.5592351491064772,0.5909090909090909,0.7245888375707239
GSM5050569,lymphatic_ec,LYZ,44,0.016928100412128014,0.045454545454545456,0.025015030633959608
GSM5050569,lymphatic_ec,CD3D,44,0.0,0.0,0.0
GSM5050569,lymphatic_ec,MS4A1,44,0.0,0.0,0.0
GSM5050569,lymphatic_ec,PECAM1,44,1.2384952823967188,0.75,1.6324142068823901
GSM5050569,lymphatic_ec,CCL21,44,3.6908026631805844,0.7954545454545454,5.265012439470819
GSM5050569,lymphatic_ec,RGS5,44,0.05134156643224153,0.045454545454545456,0.08494469899742424
GSM5050569,lymphatic_ec,TPSAB1,44,0.0,0.0,0.0
GSM5050569,lymphatic_ec,PMEL,44,0.023142051027506483,0.022727272727272728,0.012585732247364713
GSM5050569,lymphatic_ec,DCD,44,0.0,0.0,0.0
GSM5050569,lymphatic_ec,TIMP1,44,2.3951920383696725,0.8181818181818182,4.006957900563108
GSM5050569,lymphatic_ec,CHI3L1,44,0.0,0.0,0.0
GSM5050569,lymphatic_ec,FN1,44,2.0312269245395282,0.9090909090909091,2.600857407843769
GSM5050569,lymphatic_ec,DCN,44,0.28207600000592964,0.38636363636363635,0.8126448888524842
GSM5050569,lymphatic_ec,LUM,44,0.271245219002213,0.36363636363636365,0.8348734473819354
GSM5050569,mast,COL1A1,2,2.1932166941611815,1.0,2.233406231051588
GSM5050569,mast,PDGFRA,2,0.0,0.0,0.0
GSM5050569,mast,KRT14,2,1.2902054712139763,0.5,1.642059745389845
GSM5050569,mast,KRT10,2,0.7130645756233236,0.5,1.1258705165062484
GSM5050569,mast,LYZ,2,0.0,0.0,0.0
GSM5050569,mast,CD3D,2,0.0,0.0,0.0
GSM5050569,mast,MS4A1,2,0.0,0.0,0.0
GSM5050569,mast,PECAM1,2,0.0,0.0,0.0
GSM5050569,mast,CCL21,2,0.0,0.0,0.0
GSM5050569,mast,RGS5,2,0.0,0.0,0.0
GSM5050569,mast,TPSAB1,2,2.150264376076966,0.5,3.889914117339851
GSM5050569,mast,PMEL,2,0.0,0.0,0.0
GSM5050569,mast,DCD,2,0.0,0.0,0.0
GSM5050569,mast,TIMP1,2,2.8609411820662447,1.0,2.9829557281797445
GSM5050569,mast,CHI3L1,2,0.0,0.0,0.0
GSM5050569,mast,FN1,2,0.9801376140990733,0.5,1.1258705165062484
GSM5050569,mast,DCN,2,0.0,0.0,0.0
GSM5050569,mast,LUM,2,0.0,0.0,0.0
GSM5050569,melanocyte,COL1A1,13,2.9836945862450963,0.8461538461538461,3.097226695135265
GSM5050569,melanocyte,PDGFRA,13,0.12225131097061358,0.07692307692307693,0.2008891155576682
GSM5050569,melanocyte,KRT14,13,0.9590041254266658,0.46153846153846156,1.0994129292232888
GSM5050569,melanocyte,KRT10,13,0.08407620931095111,0.07692307692307693,0.7478465397416164
GSM5050569,melanocyte,LYZ,13,0.0,0.0,0.0
GSM5050569,melanocyte,CD3D,13,0.0,0.0,0.0
GSM5050569,melanocyte,MS4A1,13,0.0,0.0,0.0
GSM5050569,melanocyte,PECAM1,13,0.22311071351789533,0.07692307692307693,0.2008891155576682
GSM5050569,melanocyte,CCL21,13,0.0,0.0,0.0
GSM5050569,melanocyte,RGS5,13,0.0,0.0,0.0
GSM5050569,melanocyte,TPSAB1,13,0.0,0.0,0.0
GSM5050569,melanocyte,PMEL,13,1.034642916368625,0.3076923076923077,4.044230935557881
GSM5050569,melanocyte,DCD,13,0.0,0.0,0.0
GSM5050569,melanocyte,TIMP1,13,1.0236970259393152,0.38461538461538464,1.5649250645965083
GSM5050569,melanocyte,CHI3L1,13,0.20904787278936132,0.07692307692307693,0.2008891155576682
GSM5050569,melanocyte,FN1,13,1.0514550157173943,0.46153846153846156,2.008507555608261
GSM5050569,melanocyte,DCN,13,0.0,0.0,0.0
GSM5050569,melanocyte,LUM,13,1.018256282069993,0.38461538461538464,0.9390006836717874
GSM5050569,myeloid,COL1A1,167,1.7821636674539774,0.9700598802395209,2.341733501625263
GSM5050569,myeloid,PDGFRA,167,0.052842330109053336,0.0718562874251497,0.07583223414518778
GSM5050569,myeloid,KRT14,167,0.7795423650982818,0.6586826347305389,1.0822657567373049
GSM5050569,myeloid,KRT10,167,0.28628516743880295,0.33532934131736525,0.4431019747431972
GSM5050569,myeloid,LYZ,167,2.5324816585774967,0.9041916167664671,3.27351658501963
GSM5050569,myeloid,CD3D,167,0.004022908699687837,0.005988023952095809,0.023951347681043404
GSM5050569,myeloid,MS4A1,167,0.004956145342054443,0.005988023952095809,0.006041832566686803
GSM5050569,myeloid,PECAM1,167,0.6133533528325708,0.562874251497006,0.8524333302744798
GSM5050569,myeloid,CCL21,167,0.009981014578314556,0.011976047904191617,0.012047380508523848
GSM5050569,myeloid,RGS5,167,0.015486031439181301,0.023952095808383235,0.023951347681043404
GSM5050569,myeloid,TPSAB1,167,0.0,0.0,0.0
GSM5050569,myeloid,PMEL,167,0.0,0.0,0.0
GSM5050569,myeloid,DCD,167,0.0,0.0,0.0
GSM5050569,myeloid,TIMP1,167,1.7399937545167292,0.8502994011976048,2.468539789659469
GSM5050569,myeloid,CHI3L1,167,0.017977290459149618,0.023952095808383235,0.023951347681043404
GSM5050569,myeloid,FN1,167,0.509639318806625,0.4431137724550898,1.0698692418559053
GSM5050569,myeloid,DCN,167,0.37286649089100804,0.3413173652694611,0.5741921884960807
GSM5050569,myeloid,LUM,167,0.49141019468106945,0.49700598802395207,0.7717472851852532
GSM5050569,pericyte_smc,COL1A1,509,3.5429441385289504,0.9901768172888016,4.300873232240978
GSM5050569,pericyte_smc,PDGFRA,509,0.030898565161319835,0.03929273084479371,0.06066417989072045
GSM5050569,pericyte_smc,KRT14,509,0.6432769549489656,0.5795677799607073,0.6777296818282087
GSM5050569,pericyte_smc,KRT10,509,0.6921656464723709,0.6444007858546169,0.9941895087085351
GSM5050569,pericyte_smc,LYZ,509,0.0009982717855737144,0.0019646365422396855,0.0017357713237720616
GSM5050569,pericyte_smc,CD3D,509,0.0007614927569214842,0.0019646365422396855,0.0017357713237720616
GSM5050569,pericyte_smc,MS4A1,509,0.0,0.0,0.0
GSM5050569,pericyte_smc,PECAM1,509,0.01419589513291221,0.015717092337917484,0.015514532644969948
GSM5050569,pericyte_smc,CCL21,509,0.06337115051353931,0.07269155206286837,0.09600281398255756
GSM5050569,pericyte_smc,RGS5,509,2.1166824373182926,0.8074656188605108,2.6544536207449227
GSM5050569,pericyte_smc,TPSAB1,509,0.0005538495603152811,0.0019646365422396855,0.0017357713237720616
GSM5050569,pericyte_smc,PMEL,509,0.013172148607041993,0.019646365422396856,0.01892976127802099
GSM5050569,pericyte_smc,DCD,509,0.0,0.0,0.0
GSM5050569,pericyte_smc,TIMP1,509,2.3844502549000977,0.9449901768172888,3.1641978219597857
GSM5050569,pericyte_smc,CHI3L1,509,0.01184098155976809,0.0137524557956778,0.022333365812151538
GSM5050569,pericyte_smc,FN1,509,2.1720071415469895,0.8899803536345776,2.8706418000625704
GSM5050569,pericyte_smc,DCN,509,0.9726093054726487,0.6365422396856582,1.373250119626788
GSM5050569,pericyte_smc,LUM,509,1.343795629125058,0.7838899803536346,1.745215440253326
GSM5050569,sweat_gland,COL1A1,1,4.1128430794212365,1.0,4.1128430794212365
GSM5050569,sweat_gland,PDGFRA,1,0.0,0.0,0.0
GSM5050569,sweat_gland,KRT14,1,4.950747708551079,1.0,4.950747708551079
GSM5050569,sweat_gland,KRT10,1,0.0,0.0,0.0
GSM5050569,sweat_gland,LYZ,1,0.0,0.0,0.0
GSM5050569,sweat_gland,CD3D,1,0.0,0.0,0.0
GSM5050569,sweat_gland,MS4A1,1,0.0,0.0,0.0
GSM5050569,sweat_gland,PECAM1,1,0.0,0.0,0.0
GSM5050569,sweat_gland,CCL21,1,0.0,0.0,0.0
GSM5050569,sweat_gland,RGS5,1,0.0,0.0,0.0
GSM5050569,sweat_gland,TPSAB1,1,0.0,0.0,0.0
GSM5050569,sweat_gland,PMEL,1,0.0,0.0,0.0
GSM5050569,sweat_gland,DCD,1,0.0,0.0,0.0
GSM5050569,sweat_gland,TIMP1,1,0.0,0.0,0.0
GSM5050569,sweat_gland,CHI3L1,1,0.0,0.0,0.0
GSM5050569,sweat_gland,FN1,1,0.0,0.0,0.0
GSM5050569,sweat_gland,DCN,1,3.0464291977634224,1.0,3.0464291977634224
GSM5050569,sweat_gland,LUM,1,3.0464291977634224,1.0,3.0464291977634224
GSM5050569,t_cell,COL1A1,96,1.9413631657406907,0.875,2.0395182787548496
GSM5050569,t_cell,PDGFRA,96,0.0,0.0,0.0
GSM5050569,t_cell,KRT14,96,0.9122257656959011,0.5416666666666666,1.1428657127049304
GSM5050569,t_cell,KRT10,96,0.4838967125488917,0.3333333333333333,0.82034125250224
GSM5050569,t_cell,LYZ,96,0.0,0.0,0.0
GSM5050569,t_cell,CD3D,96,1.4010116796765069,0.6979166666666666,1.9639667791025555
GSM5050569,t_cell,MS4A1,96,0.0,0.0,0.0
GSM5050569,t_cell,PECAM1,96,0.02686949580573181,0.010416666666666666,0.0735073869193304
GSM5050569,t_cell,CCL21,96,0.0,0.0,0.0
GSM5050569,t_cell,RGS5,96,0.0,0.0,0.0
GSM5050569,t_cell,TPSAB1,96,0.0,0.0,0.0
GSM5050569,t_cell,PMEL,96,0.0,0.0,0.0
GSM5050569,t_cell,DCD,96,0.0,0.0,0.0
GSM5050569,t_cell,TIMP1,96,0.8807455675608441,0.5104166666666666,1.506012945163427
GSM5050569,t_cell,CHI3L1,96,0.01689620828699804,0.010416666666666666,0.025107644179711668
GSM5050569,t_cell,FN1,96,0.5938601304008625,0.3333333333333333,0.842483048407356
GSM5050569,t_cell,DCN,96,0.37899275722020187,0.2708333333333333,0.595322566005105
GSM5050569,t_cell,LUM,96,0.5457939661426269,0.3125,0.7387400071707388
GSM5050573,b_plasma,COL1A1,58,1.1221650845905928,0.5172413793103449,3.4365804608885786
GSM5050573,b_plasma,PDGFRA,58,0.0,0.0,0.0
GSM5050573,b_plasma,KRT14,58,1.4868291386381356,0.7931034482758621,1.7048828993452596
GSM5050573,b_plasma,KRT10,58,0.5895769757657321,0.43103448275862066,0.872261814186883
GSM5050573,b_plasma,LYZ,58,0.0,0.0,0.0
GSM5050573,b_plasma,CD3D,58,0.0328232981042774,0.017241379310344827,0.06274836070572849
GSM5050573,b_plasma,MS4A1,58,1.5670110537725748,0.603448275862069,1.944508525386707
GSM5050573,b_plasma,PECAM1,58,0.11847252074736729,0.10344827586206896,0.2805021219851137
GSM5050573,b_plasma,CCL21,58,0.015694366502319382,0.017241379310344827,0.03186626922682217
GSM5050573,b_plasma,RGS5,58,0.23118739306888772,0.13793103448275862,0.6107788159966159
GSM5050573,b_plasma,TPSAB1,58,0.0,0.0,0.0
GSM5050573,b_plasma,PMEL,58,0.0,0.0,0.0
GSM5050573,b_plasma,DCD,58,0.0,0.0,0.0
GSM5050573,b_plasma,TIMP1,58,0.6328556415081192,0.3275862068965517,1.8318561604670698
GSM5050573,b_plasma,CHI3L1,58,0.028695648889365984,0.034482758620689655,0.06274836070572849
GSM5050573,b_plasma,FN1,58,0.35117406261420936,0.20689655172413793,1.531799937938706
GSM5050573,b_plasma,DCN,58,0.2500686609921743,0.1206896551724138,1.111826072788082
GSM5050573,b_plasma,LUM,58,0.2743373452872035,0.13793103448275862,1.132905267074745
GSM5050573,endothelial,COL1A1,180,0.5003609790257662,0.4722222222222222,1.718869867287295
GSM5050573,endothelial,PDGFRA,180,0.02074784429289192,0.03888888888888889,0.0255775614414476
GSM5050573,endothelial,KRT14,180,1.0425917222751946,0.7944444444444444,1.8717693507391084
GSM5050573,endothelial,KRT10,180,0.6546926924937088,0.6666666666666666,0.9464919875652442
GSM5050573,endothelial,LYZ,180,0.008502236944833633,0.011111111111111112,0.0073748740830267175
GSM5050573,endothelial,CD3D,180,0.011215385278968254,0.011111111111111112,0.0073748740830267175
GSM5050573,endothelial,MS4A1,180,0.009298189419776288,0.011111111111111112,0.0073748740830267175
GSM5050573,endothelial,PECAM1,180,2.3330727478710034,0.9555555555555556,2.6034012024095285
GSM5050573,endothelial,CCL21,180,0.014261506243841659,0.027777777777777776,0.01833619830587489
GSM5050573,endothelial,RGS5,180,0.07627373805289574,0.06111111111111111,0.2622000089807387
GSM5050573,endothelial,TPSAB1,180,0.0017686572523199693,0.005555555555555556,0.003694235622074008
GSM5050573,endothelial,PMEL,180,0.005823634759663337,0.011111111111111112,0.0073748740830267175
GSM5050573,endothelial,DCD,180,0.0065527986285399105,0.005555555555555556,0.003694235622074008
GSM5050573,endothelial,TIMP1,180,1.2540886684068921,0.8222222222222222,1.89707018577974
GSM5050573,endothelial,CHI3L1,180,0.007982848623595008,0.016666666666666666,0.011042015108497637
GSM5050573,endothelial,FN1,180,1.393276725208261,0.7277777777777777,2.292642616886053
GSM5050573,endothelial,DCN,180,0.058890038661014346,0.07222222222222222,0.10861500347921971
GSM5050573,endothelial,LUM,180,0.08692410982719033,0.08333333333333333,0.101952582764333
GSM5050573,fibroblast,COL1A1,363,4.689682145082016,0.9944903581267218,5.227101455403206
GSM5050573,fibroblast,PDGFRA,363,0.9882102847312858,0.6721763085399449,1.2715412622324702
GSM5050573,fibroblast,KRT14,363,0.9883172063231405,0.8264462809917356,1.1235299283932239
GSM5050573,fibroblast,KRT10,363,0.9763191298310052,0.7630853994490359,1.2710037011330992
GSM5050573,fibroblast,LYZ,363,0.0062259504015967065,0.011019283746556474,0.0076372146723362845
GSM5050573,fibroblast,CD3D,363,0.002095286723604526,0.0027548209366391185,0.003825898199443148
GSM5050573,fibroblast,MS4A1,363,0.002793350564294747,0.005509641873278237,0.005733372201447783
GSM5050573,fibroblast,PECAM1,363,0.07408306076456347,0.12947658402203857,0.10021967484010395
GSM5050573,fibroblast,CCL21,363,0.05529598205072836,0.06887052341597796,0.0703012280997174
GSM5050573,fibroblast,RGS5,363,0.198173995474747,0.17355371900826447,0.331391993134204
GSM5050573,fibroblast,TPSAB1,363,0.002882138025918573,0.0027548209366391185,0.009537439413567533
GSM5050573,fibroblast,PMEL,363,0.008349251463778294,0.013774104683195593,0.024610629608570505
GSM5050573,fibroblast,DCD,363,0.0024847331522102082,0.008264462809917356,0.005733372201447783
GSM5050573,fibroblast,TIMP1,363,2.7678996938275793,0.9393939393939394,3.863286749725192
GSM5050573,fibroblast,CHI3L1,363,0.7944355417182444,0.38292011019283745,2.0602662105070566
GSM5050573,fibroblast,FN1,363,2.0435066252102705,0.90633608815427,2.7086184048833744
GSM5050573,fibroblast,DCN,363,2.7732334844930877,0.9146005509641874,3.463795565015627
GSM5050573,fibroblast,LUM,363,2.442529455130366,0.9090909090909091,3.017503898954209
GSM5050573,keratinocyte,COL1A1,667,0.7167881715972261,0.7001499250374813,1.1842010908674938
GSM5050573,keratinocyte,PDGFRA,667,0.008454653661944575,0.01199400299850075,0.011629917005323006
GSM5050573,keratinocyte,KRT14,667,4.937418246779715,0.9850074962518741,5.782937019228578
GSM5050573,keratinocyte,KRT10,667,0.7284813977228911,0.6656671664167916,1.5902791588234377
GSM5050573,keratinocyte,LYZ,667,0.009324577101755232,0.008995502248875561,0.004538831234315166
GSM5050573,keratinocyte,CD3D,667,0.0036660975833430883,0.004497751124437781,0.0025961398710116143
GSM5050573,keratinocyte,MS4A1,667,0.0,0.0,0.0
GSM5050573,keratinocyte,PECAM1,667,0.0241127499283059,0.031484257871064465,0.0256629978126015
GSM5050573,keratinocyte,CCL21,667,0.0070146307488648816,0.014992503748125937,0.006477755864303587
GSM5050573,keratinocyte,RGS5,667,0.08722732936653407,0.07646176911544228,0.13021559252302692
GSM5050573,keratinocyte,TPSAB1,667,0.006728199851928816,0.01199400299850075,0.005185557248560693
GSM5050573,keratinocyte,PMEL,667,0.0037185171131892455,0.008995502248875561,0.005185557248560693
GSM5050573,keratinocyte,DCD,667,0.009132144386229436,0.017991004497751123,0.0077682868574518145
GSM5050573,keratinocyte,TIMP1,667,0.4348894841896747,0.48575712143928035,0.852391090755872
GSM5050573,keratinocyte,CHI3L1,667,0.13511626308463454,0.11094452773613193,0.29209961215646724
GSM5050573,keratinocyte,FN1,667,0.2040455001829233,0.25037481259370314,0.2660443087507261
GSM5050573,keratinocyte,DCN,667,0.5099171673617384,0.4992503748125937,0.7451429430706108
GSM5050573,keratinocyte,LUM,667,0.17714468465136463,0.2518740629685157,0.22745594253631263
GSM5050573,lymphatic_ec,COL1A1,74,2.026544408922458,0.7837837837837838,2.7555341408995324
GSM5050573,lymphatic_ec,PDGFRA,74,0.05059102702736429,0.02702702702702703,0.03778539598847846
GSM5050573,lymphatic_ec,KRT14,74,1.2195747672389339,0.7702702702702703,1.7127134168228704
GSM5050573,lymphatic_ec,KRT10,74,0.6943664960863775,0.527027027027027,0.9621624770572815
GSM5050573,lymphatic_ec,LYZ,74,0.0,0.0,0.0
GSM5050573,lymphatic_ec,CD3D,74,0.030284692097302647,0.013513513513513514,0.019071154397174824
GSM5050573,lymphatic_ec,MS4A1,74,0.0,0.0,0.0
GSM5050573,lymphatic_ec,PECAM1,74,0.25257382545170676,0.14864864864864866,0.7589330750034967
GSM5050573,lymphatic_ec,CCL21,74,2.451920471005521,0.8378378378378378,3.876789293639713
GSM5050573,lymphatic_ec,RGS5,74,0.29886829399340664,0.1891891891891892,0.5710737896773778
GSM5050573,lymphatic_ec,TPSAB1,74,0.0,0.0,0.0
GSM5050573,lymphatic_ec,PMEL,74,0.0,0.0,0.0
GSM5050573,lymphatic_ec,DCD,74,0.06498921175935128,0.02702702702702703,0.14326307895616613
GSM5050573,lymphatic_ec,TIMP1,74,2.2876556372065964,0.8783783783783784,3.1197927907306715
GSM5050573,lymphatic_ec,CHI3L1,74,0.07285677065283935,0.02702702702702703,0.6743254186176894
GSM5050573,lymphatic_ec,FN1,74,1.255100537024319,0.6756756756756757,1.8609241587279808
GSM5050573,lymphatic_ec,DCN,74,0.9987360608036914,0.5135135135135135,1.6845362686190564
GSM5050573,lymphatic_ec,LUM,74,0.9820795010915652,0.5540540540540541,1.6951959563613197
GSM5050573,mast,COL1A1,12,1.0778445252744289,0.5,1.311194357414946
GSM5050573,mast,PDGFRA,12,0.0,0.0,0.0
GSM5050573,mast,KRT14,12,1.3756188841307277,0.5833333333333334,3.298810034917786
GSM5050573,mast,KRT10,12,0.511354390216271,0.5833333333333334,0.7058824969868721
GSM5050573,mast,LYZ,12,0.10396212533557055,0.16666666666666666,0.13673045913064585
GSM5050573,mast,CD3D,12,0.0697556968026825,0.08333333333333333,0.07070031376688657
GSM5050573,mast,MS4A1,12,0.0,0.0,0.0
GSM5050573,mast,PECAM1,12,0.0,0.0,0.0
GSM5050573,mast,CCL21,12,0.0,0.0,0.0
GSM5050573,mast,RGS5,12,0.251365932289422,0.08333333333333333,0.07070031376688657
GSM5050573,mast,TPSAB1,12,1.5360284717789112,0.4166666666666667,3.1903336498827493
GSM5050573,mast,PMEL,12,0.0,0.0,0.0
GSM5050573,mast,DCD,12,0.02387667918082022,0.08333333333333333,0.13673045913064585
GSM5050573,mast,TIMP1,12,1.82468170781101,0.5833333333333334,2.3945530549128855
GSM5050573,mast,CHI3L1,12,0.27208406525025125,0.25,0.41397331439886875
GSM5050573,mast,FN1,12,0.46395679294643505,0.16666666666666666,0.5496204956473527
GSM5050573,mast,DCN,12,0.5785622855767051,0.25,0.7058824969868721
GSM5050573,mast,LUM,12,0.45499786553900595,0.25,0.5064174193188746
GSM5050573,melanocyte,COL1A1,19,1.7540996028436233,0.7894736842105263,3.2922226930087537
GSM5050573,melanocyte,PDGFRA,19,0.029134489039582625,0.05263157894736842,0.19325331150910727
GSM5050573,melanocyte,KRT14,19,1.2332476279608195,0.47368421052631576,3.499083195483331
GSM5050573,melanocyte,KRT10,19,0.4566647242696794,0.3684210526315789,0.9132182114121052
GSM5050573,melanocyte,LYZ,19,0.0,0.0,0.0
GSM5050573,melanocyte,CD3D,19,0.0,0.0,0.0
GSM5050573,melanocyte,MS4A1,19,0.0,0.0,0.0
GSM5050573,melanocyte,PECAM1,19,0.030700342369086704,0.05263157894736842,0.10128776457796818
GSM5050573,melanocyte,CCL21,19,0.0,0.0,0.0
GSM5050573,melanocyte,RGS5,19,0.18839266699708831,0.10526315789473684,0.4272104053791561
GSM5050573,melanocyte,TPSAB1,19,0.0,0.0,0.0
GSM5050573,melanocyte,PMEL,19,0.11600516264310327,0.10526315789473684,0.19325331150910727
GSM5050573,melanocyte,DCD,19,0.0,0.0,0.0
GSM5050573,melanocyte,TIMP1,19,1.6183329981572085,0.6842105263157895,4.894881872094521
GSM5050573,melanocyte,CHI3L1,19,0.3263401733537809,0.15789473684210525,1.4596484603564148
GSM5050573,melanocyte,FN1,19,0.6931140437598774,0.3684210526315789,2.029317584115014
GSM5050573,melanocyte,DCN,19,0.569119781624754,0.3157894736842105,1.071141952479934
GSM5050573,melanocyte,LUM,19,0.48983602828713313,0.3157894736842105,1.2388627495176459
GSM5050573,myeloid,COL1A1,69,0.6948820651939825,0.4927536231884058,0.8415050770018091
GSM5050573,myeloid,PDGFRA,69,0.0,0.0,0.0
GSM5050573,myeloid,KRT14,69,1.0652270213731676,0.6811594202898551,1.2520694411090767
GSM5050573,myeloid,KRT10,69,0.4060295677659815,0.43478260869565216,0.5718876492953221
GSM5050573,myeloid,LYZ,69,2.2715549329773745,0.6811594202898551,3.4665720118475676
GSM5050573,myeloid,CD3D,69,0.022146521945224457,0.014492753623188406,0.03980799369826653
GSM5050573,myeloid,MS4A1,69,0.0,0.0,0.0
GSM5050573,myeloid,PECAM1,69,0.29149291448074094,0.3188405797101449,0.4239219707516097
GSM5050573,myeloid,CCL21,69,0.0,0.0,0.0
GSM5050573,myeloid,RGS5,69,0.04427110569719105,0.028985507246376812,0.03980799369826653
GSM5050573,myeloid,TPSAB1,69,0.0,0.0,0.0
GSM5050573,myeloid,PMEL,69,0.0,0.0,0.0
GSM5050573,myeloid,DCD,69,0.0,0.0,0.0
GSM5050573,myeloid,TIMP1,69,1.6834090043234222,0.7391304347826086,2.779270960489292
GSM5050573,myeloid,CHI3L1,69,0.0,0.0,0.0
GSM5050573,myeloid,FN1,69,0.16740429463573403,0.11594202898550725,0.9009716887534853
GSM5050573,myeloid,DCN,69,0.14146124097937757,0.07246376811594203,0.28132763258969384
GSM5050573,myeloid,LUM,69,0.12885623399333973,0.07246376811594203,0.23425849678523433
GSM5050573,pericyte_smc,COL1A1,1111,3.486548207537708,0.9558955895589559,4.736461919880156
GSM5050573,pericyte_smc,PDGFRA,1111,0.009808995842736019,0.0144014401440144,0.014356212347728218
GSM5050573,pericyte_smc,KRT14,1111,0.9372868500378159,0.7812781278127813,1.047396288679809
GSM5050573,pericyte_smc,KRT10,1111,0.8697816104257416,0.7263726372637264,1.1726600758826835
GSM5050573,pericyte_smc,LYZ,1111,0.003359906179915218,0.0054005400540054005,0.0037650141292430075
GSM5050573,pericyte_smc,CD3D,1111,0.0011583666433724472,0.0018001800180018,0.001884278979999117
GSM5050573,pericyte_smc,MS4A1,1111,0.0018145210965901943,0.0036003600360036,0.002511583796804544
GSM5050573,pericyte_smc,PECAM1,1111,0.017098942204007313,0.026102610261026102,0.019301755418307563
GSM5050573,pericyte_smc,CCL21,1111,0.08871435521347804,0.08370837083708371,0.13285364477251332
GSM5050573,pericyte_smc,RGS5,1111,2.072655554362038,0.8316831683168316,2.555207893355218
GSM5050573,pericyte_smc,TPSAB1,1111,0.0,0.0,0.0
GSM5050573,pericyte_smc,PMEL,1111,0.011929372594645184,0.034203420342034205,0.026674510751625222
GSM5050573,pericyte_smc,DCD,1111,0.007957198555046867,0.013501350135013501,0.009386089269049281
GSM5050573,pericyte_smc,TIMP1,1111,2.8042507905027128,0.9594959495949595,4.089137433639073
GSM5050573,pericyte_smc,CHI3L1,1111,0.016182190063202442,0.021602160216021602,0.018684898450217834
GSM5050573,pericyte_smc,FN1,1111,2.142257477900069,0.8775877587758776,3.0379316653763144
GSM5050573,pericyte_smc,DCN,1111,0.7147956881715968,0.5004500450045004,1.1278864684609173
GSM5050573,pericyte_smc,LUM,1111,0.7360171485291025,0.5364536453645364,1.1987821467816193
GSM5050573,sweat_gland,COL1A1,18,0.5108541313940343,0.5,0.494607214707813
GSM5050573,sweat_gland,PDGFRA,18,0.04526103286019215,0.05555555555555555,0.027439800701715172
GSM5050573,sweat_gland,KRT14,18,1.3691206098842645,0.6666666666666666,3.4549704318149788
GSM5050573,sweat_gland,KRT10,18,0.9559650459467441,0.8333333333333334,1.061859180964153
GSM5050573,sweat_gland,LYZ,18,0.0,0.0,0.0
GSM5050573,sweat_gland,CD3D,18,0.0,0.0,0.0
GSM5050573,sweat_gland,MS4A1,18,0.0,0.0,0.0
GSM5050573,sweat_gland,PECAM1,18,0.04415646097086575,0.05555555555555555,0.027439800701715172
GSM5050573,sweat_gland,CCL21,18,0.0,0.0,0.0
GSM5050573,sweat_gland,RGS5,18,0.0,0.0,0.0
GSM5050573,sweat_gland,TPSAB1,18,0.0,0.0,0.0
GSM5050573,sweat_gland,PMEL,18,0.0,0.0,0.0
GSM5050573,sweat_gland,DCD,18,1.3207188286942904,0.5,4.666767063647537
GSM5050573,sweat_gland,TIMP1,18,0.7539902663211879,0.6111111111111112,1.6106456722700973
GSM5050573,sweat_gland,CHI3L1,18,0.6096253664314268,0.4444444444444444,1.0903117625736394
GSM5050573,sweat_gland,FN1,18,0.11332332141065637,0.2222222222222222,0.15436645823678344
GSM5050573,sweat_gland,DCN,18,0.21915833087519937,0.1111111111111111,0.20094531444900057
GSM5050573,sweat_gland,LUM,18,0.11304713010106221,0.16666666666666666,0.08015890183346623
GSM5050573,t_cell,COL1A1,357,0.45529821796248265,0.2857142857142857,0.7709654973148784
GSM5050573,t_cell,PDGFRA,357,0.0,0.0,0.0
GSM5050573,t_cell,KRT14,357,1.3806070760997364,0.7058823529411765,1.793506100689575
GSM5050573,t_cell,KRT10,357,0.4721932107432862,0.3165266106442577,0.7709654973148784
GSM5050573,t_cell,LYZ,357,0.005029074889388966,0.0028011204481792717,0.07010032107947438
GSM5050573,t_cell,CD3D,357,1.2665043067193043,0.6246498599439776,1.8147569335925955
GSM5050573,t_cell,MS4A1,357,0.013443578009570023,0.011204481792717087,0.039549602348512666
GSM5050573,t_cell,PECAM1,357,0.04529314682369263,0.03361344537815126,0.09974529615895543
GSM5050573,t_cell,CCL21,357,0.002959958789889123,0.0028011204481792717,0.008036044531462422
GSM5050573,t_cell,RGS5,357,0.034346505664145335,0.022408963585434174,0.09974529615895543
GSM5050573,t_cell,TPSAB1,357,0.003290012743708717,0.0028011204481792717,0.008036044531462422
GSM5050573,t_cell,PMEL,357,0.0,0.0,0.0
GSM5050573,t_cell,DCD,357,0.01393799441702769,0.008403361344537815,0.07759436094794271
GSM5050573,t_cell,TIMP1,357,0.4891958552241122,0.32492997198879553,0.8567507241684705
GSM5050573,t_cell,CHI3L1,357,0.0021431605320874772,0.0028011204481792717,0.016008025526635196
GSM5050573,t_cell,FN1,357,0.10137769423922607,0.07563025210084033,0.21024811008211766
GSM5050573,t_cell,DCN,357,0.05608032480618769,0.0392156862745098,0.11424460773077343
GSM5050573,t_cell,LUM,357,0.05885277789276853,0.04481792717086835,0.12141618178378924
GSM5050574,b_plasma,COL1A1,2,2.809283052742459,1.0,2.7678262102067026
GSM5050574,b_plasma,PDGFRA,2,0.44247843882052756,0.5,0.6589432439008428
GSM5050574,b_plasma,KRT14,2,0.6552228087398352,0.5,0.6589432439008428
GSM5050574,b_plasma,KRT10,2,0.44247843882052756,0.5,0.6589432439008428
GSM5050574,b_plasma,LYZ,2,0.0,0.0,0.0
GSM5050574,b_plasma,CD3D,2,0.0,0.0,0.0
GSM5050574,b_plasma,MS4A1,2,0.0,0.0,0.0
GSM5050574,b_plasma,PECAM1,2,0.0,0.0,0.0
GSM5050574,b_plasma,CCL21,2,0.0,0.0,0.0
GSM5050574,b_plasma,RGS5,2,0.9293702549969568,0.5,1.0527420249588944
GSM5050574,b_plasma,TPSAB1,2,0.0,0.0,0.0
GSM5050574,b_plasma,PMEL,2,0.0,0.0,0.0
GSM5050574,b_plasma,DCD,2,0.0,0.0,0.0
GSM5050574,b_plasma,TIMP1,2,1.7020429112232671,1.0,1.886538123626806
GSM5050574,b_plasma,CHI3L1,2,0.0,0.0,0.0
GSM5050574,b_plasma,FN1,2,1.0977012475603627,1.0,1.0527420249588944
GSM5050574,b_plasma,DCN,2,2.492331015633052,1.0,3.300159609503671
GSM5050574,b_plasma,LUM,2,1.9363115888293483,1.0,1.886538123626806
GSM5050574,endothelial,COL1A1,781,0.1977214684862344,0.19206145966709348,0.4580792177173445
GSM5050574,endothelial,PDGFRA,781,0.0399636670975229,0.06017925736235595,0.05597017411975477
GSM5050574,endothelial,KRT14,781,0.09920859292891339,0.12548015364916773,0.2765194847040836
GSM5050574,endothelial,KRT10,781,0.6281324549308397,0.6670934699103713,0.8117617224691033
GSM5050574,endothelial,LYZ,781,0.00893339878331097,0.008962868117797696,0.009928678150459665
GSM5050574,endothelial,CD3D,781,0.0,0.0,0.0
GSM5050574,endothelial,MS4A1,781,0.0,0.0,0.0
GSM5050574,endothelial,PECAM1,781,2.3122108098838687,0.9346991037131882,2.546826048932229
GSM5050574,endothelial,CCL21,781,0.014361870879380971,0.029449423815621,0.01749960128512583
GSM5050574,endothelial,RGS5,781,0.020378041321239257,0.030729833546734954,0.044289923546243226
GSM5050574,endothelial,TPSAB1,781,0.003403945395930598,0.006402048655569782,0.004594719325722393
GSM5050574,endothelial,PMEL,781,0.011124891190094298,0.028169014084507043,0.01749960128512583
GSM5050574,endothelial,DCD,781,0.08908693765157122,0.1088348271446863,0.08881034998458265
GSM5050574,endothelial,TIMP1,781,1.0115004416328317,0.793854033290653,1.217471166840527
GSM5050574,endothelial,CHI3L1,781,0.0002580108796776342,0.0012804097311139564,0.0007672541242642984
GSM5050574,endothelial,FN1,781,0.5394836060190562,0.38156209987195905,1.207425074373702
GSM5050574,endothelial,DCN,781,0.31203061704653,0.25096030729833546,1.0884035399579477
GSM5050574,endothelial,LUM,781,0.1641576527262158,0.11907810499359796,0.4566217388157756
GSM5050574,fibroblast,COL1A1,1152,3.363174167539248,0.9913194444444444,4.533202798304753
GSM5050574,fibroblast,PDGFRA,1152,0.9714769411414282,0.7239583333333334,1.1825482381627277
GSM5050574,fibroblast,KRT14,1152,0.08331096303782798,0.08680555555555555,0.49496380137012674
GSM5050574,fibroblast,KRT10,1152,0.8991006456901955,0.7404513888888888,1.1036545872514307
GSM5050574,fibroblast,LYZ,1152,0.002284432441154484,0.0026041666666666665,0.0030891312357488898
GSM5050574,fibroblast,CD3D,1152,0.0,0.0,0.0
GSM5050574,fibroblast,MS4A1,1152,0.0,0.0,0.0
GSM5050574,fibroblast,PECAM1,1152,0.028724429658606825,0.034722222222222224,0.0522391906922845
GSM5050574,fibroblast,CCL21,1152,0.012955032381043799,0.016493055555555556,0.019405242091870632
GSM5050574,fibroblast,RGS5,1152,0.021627919409944033,0.0234375,0.04240286134110856
GSM5050574,fibroblast,TPSAB1,1152,0.0037322690677379314,0.004340277777777778,0.005143263247416154
GSM5050574,fibroblast,PMEL,1152,0.0,0.0,0.0
GSM5050574,fibroblast,DCD,1152,0.0879923215276688,0.09895833333333333,0.17375132129605042
GSM5050574,fibroblast,TIMP1,1152,2.027670106155494,0.9479166666666666,2.2932778896313115
GSM5050574,fibroblast,CHI3L1,1152,0.00040888317874345734,0.0008680555555555555,0.0010307710791025509
GSM5050574,fibroblast,FN1,1152,1.6189716039466167,0.8463541666666666,2.078985963167845
GSM5050574,fibroblast,DCN,1152,4.42601625471034,0.9921875,4.686530419619595
GSM5050574,fibroblast,LUM,1152,3.0756686864551774,0.9817708333333334,3.373883919039672
GSM5050574,keratinocyte,COL1A1,112,0.16280618930077553,0.16964285714285715,0.18170570117601723
GSM5050574,keratinocyte,PDGFRA,112,0.012878117851821209,0.017857142857142856,0.01521150092644885
GSM5050574,keratinocyte,KRT14,112,4.3762365267584995,0.9553571428571429,4.641982275453567
GSM5050574,keratinocyte,KRT10,112,1.2724785443173967,0.6964285714285714,2.3069150012386603
GSM5050574,keratinocyte,LYZ,112,0.0200557241826111,0.017857142857142856,0.01521150092644885
GSM5050574,keratinocyte,CD3D,112,0.0,0.0,0.0
GSM5050574,keratinocyte,MS4A1,112,0.0,0.0,0.0
GSM5050574,keratinocyte,PECAM1,112,0.049847239203069896,0.05357142857142857,0.05225771323146857
GSM5050574,keratinocyte,CCL21,112,0.0058360128530732455,0.017857142857142856,0.01521150092644885
GSM5050574,keratinocyte,RGS5,112,0.005565437575569106,0.008928571428571428,0.007634673904422618
GSM5050574,keratinocyte,TPSAB1,112,0.0,0.0,0.0
GSM5050574,keratinocyte,PMEL,112,0.0013124162507995208,0.008928571428571428,0.007634673904422618
GSM5050574,keratinocyte,DCD,112,0.1205375462371242,0.10714285714285714,0.12247084821992202
GSM5050574,keratinocyte,TIMP1,112,0.07413404943311594,0.08035714285714286,0.2193319401887532
GSM5050574,keratinocyte,CHI3L1,112,0.010841808792819334,0.03571428571428571,0.03019507487480669
GSM5050574,keratinocyte,FN1,112,0.041296620177650074,0.044642857142857144,0.04495745158287435
GSM5050574,keratinocyte,DCN,112,0.17161521314681805,0.20535714285714285,0.200695776977076
GSM5050574,keratinocyte,LUM,112,0.053998987457717536,0.044642857142857144,0.04495745158287435
GSM5050574,lymphatic_ec,COL1A1,88,0.7599953149479949,0.4431818181818182,1.420274431857298
GSM5050574,lymphatic_ec,PDGFRA,88,0.09834396984997001,0.10227272727272728,0.16154177965271432
GSM5050574,lymphatic_ec,KRT14,88,0.10150388791342752,0.10227272727272728,0.09205658251291299
GSM5050574,lymphatic_ec,KRT10,88,0.6635578514184529,0.6363636363636364,0.9123763904675714
GSM5050574,lymphatic_ec,LYZ,88,0.024250263467671583,0.011363636363636364,0.017380240946722178
GSM5050574,lymphatic_ec,CD3D,88,0.0,0.0,0.0
GSM5050574,lymphatic_ec,MS4A1,88,0.0,0.0,0.0
GSM5050574,lymphatic_ec,PECAM1,88,0.9658052859446031,0.5909090909090909,1.3500818969569999
GSM5050574,lymphatic_ec,CCL21,88,3.0317324410470685,0.7045454545454546,4.632534023222585
GSM5050574,lymphatic_ec,RGS5,88,0.07845786121633097,0.03409090909090909,0.10001992334417666
GSM5050574,lymphatic_ec,TPSAB1,88,0.01633832145942751,0.011363636363636364,0.008727879095041625
GSM5050574,lymphatic_ec,PMEL,88,0.014623873719517616,0.022727272727272728,0.017380240946722178
GSM5050574,lymphatic_ec,DCD,88,0.15626954041930793,0.17045454545454544,0.12353638336057964
GSM5050574,lymphatic_ec,TIMP1,88,1.7974464662530791,0.9204545454545454,1.978609854959004
GSM5050574,lymphatic_ec,CHI3L1,88,0.0,0.0,0.0
GSM5050574,lymphatic_ec,FN1,88,1.8281033825172237,0.8522727272727273,2.1709656065408307
GSM5050574,lymphatic_ec,DCN,88,1.424219998397113,0.45454545454545453,3.16564981071211
GSM5050574,lymphatic_ec,LUM,88,0.9083408188587498,0.38636363636363635,1.8114623530616103
GSM5050574,mast,COL1A1,53,0.4168359187899612,0.18867924528301888,1.1200319512091652
GSM5050574,mast,PDGFRA,53,0.09653379632184463,0.07547169811320754,0.3187779272429647
GSM5050574,mast,KRT14,53,0.35453868690020296,0.11320754716981132,2.375983488992482
GSM5050574,mast,KRT10,53,0.7898143961896152,0.4528301886792453,1.1046014512459608
GSM5050574,mast,LYZ,53,0.03187122488255576,0.018867924528301886,0.04586276947255456
GSM5050574,mast,CD3D,53,0.03381464636724507,0.018867924528301886,0.04586276947255456
GSM5050574,mast,MS4A1,53,0.0,0.0,0.0
GSM5050574,mast,PECAM1,53,0.0,0.0,0.0
GSM5050574,mast,CCL21,53,0.029481155341882764,0.018867924528301886,0.04586276947255456
GSM5050574,mast,RGS5,53,0.14699185617536326,0.05660377358490566,0.384791066887839
GSM5050574,mast,TPSAB1,53,2.588034981291526,0.7547169811320755,2.52180882617633
GSM5050574,mast,PMEL,53,0.0,0.0,0.0
GSM5050574,mast,DCD,53,0.027136406790418045,0.018867924528301886,0.5329555136096281
GSM5050574,mast,TIMP1,53,0.8907422406768803,0.41509433962264153,1.326786653336579
GSM5050574,mast,CHI3L1,53,0.0,0.0,0.0
GSM5050574,mast,FN1,53,0.261482187325676,0.1509433962264151,0.7975968253341178
GSM5050574,mast,DCN,53,0.5134533667431239,0.1320754716981132,3.1739703525467218
GSM5050574,mast,LUM,53,0.15891117009669353,0.1320754716981132,0.7762321432887292
GSM5050574,melanocyte,COL1A1,70,1.1463387749404728,0.5571428571428572,1.6716290213071576
GSM5050574,melanocyte,PDGFRA,70,0.12301238618998464,0.08571428571428572,0.27277794492733
GSM5050574,melanocyte,KRT14,70,0.28231433004137,0.15714285714285714,0.5080592583045249
GSM5050574,melanocyte,KRT10,70,0.6525644538100492,0.45714285714285713,0.9959976880534003
GSM5050574,melanocyte,LYZ,70,0.0,0.0,0.0
GSM5050574,melanocyte,CD3D,70,0.0,0.0,0.0
GSM5050574,melanocyte,MS4A1,70,0.0,0.0,0.0
GSM5050574,melanocyte,PECAM1,70,0.0,0.0,0.0
GSM5050574,melanocyte,CCL21,70,0.0,0.0,0.0
GSM5050574,melanocyte,RGS5,70,0.0,0.0,0.0
GSM5050574,melanocyte,TPSAB1,70,0.0,0.0,0.0
GSM5050574,melanocyte,PMEL,70,0.06252990769584348,0.02857142857142857,0.5690560039796136
GSM5050574,melanocyte,DCD,70,0.0,0.0,0.0
GSM5050574,melanocyte,TIMP1,70,1.2357886627806258,0.6571428571428571,1.7288972317669866
GSM5050574,melanocyte,CHI3L1,70,0.0,0.0,0.0
GSM5050574,melanocyte,FN1,70,1.0708076134469762,0.5285714285714286,1.7653315322902663
GSM5050574,melanocyte,DCN,70,1.6600511243939162,0.42857142857142855,3.5516188323252122
GSM5050574,melanocyte,LUM,70,1.0661219604895393,0.35714285714285715,2.5585538514377526
GSM5050574,myeloid,COL1A1,38,0.3248782054451742,0.23684210526315788,0.47377762565011095
GSM5050574,myeloid,PDGFRA,38,0.019796824054446223,0.02631578947368421,0.035029237731979954
GSM5050574,myeloid,KRT14,38,0.07973497695254948,0.05263157894736842,0.16403023765452085
GSM5050574,myeloid,KRT10,38,0.47173177026898006,0.4473684210526316,0.6182079440409946
GSM5050574,myeloid,LYZ,38,1.775410615279057,0.6052631578947368,3.3227849749757548
GSM5050574,myeloid,CD3D,38,0.04588002347255914,0.02631578947368421,0.035029237731979954
GSM5050574,myeloid,MS4A1,38,0.0,0.0,0.0
GSM5050574,myeloid,PECAM1,38,0.30481558234789635,0.2631578947368421,0.40486481983290595
GSM5050574,myeloid,CCL21,38,0.0,0.0,0.0
GSM5050574,myeloid,RGS5,38,0.013580343562427138,0.02631578947368421,0.035029237731979954
GSM5050574,myeloid,TPSAB1,38,0.0,0.0,0.0
GSM5050574,myeloid,PMEL,38,0.0,0.0,0.0
GSM5050574,myeloid,DCD,38,0.01341337175901433,0.02631578947368421,0.035029237731979954
GSM5050574,myeloid,TIMP1,38,1.072709578496373,0.6842105263157895,1.494711198594495
GSM5050574,myeloid,CHI3L1,38,0.0,0.0,0.0
GSM5050574,myeloid,FN1,38,0.2879468367456834,0.15789473684210525,0.40486481983290595
GSM5050574,myeloid,DCN,38,0.7025318003253421,0.3157894736842105,1.902704086658354
GSM5050574,myeloid,LUM,38,0.379245432376917,0.18421052631578946,0.9293844346942464
GSM5050574,pericyte_smc,COL1A1,453,1.6295686184866327,0.8211920529801324,2.235837522984208
GSM5050574,pericyte_smc,PDGFRA,453,0.024767013915326486,0.033112582781456956,0.09022109277992867
GSM5050574,pericyte_smc,KRT14,453,0.09003634399176311,0.08609271523178808,0.1932597875118602
GSM5050574,pericyte_smc,KRT10,453,0.5595033124705789,0.4856512141280353,0.8022063192000797
GSM5050574,pericyte_smc,LYZ,453,0.005453463366814999,0.006622516556291391,0.009095563646043707
GSM5050574,pericyte_smc,CD3D,453,0.0,0.0,0.0
GSM5050574,pericyte_smc,MS4A1,453,0.0,0.0,0.0
GSM5050574,pericyte_smc,PECAM1,453,0.01596043448782311,0.01545253863134658,0.03295354935634943
GSM5050574,pericyte_smc,CCL21,453,0.058842890155606675,0.052980132450331126,0.10678080577194246
GSM5050574,pericyte_smc,RGS5,453,1.9186300036184496,0.6843267108167771,2.7272220692734255
GSM5050574,pericyte_smc,TPSAB1,453,0.0019622580551344362,0.002207505518763797,0.003041055959243577
GSM5050574,pericyte_smc,PMEL,453,0.006108875488854823,0.011037527593818985,0.015113634764363504
GSM5050574,pericyte_smc,DCD,453,0.09001858747221164,0.08388520971302428,0.13909959122380433
GSM5050574,pericyte_smc,TIMP1,453,1.2809636710847796,0.7792494481236203,1.7562811529394913
GSM5050574,pericyte_smc,CHI3L1,453,0.0,0.0,0.0
GSM5050574,pericyte_smc,FN1,453,1.1063106527357391,0.6379690949227373,1.6410151125759906
GSM5050574,pericyte_smc,DCN,453,0.9843015192692278,0.4392935982339956,2.7111585422335276
GSM5050574,pericyte_smc,LUM,453,0.5763272208035353,0.3355408388520971,1.419984230536963
GSM5050574,sweat_gland,COL1A1,85,0.42158119856620363,0.24705882352941178,1.1836939605335968
GSM5050574,sweat_gland,PDGFRA,85,0.023199546484592524,0.023529411764705882,0.04168099158185817
GSM5050574,sweat_gland,KRT14,85,2.0821599983163823,0.5647058823529412,4.006177815338778
GSM5050574,sweat_gland,KRT10,85,1.0469607958875395,0.6705882352941176,1.701038242462887
GSM5050574,sweat_gland,LYZ,85,0.0,0.0,0.0
GSM5050574,sweat_gland,CD3D,85,0.0,0.0,0.0
GSM5050574,sweat_gland,MS4A1,85,0.0,0.0,0.0
GSM5050574,sweat_gland,PECAM1,85,0.011561947633027522,0.023529411764705882,0.021057643205213375
GSM5050574,sweat_gland,CCL21,85,0.015522516688673391,0.011764705882352941,0.010584248620717433
GSM5050574,sweat_gland,RGS5,85,0.021584163286648694,0.03529411764705882,0.031422481763662066
GSM5050574,sweat_gland,TPSAB1,85,0.016710464108273544,0.011764705882352941,0.010584248620717433
GSM5050574,sweat_gland,PMEL,85,0.0,0.0,0.0
GSM5050574,sweat_gland,DCD,85,1.9880180165326886,0.5411764705882353,6.19176001882688
GSM5050574,sweat_gland,TIMP1,85,0.42561338793914516,0.23529411764705882,0.6662902056751739
GSM5050574,sweat_gland,CHI3L1,85,0.05432746978156418,0.10588235294117647,0.12016731906243669
GSM5050574,sweat_gland,FN1,85,0.4157287750683671,0.24705882352941178,0.7551302918531666
GSM5050574,sweat_gland,DCN,85,0.8913995875768553,0.32941176470588235,2.419133806846966
GSM5050574,sweat_gland,LUM,85,0.6898048933679258,0.2235294117647059,1.647184695608466
GSM5050574,t_cell,COL1A1,117,0.2700399976960407,0.20512820512820512,0.7341677120326368
GSM5050574,t_cell,PDGFRA,117,0.02531748271330459,0.017094017094017096,0.06865383217326854
GSM5050574,t_cell,KRT14,117,0.124167418185727,0.08547008547008547,0.2221260883352112
GSM5050574,t_cell,KRT10,117,0.40839791230889727,0.3333333333333333,0.6816558717288602
GSM5050574,t_cell,LYZ,117,0.008685653062628213,0.008547008547008548,0.03491596900044824
GSM5050574,t_cell,CD3D,117,1.064595741410294,0.6495726495726496,1.4841327233926755
GSM5050574,t_cell,MS4A1,117,0.04893299030042415,0.042735042735042736,0.08510530560221173
GSM5050574,t_cell,PECAM1,117,0.02606840542805661,0.02564102564102564,0.051927174265897304
GSM5050574,t_cell,CCL21,117,0.008138259061943228,0.008547008547008548,0.017610367371292093
GSM5050574,t_cell,RGS5,117,0.0,0.0,0.0
GSM5050574,t_cell,TPSAB1,117,0.0,0.0,0.0
GSM5050574,t_cell,PMEL,117,0.0,0.0,0.0
GSM5050574,t_cell,DCD,117,0.09554180701405697,0.07692307692307693,0.1785057739716902
GSM5050574,t_cell,TIMP1,117,0.687303856266043,0.48717948717948717,1.1640961985314962
GSM5050574,t_cell,CHI3L1,117,0.0,0.0,0.0
GSM5050574,t_cell,FN1,117,0.03967612158392852,0.02564102564102564,0.2077963625198647
GSM5050574,t_cell,DCN,117,0.1647750223468209,0.1111111111111111,0.9203382307304538
GSM5050574,t_cell,LUM,117,0.11069788488438742,0.06837606837606838,0.6994679704390948
