"gsm","arm","celltype","topic_0","x","y"
"GSM5050534","Non-diabetic","fibroblast",0.014520768,0.2254887,-0.04267125
"GSM5050558","DFU-nonhealer","myeloid",0.008705027,13.518965,-0.99095047
"GSM5050547","DFU-healer","pericyte_smc",0.016722793,-2.1497836,3.1662538
"GSM5050534","Non-diabetic","keratinocyte",0.00664865,3.848393,13.902051
"GSM5050556","Non-diabetic","fibroblast",0.021668885,2.074699,-0.40944383
"GSM5050530","DFU-nonhealer","t_cell",0.0067183413,13.676655,2.9504333
"GSM5050555","Non-diabetic","keratinocyte",0.0076776566,4.3085856,13.002738
"GSM5050538","Non-diabetic","keratinocyte",0.0037007325,2.0159404,17.018984
"GSM5050534","Non-diabetic","myeloid",0.0059255646,11.209164,-3.2972677
"GSM5050564","Non-diabetic","sweat_gland",0.014652031,0.31651843,-0.13201073
"GSM5050547","DFU-healer","pericyte_smc",0.05061525,-6.3592243,7.9899144
"GSM5050540","Non-diabetic","fibroblast",0.91576433,6.5145755,3.0339308
"GSM5050556","Non-diabetic","keratinocyte",0.0075511583,-1.1240782,13.091432
"GSM5050557","DFU-nonhealer","pericyte_smc",0.007286722,-10.629298,6.3737683
"GSM5050539","DFU-healer","b_plasma",0.007521508,14.163197,2.2621071
"GSM5050539","DFU-healer","fibroblast",0.6897845,6.1610026,2.0180614
"GSM5050534","Non-diabetic","keratinocyte",0.008366867,3.7874837,12.994126
"GSM5050523","DFU-healer","pericyte_smc",0.010809093,-6.890808,1.6854421
"GSM5050547","DFU-healer","fibroblast",0.021181928,4.2445827,-2.2129674
"GSM5050533","DFU-nonhealer","fibroblast",0.010166717,5.8421793,-3.780508
"GSM5050555","Non-diabetic","melanocyte",0.030938735,3.1837127,2.6469314
"GSM5050531","DFU-healer","pericyte_smc",0.036086507,-3.562057,3.841477
"GSM5050573","DFU-healer","fibroblast",0.015646249,6.2347546,-3.29198
"GSM5050530","DFU-nonhealer","pericyte_smc",0.4889948,-1.713615,4.6229687
"GSM5050538","Non-diabetic","endothelial",0.008511664,-2.2342188,-9.54426
"GSM5050531","DFU-healer","myeloid",0.006512959,11.109055,-4.076544
"GSM5050564","Non-diabetic","keratinocyte",0.0047888733,3.483956,14.834587
"GSM5050558","DFU-nonhealer","pericyte_smc",0.013134787,-5.613412,6.4689684
"GSM5050557","DFU-nonhealer","endothelial",0.007986451,-2.0711963,-10.76919
"GSM5050563","DFU-nonhealer","fibroblast",0.064922735,2.9708595,-1.7064086
"GSM5050547","DFU-healer","fibroblast",0.8743439,6.5757737,2.4774327
"GSM5050563","DFU-nonhealer","endothelial",0.006903639,-0.7377236,-9.655759
"GSM5050558","DFU-nonhealer","myeloid",0.0049119093,14.232683,-3.302102
"GSM5050573","DFU-healer","myeloid",0.030491512,10.55561,-2.2648163
"GSM5050555","Non-diabetic","pericyte_smc",0.014109289,-5.6245894,1.8478694
"GSM5050556","Non-diabetic","pericyte_smc",0.010138916,-6.18532,1.4860308
"GSM5050574","Non-diabetic","endothelial",0.0051856935,-1.4311566,-10.171827
"GSM5050556","Non-diabetic","fibroblast",0.01932039,2.982096,2.540816
"GSM5050533","DFU-nonhealer","mast",0.017470796,4.860924,9.920211
"GSM5050531","DFU-healer","t_cell",0.006376005,14.392859,5.113352
"GSM5050574","Non-diabetic","fibroblast",0.009600963,4.383919,-3.2028353
"GSM5050548","Non-diabetic","pericyte_smc",0.013578232,-8.452256,3.261602
"GSM5050548","Non-diabetic","pericyte_smc",0.014479804,-7.003133,5.97209
"GSM5050538","Non-diabetic","myeloid",0.005776726,12.605885,-3.9205654
"GSM5050534","Non-diabetic","keratinocyte",0.0043366156,3.5859869,15.907831
"GSM5050569","DFU-healer","endothelial",0.008516565,-1.5626788,-10.865438
"GSM5050538","Non-diabetic","pericyte_smc",0.013137747,-5.470122,7.8394384
"GSM5050563","DFU-nonhealer","pericyte_smc",0.016589139,-4.717626,7.2029896
"GSM5050573","DFU-healer","keratinocyte",0.010948875,5.663561,10.832093
"GSM5050556","Non-diabetic","fibroblast",0.010735295,1.7186049,2.8667238
"GSM5050548","Non-diabetic","pericyte_smc",0.0122247385,-6.0507903,7.2877293
"GSM5050573","DFU-healer","pericyte_smc",0.01094653,-1.2112868,2.574244
"GSM5050573","DFU-healer","keratinocyte",0.00928617,4.6939178,11.690449
"GSM5050547","DFU-healer","fibroblast",0.030960696,1.6159257,-1.667789
"GSM5050569","DFU-healer","fibroblast",0.040815715,5.9460464,-1.5494761
"GSM5050534","Non-diabetic","sweat_gland",0.0025367537,-4.5076017,13.144481
"GSM5050534","Non-diabetic","mast",0.009976468,13.684021,7.3252063
"GSM5050530","DFU-nonhealer","keratinocyte",0.008664922,4.71601,12.493038
"GSM5050540","Non-diabetic","t_cell",0.03910238,12.076367,0.22579077
"GSM5050527","DFU-healer","fibroblast",0.052590374,3.1240928,-0.4907504
"GSM5050552","Non-diabetic","pericyte_smc",0.009097272,-6.284251,1.5108248
"GSM5050533","DFU-nonhealer","keratinocyte",0.007558094,4.055137,13.01743
"GSM5050540","Non-diabetic","t_cell",0.010080293,16.329779,6.792372
"GSM5050523","DFU-healer","pericyte_smc",0.01801983,-6.1054525,4.8478856
"GSM5050532","DFU-healer","endothelial",0.011188448,-2.1739492,-10.392514
"GSM5050557","DFU-nonhealer","t_cell",0.0068901884,14.689485,8.581493
"GSM5050569","DFU-healer","fibroblast",0.024200818,7.0389857,-2.59122
"GSM5050557","DFU-nonhealer","fibroblast",0.02071574,1.3259431,0.73333377
"GSM5050523","DFU-healer","t_cell",0.004574177,16.659462,7.587664
"GSM5050567","Non-diabetic","fibroblast",0.016185388,1.2576499,1.5464898
"GSM5050527","DFU-healer","myeloid",0.0049376683,11.1259165,-3.7080264
"GSM5050569","DFU-healer","fibroblast",0.0099705905,3.919236,-3.897311
"GSM5050574","Non-diabetic","fibroblast",0.009097902,-0.5468392,-0.6717287
"GSM5050573","DFU-healer","keratinocyte",0.004601038,2.4966896,15.745972
"GSM5050569","DFU-healer","pericyte_smc",0.008310882,-7.8625526,7.9549685
"GSM5050532","DFU-healer","myeloid",0.007192891,13.132643,-3.4164624
"GSM5050552","Non-diabetic","keratinocyte",0.0068684774,5.4018145,11.262034
"GSM5050573","DFU-healer","fibroblast",0.05396961,5.8940897,-1.5904676
"GSM5050534","Non-diabetic","fibroblast",0.011042059,-0.35284796,-1.4604384
"GSM5050557","DFU-nonhealer","t_cell",0.0048956834,16.809753,6.967842
"GSM5050563","DFU-nonhealer","pericyte_smc",0.019998418,-4.8362346,7.014916
"GSM5050547","DFU-healer","fibroblast",0.32365334,5.6502447,-0.24089469
"GSM5050557","DFU-nonhealer","t_cell",0.006641119,15.159663,6.488573
"GSM5050534","Non-diabetic","fibroblast",0.030598104,1.7707251,0.43733475
"GSM5050547","DFU-healer","fibroblast",0.010069231,3.2557082,-4.1063714
"GSM5050538","Non-diabetic","sweat_gland",0.020837137,-8.644663,7.871903
"GSM5050533","DFU-nonhealer","fibroblast",0.0072249495,5.708682,-3.68766
"GSM5050532","DFU-healer","keratinocyte",0.007281868,2.661953,14.071282
"GSM5050530","DFU-nonhealer","pericyte_smc",0.018920833,-2.894249,3.5849206
"GSM5050534","Non-diabetic","fibroblast",0.01130977,2.301771,4.326637
"GSM5050534","Non-diabetic","keratinocyte",0.005296615,3.5512464,14.927378
"GSM5050555","Non-diabetic","pericyte_smc",0.012177756,-6.633063,6.6693907
"GSM5050548","Non-diabetic","pericyte_smc",0.013420825,-8.014283,3.2178428
"GSM5050569","DFU-healer","endothelial",0.02048544,-0.30271614,-11.012902
"GSM5050547","DFU-healer","pericyte_smc",0.009085242,-4.10378,7.1162734
"GSM5050563","DFU-nonhealer","pericyte_smc",0.00817032,-4.583808,1.7616763
"GSM5050530","DFU-nonhealer","fibroblast",0.2276264,5.5365534,0.6940697
"GSM5050573","DFU-healer","pericyte_smc",0.013947405,-5.89616,2.2238889
"GSM5050540","Non-diabetic","t_cell",0.006098597,15.242642,5.864333
"GSM5050555","Non-diabetic","pericyte_smc",0.010019777,-6.4139485,4.396365
"GSM5050563","DFU-nonhealer","pericyte_smc",0.012600942,-5.0531964,7.4979324
"GSM5050548","Non-diabetic","fibroblast",0.011182515,-0.026831973,-0.23874338
"GSM5050574","Non-diabetic","fibroblast",0.0072901254,5.1506763,-4.005863
"GSM5050532","DFU-healer","fibroblast",0.04643654,2.0623932,-0.24379334
"GSM5050534","Non-diabetic","keratinocyte",0.0043070996,1.7126518,16.022617
"GSM5050558","DFU-nonhealer","pericyte_smc",0.011000395,-10.388011,4.0438013
"GSM5050556","Non-diabetic","pericyte_smc",0.015418366,-5.72605,5.309541
"GSM5050534","Non-diabetic","myeloid",0.014042015,-2.6100538,5.6663632
"GSM5050539","DFU-healer","t_cell",0.005132678,15.550574,5.2051916
"GSM5050548","Non-diabetic","endothelial",0.009226088,-0.07572882,-9.4421625
"GSM5050557","DFU-nonhealer","fibroblast",0.16600648,2.5920303,0.72528195
"GSM5050564","Non-diabetic","pericyte_smc",0.015541969,-8.616167,6.602441
"GSM5050548","Non-diabetic","pericyte_smc",0.017051393,-7.3896317,6.5359645
"GSM5050556","Non-diabetic","sweat_gland",0.0057395482,-3.350265,12.26317
"GSM5050556","Non-diabetic","pericyte_smc",0.00792666,-4.437544,0.45458126
"GSM5050573","DFU-healer","endothelial",0.008919497,-0.69312876,-11.0837755
"GSM5050538","Non-diabetic","pericyte_smc",0.009331553,-5.146757,0.68048775
"GSM5050527","DFU-healer","fibroblast",0.8183618,5.536373,1.9075196
"GSM5050567","Non-diabetic","sweat_gland",0.002696756,-4.641279,13.07093
"GSM5050564","Non-diabetic","endothelial",0.0090284115,-1.8295115,-8.25815
"GSM5050547","DFU-healer","endothelial",0.026321461,-0.17961636,-11.1078615
"GSM5050533","DFU-nonhealer","keratinocyte",0.00509411,5.027747,13.623594
"GSM5050530","DFU-nonhealer","melanocyte",0.0061361394,15.541682,5.573297
"GSM5050527","DFU-healer","fibroblast",0.77565354,5.1995864,1.6622128
"GSM5050568","Non-diabetic","keratinocyte",0.005487093,4.696953,13.46213
"GSM5050523","DFU-healer","fibroblast",0.0125055695,7.0957136,-3.3740094
"GSM5050548","Non-diabetic","b_plasma",0.013384013,-7.4558873,6.412771
"GSM5050532","DFU-healer","fibroblast",0.15458624,3.7116513,0.17368892
"GSM5050567","Non-diabetic","keratinocyte",0.0036294796,1.8169239,16.423578
"GSM5050573","DFU-healer","pericyte_smc",0.12345439,-0.9564421,4.3192086
"GSM5050573","DFU-healer","t_cell",0.006990339,13.855722,5.0301404
"GSM5050563","DFU-nonhealer","fibroblast",0.013496544,2.1504877,-4.213804
"GSM5050523","DFU-healer","myeloid",0.0056162407,12.076895,-4.7532425
"GSM5050538","Non-diabetic","endothelial",0.005522354,-4.26463,-10.275452
"GSM5050563","DFU-nonhealer","fibroblast",0.017081646,1.5652622,-2.4359205
"GSM5050523","DFU-healer","pericyte_smc",0.018556306,-5.2740026,3.9460945
"GSM5050527","DFU-healer","pericyte_smc",0.012599519,-3.6946063,1.4902154
"GSM5050558","DFU-nonhealer","fibroblast",0.020689158,2.7618322,2.8482933
"GSM5050540","Non-diabetic","t_cell",0.02651586,16.484882,5.5653806
"GSM5050557","DFU-nonhealer","fibroblast",0.01116863,1.6832888,3.851752
"GSM5050556","Non-diabetic","mast",0.0075574527,12.575452,-1.2098651
"GSM5050574","Non-diabetic","fibroblast",0.0149974935,1.6642551,2.5069883
"GSM5050555","Non-diabetic","fibroblast",0.0069974638,1.9631851,4.6886044
"GSM5050539","DFU-healer","pericyte_smc",0.025692752,-3.393035,2.269883
"GSM5050523","DFU-healer","fibroblast",0.012674075,6.7321415,-2.9633052
"GSM5050534","Non-diabetic","pericyte_smc",0.010261135,-10.446321,5.4992237
"GSM5050555","Non-diabetic","pericyte_smc",0.008257291,-10.500506,6.4636617
"GSM5050557","DFU-nonhealer","mast",0.009495142,11.846811,-2.6601892
"GSM5050556","Non-diabetic","pericyte_smc",0.009282218,-5.4164166,2.4016614
"GSM5050573","DFU-healer","keratinocyte",0.025233781,-1.9627337,11.173689
"GSM5050563","DFU-nonhealer","endothelial",0.0057861805,-3.6444569,-11.340041
"GSM5050556","Non-diabetic","pericyte_smc",0.0083017405,-4.8461018,0.5106888
"GSM5050557","DFU-nonhealer","sweat_gland",0.0069944733,0.06724111,12.9181
"GSM5050547","DFU-healer","fibroblast",0.00944786,2.9742985,-4.295273
"GSM5050555","Non-diabetic","endothelial",0.004392865,-4.808131,-9.909146
"GSM5050573","DFU-healer","keratinocyte",0.028458465,-4.430963,6.2758226
"GSM5050533","DFU-nonhealer","fibroblast",0.016625877,-1.5074875,3.179182
"GSM5050523","DFU-healer","fibroblast",0.01429433,3.4169586,-3.2184982
"GSM5050532","DFU-healer","pericyte_smc",0.016944896,-5.916134,4.4368253
"GSM5050530","DFU-nonhealer","b_plasma",0.005423846,12.930687,-4.478474
"GSM5050556","Non-diabetic","endothelial",0.012143847,-3.0663717,-8.818841
"GSM5050574","Non-diabetic","fibroblast",0.012223331,0.35453138,-1.6575137
"GSM5050547","DFU-healer","myeloid",0.009331058,12.845558,-3.5123997
"GSM5050548","Non-diabetic","fibroblast",0.010409668,3.779725,3.8362176
"GSM5050563","DFU-nonhealer","fibroblast",0.033055503,3.309334,-2.0076358
"GSM5050538","Non-diabetic","myeloid",0.006423313,13.200232,-2.7068384
"GSM5050533","DFU-nonhealer","keratinocyte",0.005385389,4.335874,15.53077
"GSM5050547","DFU-healer","fibroblast",0.47662383,5.351853,0.23148534
"GSM5050532","DFU-healer","fibroblast",0.02151083,1.3562506,-1.06294
"GSM5050556","Non-diabetic","keratinocyte",0.02293461,-3.5276814,6.7208705
"GSM5050538","Non-diabetic","fibroblast",0.009895268,1.8023845,3.6487372
"GSM5050574","Non-diabetic","fibroblast",0.0078476975,1.3523561,3.236651
"GSM5050527","DFU-healer","fibroblast",0.75966924,5.219755,1.7003773
"GSM5050538","Non-diabetic","pericyte_smc",0.006028163,-10.062417,7.3861074
"GSM5050539","DFU-healer","pericyte_smc",0.017326122,-8.47577,5.9825373
"GSM5050563","DFU-nonhealer","endothelial",0.0072515286,-3.1602786,-10.553265
"GSM5050527","DFU-healer","keratinocyte",0.0047943536,2.536149,16.02895
"GSM5050563","DFU-nonhealer","endothelial",0.005944256,-2.954552,-11.406985
"GSM5050530","DFU-nonhealer","pericyte_smc",0.013321172,-4.073832,6.404834
"GSM5050574","Non-diabetic","endothelial",0.00572542,-1.6585389,-10.764259
"GSM5050534","Non-diabetic","fibroblast",0.01179678,2.123579,3.8431845
"GSM5050574","Non-diabetic","t_cell",0.004861285,16.261986,6.1440988
"GSM5050538","Non-diabetic","myeloid",0.004713295,13.581716,-4.0641155
"GSM5050556","Non-diabetic","pericyte_smc",0.01178264,-8.411845,7.6751103
"GSM5050523","DFU-healer","t_cell",0.0075632664,15.978621,5.4792128
"GSM5050523","DFU-healer","pericyte_smc",0.012166805,-7.2068324,3.7519462
"GSM5050552","Non-diabetic","pericyte_smc",0.02827071,-4.6661944,4.317988
"GSM5050538","Non-diabetic","endothelial",0.007712276,-2.7619877,-9.617638
"GSM5050557","DFU-nonhealer","endothelial",0.0051957546,-4.5065255,-10.54466
"GSM5050533","DFU-nonhealer","keratinocyte",0.022762572,3.3253314,10.855496
"GSM5050563","DFU-nonhealer","pericyte_smc",0.013023584,-4.459693,4.2745333
"GSM5050538","Non-diabetic","pericyte_smc",0.014976468,-6.7175956,4.3523664
"GSM5050557","DFU-nonhealer","fibroblast",0.01655945,2.3061032,2.860936
"GSM5050531","DFU-healer","keratinocyte",0.0101442905,4.0229974,13.005357
"GSM5050573","DFU-healer","pericyte_smc",0.016757866,-6.222607,6.283644
"GSM5050532","DFU-healer","fibroblast",0.023363074,1.8349185,-3.458357
"GSM5050523","DFU-healer","lymphatic_ec",0.019215392,-4.0636444,1.4311267
"GSM5050574","Non-diabetic","keratinocyte",0.013682112,-1.6216491,10.993973
"GSM5050563","DFU-nonhealer","fibroblast",0.020248055,-3.6440246,6.092846
"GSM5050523","DFU-healer","pericyte_smc",0.0145639125,-4.1344657,1.3906143
"GSM5050557","DFU-nonhealer","endothelial",0.0053061387,-4.6498046,-10.33117
"GSM5050527","DFU-healer","fibroblast",0.4185425,4.748093,0.5545359
"GSM5050533","DFU-nonhealer","keratinocyte",0.009884194,3.359345,13.338487
"GSM5050558","DFU-nonhealer","t_cell",0.0063917157,15.63356,8.198904
"GSM5050533","DFU-nonhealer","fibroblast",0.013845163,4.3231044,-1.9795681
"GSM5050547","DFU-healer","pericyte_smc",0.01268877,-5.3027897,7.8580313
"GSM5050558","DFU-nonhealer","fibroblast",0.018897936,1.5902768,2.0284412
"GSM5050548","Non-diabetic","fibroblast",0.011940144,2.3495388,2.9006875
"GSM5050552","Non-diabetic","endothelial",0.005853289,-4.121768,-10.744861
"GSM5050563","DFU-nonhealer","endothelial",0.03625787,-0.42335606,-10.784992
"GSM5050557","DFU-nonhealer","lymphatic_ec",0.010793095,-2.9210596,-8.337645
"GSM5050538","Non-diabetic","sweat_gland",0.0128232315,-5.0314736,3.920168
"GSM5050531","DFU-healer","keratinocyte",0.013380382,4.2996287,11.361436
"GSM5050538","Non-diabetic","pericyte_smc",0.0070929914,-9.561786,8.011503
"GSM5050533","DFU-nonhealer","fibroblast",0.01398056,4.120784,-1.7023565
"GSM5050564","Non-diabetic","endothelial",0.008236145,1.0249976,-8.876527
"GSM5050540","Non-diabetic","lymphatic_ec",0.60713786,6.9192414,1.1829691
"GSM5050531","DFU-healer","endothelial",0.011381551,-0.82790565,-11.051139
"GSM5050547","DFU-healer","myeloid",0.00842326,13.3352,-1.6733499
"GSM5050534","Non-diabetic","pericyte_smc",0.009329356,-5.0824494,1.4408853
"GSM5050547","DFU-healer","fibroblast",0.017906943,-3.3808062,6.3986487
"GSM5050534","Non-diabetic","pericyte_smc",0.008197235,-9.997296,6.2344046
"GSM5050538","Non-diabetic","sweat_gland",0.010171699,-4.4930463,0.5491325
"GSM5050547","DFU-healer","melanocyte",0.026123563,-3.1840231,5.6244435
"GSM5050527","DFU-healer","myeloid",0.013622232,13.040486,-1.5712688
"GSM5050547","DFU-healer","fibroblast",0.29001516,5.1749387,-0.57717687
"GSM5050558","DFU-nonhealer","lymphatic_ec",0.00932793,-3.462969,-9.377251
"GSM5050555","Non-diabetic","keratinocyte",0.003949956,2.9619362,16.385653
"GSM5050569","DFU-healer","fibroblast",0.0067951577,6.111685,-4.24128
"GSM5050567","Non-diabetic","pericyte_smc",0.0089330515,-9.553635,7.3913927
"GSM5050538","Non-diabetic","sweat_gland",0.006741593,-4.0958896,-9.299731
"GSM5050556","Non-diabetic","pericyte_smc",0.0074989954,-8.565145,7.164143
"GSM5050563","DFU-nonhealer","keratinocyte",0.0045393244,1.3866394,15.777417
"GSM5050555","Non-diabetic","mast",0.010091154,10.672856,-0.89978224
"GSM5050540","Non-diabetic","fibroblast",0.56259525,7.0661154,0.7764125
"GSM5050531","DFU-healer","endothelial",0.012800393,0.32818952,-11.511197
"GSM5050557","DFU-nonhealer","myeloid",0.0053982222,13.578297,-3.8555799
"GSM5050523","DFU-healer","fibroblast",0.00959623,5.8722377,-3.818044
"GSM5050556","Non-diabetic","sweat_gland",0.0070735216,14.008933,6.8250303
"GSM5050548","Non-diabetic","fibroblast",0.009668559,0.54669154,1.7175115
"GSM5050557","DFU-nonhealer","myeloid",0.0067309104,12.864623,-2.7425458
"GSM5050573","DFU-healer","t_cell",0.0068677487,16.021444,6.365715
"GSM5050569","DFU-healer","endothelial",0.014251639,0.39160624,-11.632927
"GSM5050532","DFU-healer","myeloid",0.0060599768,12.163275,-4.90756
"GSM5050527","DFU-healer","myeloid",0.0054051317,11.206139,-3.8190746
"GSM5050569","DFU-healer","endothelial",0.011025839,-0.8354991,-11.255678
"GSM5050557","DFU-nonhealer","fibroblast",0.014819143,1.3184731,1.5439055
"GSM5050557","DFU-nonhealer","pericyte_smc",0.009208583,-11.749165,4.22135
"GSM5050538","Non-diabetic","keratinocyte",0.005254106,4.0804515,14.942775
"GSM5050532","DFU-healer","fibroblast",0.0461362,4.163317,-2.495795
"GSM5050534","Non-diabetic","keratinocyte",0.010499188,0.14853978,1.1177636
"GSM5050558","DFU-nonhealer","fibroblast",0.0144451,3.8273513,3.69356
"GSM5050547","DFU-healer","myeloid",0.0065888287,13.339799,-3.4493484
"GSM5050538","Non-diabetic","melanocyte",0.14702961,-7.917841,14.839994
"GSM5050569","DFU-healer","pericyte_smc",0.015044952,-2.7627835,4.3672814
"GSM5050555","Non-diabetic","fibroblast",0.013605881,0.95358586,0.96261686
"GSM5050556","Non-diabetic","pericyte_smc",0.008066116,-4.940158,0.8795281
"GSM5050556","Non-diabetic","keratinocyte",0.009314061,5.8376603,9.271024
"GSM5050558","DFU-nonhealer","myeloid",0.0053881817,14.077414,-3.3670902
"GSM5050558","DFU-nonhealer","pericyte_smc",0.010698367,-5.1780896,2.0927627
"GSM5050530","DFU-nonhealer","myeloid",0.0043115183,12.897974,-4.6315494
"GSM5050539","DFU-healer","pericyte_smc",0.18645911,-6.661763,6.6933002
"GSM5050527","DFU-healer","b_plasma",0.026558286,-1.8780633,3.603203
"GSM5050555","Non-diabetic","pericyte_smc",0.010797272,-9.482764,5.959982
"GSM5050555","Non-diabetic","mast",0.009733501,11.82518,-0.8807073
"GSM5050532","DFU-healer","pericyte_smc",0.0105089685,-6.782285,1.8319309
"GSM5050523","DFU-healer","endothelial",0.008920125,-1.0362492,-9.882236
"GSM5050547","DFU-healer","myeloid",0.006292227,13.043637,-4.0893598
"GSM5050555","Non-diabetic","sweat_gland",0.009775438,-2.06948,13.318268
"GSM5050527","DFU-healer","lymphatic_ec",0.017190263,-5.6692324,7.3056145
"GSM5050574","Non-diabetic","endothelial",0.004602612,-4.9880266,-10.729033
"GSM5050539","DFU-healer","myeloid",0.00522778,11.817743,-3.9168386
"GSM5050567","Non-diabetic","sweat_gland",0.0039082477,-4.126474,12.791236
"GSM5050568","Non-diabetic","sweat_gland",0.007081567,-3.0960195,12.11291
"GSM5050552","Non-diabetic","endothelial",0.0073083215,-1.1301222,-10.732674
"GSM5050538","Non-diabetic","fibroblast",0.015082463,2.002877,-3.1583693
"GSM5050563","DFU-nonhealer","t_cell",0.0059592673,16.219757,7.028931
"GSM5050547","DFU-healer","fibroblast",0.8737102,7.2926497,2.209618
"GSM5050564","Non-diabetic","endothelial",0.0071312566,-0.5702146,-9.742785
"GSM5050573","DFU-healer","fibroblast",0.62634194,6.3055654,1.6421876
"GSM5050532","DFU-healer","fibroblast",0.037588444,1.7525393,-1.1671909
"GSM5050569","DFU-healer","fibroblast",0.010378287,5.715429,-4.0835953
"GSM5050534","Non-diabetic","fibroblast",0.0077439817,2.600029,5.036745
"GSM5050547","DFU-healer","b_plasma",0.007775326,14.454488,2.0037706
"GSM5050557","DFU-nonhealer","myeloid",0.0059773466,11.630192,-2.7770295
"GSM5050534","Non-diabetic","pericyte_smc",0.015785372,-8.268134,3.8687146
"GSM5050557","DFU-nonhealer","t_cell",0.004795324,16.22328,5.810778
"GSM5050540","Non-diabetic","t_cell",0.008486989,15.73721,7.2459817
"GSM5050558","DFU-nonhealer","t_cell",0.0059633455,16.687159,6.770206
"GSM5050540","Non-diabetic","fibroblast",0.6312844,6.8631873,1.0666392
"GSM5050557","DFU-nonhealer","fibroblast",0.010334572,0.5092114,1.5983992
"GSM5050573","DFU-healer","t_cell",0.0065540997,13.253425,3.5619085
"GSM5050523","DFU-healer","fibroblast",0.020383576,5.404016,-2.6510572
"GSM5050539","DFU-healer","fibroblast",0.7873104,7.3377266,1.8632884
"GSM5050534","Non-diabetic","pericyte_smc",0.011210373,-8.254887,8.485215
"GSM5050533","DFU-nonhealer","t_cell",0.0055350903,17.047602,6.7696652
"GSM5050533","DFU-nonhealer","keratinocyte",0.009801386,4.0312057,11.864328
"GSM5050558","DFU-nonhealer","myeloid",0.008693845,13.074118,-1.2384692
"GSM5050556","Non-diabetic","pericyte_smc",0.0076174824,-4.4379573,0.56868225
"GSM5050574","Non-diabetic","endothelial",0.0057334807,-3.5587509,-11.034189
"GSM5050534","Non-diabetic","fibroblast",0.009663978,-0.49470004,-1.0812024
"GSM5050558","DFU-nonhealer","t_cell",0.0041858614,16.496857,6.028092
"GSM5050552","Non-diabetic","keratinocyte",0.0047272453,2.4824288,15.879833
"GSM5050558","DFU-nonhealer","fibroblast",0.04291858,3.2115211,3.111483
"GSM5050527","DFU-healer","fibroblast",0.009672138,3.244973,-4.0395846
"GSM5050569","DFU-healer","endothelial",0.018541016,-0.22494134,-11.186918
"GSM5050538","Non-diabetic","keratinocyte",0.004416354,4.327789,15.953857
"GSM5050547","DFU-healer","lymphatic_ec",0.011865633,-3.6470618,6.100472
"GSM5050534","Non-diabetic","endothelial",0.008497844,-0.72969484,-9.097123
"GSM5050548","Non-diabetic","keratinocyte",0.004837005,3.6384614,16.039373
"GSM5050547","DFU-healer","fibroblast",0.48668388,7.3443127,0.43470818
"GSM5050540","Non-diabetic","fibroblast",0.7670937,7.4983006,1.7879668
"GSM5050557","DFU-nonhealer","pericyte_smc",0.0077025294,-9.228611,8.462844
"GSM5050556","Non-diabetic","fibroblast",0.01528927,2.0084705,-1.4128827
"GSM5050555","Non-diabetic","sweat_gland",0.012542119,-1.2777537,11.984445
"GSM5050573","DFU-healer","pericyte_smc",0.011902485,-4.4501595,1.4912331
"GSM5050538","Non-diabetic","sweat_gland",0.022834396,2.8297307,1.3677646
"GSM5050573","DFU-healer","endothelial",0.012271464,-3.3290815,-8.942902
"GSM5050531","DFU-healer","t_cell",0.0067117983,13.253136,4.0986953
"GSM5050555","Non-diabetic","sweat_gland",0.011528573,12.72493,0.8027137
"GSM5050538","Non-diabetic","fibroblast",0.016522039,0.90094626,0.79969096
"GSM5050563","DFU-nonhealer","keratinocyte",0.0037412434,0.61917853,16.498686
"GSM5050530","DFU-nonhealer","fibroblast",0.4713564,5.2347674,0.8134147
"GSM5050533","DFU-nonhealer","keratinocyte",0.006549218,3.5705683,10.756009
"GSM5050539","DFU-healer","b_plasma",0.006668979,14.906777,1.500094
"GSM5050557","DFU-nonhealer","pericyte_smc",0.011401941,-5.057306,1.4263248
"GSM5050527","DFU-healer","pericyte_smc",0.018767167,-4.710066,7.2647133
"GSM5050533","DFU-nonhealer","pericyte_smc",0.011382662,-6.9130306,2.4736753
"GSM5050564","Non-diabetic","keratinocyte",0.0047759702,3.8546736,14.672996
"GSM5050538","Non-diabetic","endothelial",0.005656123,-3.9894147,-10.424938
"GSM5050556","Non-diabetic","b_plasma",0.009987102,12.720666,0.78744537
"GSM5050523","DFU-healer","pericyte_smc",0.021451715,-8.327092,5.833616
"GSM5050556","Non-diabetic","pericyte_smc",0.012657944,-4.3487406,1.8219515
"GSM5050568","Non-diabetic","pericyte_smc",0.010016441,-6.3214035,3.674811
"GSM5050539","DFU-healer","endothelial",0.008007187,-2.145972,-10.860474
"GSM5050556","Non-diabetic","fibroblast",0.010644241,3.2357025,-2.7012362
"GSM5050556","Non-diabetic","fibroblast",0.00915041,2.0162785,-4.6050615
"GSM5050538","Non-diabetic","endothelial",0.0064142467,-2.89549,-10.788005
"GSM5050548","Non-diabetic","lymphatic_ec",0.009211835,2.878622,4.5207596
"GSM5050552","Non-diabetic","endothelial",0.0062478157,-1.6827327,-10.5623865
"GSM5050566","DFU-healer","keratinocyte",0.008583846,-0.17412733,12.391694
"GSM5050540","Non-diabetic","lymphatic_ec",0.18636106,-1.4528219,-8.847048
"GSM5050556","Non-diabetic","pericyte_smc",0.013753247,-6.792087,4.6245775
"GSM5050552","Non-diabetic","keratinocyte",0.00336693,0.73209643,16.766104
"GSM5050547","DFU-healer","t_cell",0.012234709,14.995558,6.8155513
"GSM5050566","DFU-healer","myeloid",0.0074423435,12.801464,-4.148
"GSM5050574","Non-diabetic","pericyte_smc",0.025125846,2.9790149,0.7313421
"GSM5050530","DFU-nonhealer","b_plasma",0.003449797,11.713328,-6.5127745
"GSM5050538","Non-diabetic","pericyte_smc",0.015211644,-4.668351,2.480119
"GSM5050555","Non-diabetic","mast",0.0117008835,11.833203,-0.99579704
"GSM5050523","DFU-healer","pericyte_smc",0.017642282,-3.448666,2.3464043
"GSM5050548","Non-diabetic","endothelial",0.009147591,0.5672707,-8.965999
"GSM5050574","Non-diabetic","endothelial",0.0058831754,-0.7264858,-9.63183
"GSM5050556","Non-diabetic","pericyte_smc",0.009624155,-4.6418557,0.4392872
"GSM5050533","DFU-nonhealer","melanocyte",0.098715104,-6.991523,14.9240265
"GSM5050534","Non-diabetic","keratinocyte",0.0050159805,3.2928712,15.522151
"GSM5050574","Non-diabetic","fibroblast",0.008222858,-0.81645036,-1.4611814
"GSM5050548","Non-diabetic","fibroblast",0.016516013,0.551247,0.61557597
"GSM5050573","DFU-healer","pericyte_smc",0.15615007,-1.2174294,4.498907
"GSM5050569","DFU-healer","fibroblast",0.27780804,7.0035,-0.46592468
"GSM5050563","DFU-nonhealer","pericyte_smc",0.010444991,-4.70307,1.5892358
"GSM5050534","Non-diabetic","keratinocyte",0.012335528,2.2209284,3.6641867
"GSM5050569","DFU-healer","pericyte_smc",0.02217959,-3.2928202,2.2172492
"GSM5050531","DFU-healer","b_plasma",0.007908998,13.753034,4.972703
"GSM5050557","DFU-nonhealer","endothelial",0.0070903306,-2.6309464,-11.248809
"GSM5050574","Non-diabetic","fibroblast",0.01142759,0.7008303,0.88577783
"GSM5050539","DFU-healer","pericyte_smc",0.01790035,-5.9826756,4.3471837
"GSM5050556","Non-diabetic","pericyte_smc",0.010369203,-7.2119894,4.238517
"GSM5050533","DFU-nonhealer","melanocyte",0.013461062,9.909606,10.19753
"GSM5050534","Non-diabetic","keratinocyte",0.03423597,1.4625758,0.4499004
"GSM5050557","DFU-nonhealer","fibroblast",0.008861556,-0.84712267,-0.75573283
"GSM5050538","Non-diabetic","pericyte_smc",0.009911755,-5.2290606,1.361564
"GSM5050547","DFU-healer","fibroblast",0.67258507,8.024056,1.2800509
"GSM5050569","DFU-healer","fibroblast",0.03807826,6.142285,-2.1799417
"GSM5050538","Non-diabetic","fibroblast",0.011321782,1.8682541,3.6227415
"GSM5050564","Non-diabetic","lymphatic_ec",0.014326587,-2.4482226,-8.319997
"GSM5050569","DFU-healer","fibroblast",0.009717142,7.004004,-3.4615726
"GSM5050538","Non-diabetic","keratinocyte",0.0047748745,3.7459805,15.773647
"GSM5050558","DFU-nonhealer","pericyte_smc",0.00736688,-8.138857,7.6975193
"GSM5050547","DFU-healer","pericyte_smc",0.010342928,-4.744992,7.548131
"GSM5050533","DFU-nonhealer","fibroblast",0.012799754,4.0923862,-1.6125218
"GSM5050548","Non-diabetic","pericyte_smc",0.013148159,-8.051774,2.9650943
"GSM5050531","DFU-healer","endothelial",0.013104624,0.47545046,-10.85617
"GSM5050569","DFU-healer","fibroblast",0.2431992,7.5998254,-0.43374488
"GSM5050557","DFU-nonhealer","myeloid",0.005277605,14.506708,-2.2168133
"GSM5050557","DFU-nonhealer","fibroblast",0.014083024,2.934952,3.7479522
"GSM5050532","DFU-healer","fibroblast",0.03921212,1.0508411,-1.7177598
"GSM5050531","DFU-healer","pericyte_smc",0.026444469,-2.4776635,3.6119735
"GSM5050538","Non-diabetic","sweat_gland",0.0134350145,2.3357577,3.8192158
"GSM5050534","Non-diabetic","keratinocyte",0.007816337,12.862805,6.8285832
"GSM5050523","DFU-healer","fibroblast",0.021145763,5.856856,-2.6420677
"GSM5050564","Non-diabetic","fibroblast",0.028857373,1.8987001,1.118656
"GSM5050538","Non-diabetic","keratinocyte",0.0036976289,1.5646535,16.761806
"GSM5050557","DFU-nonhealer","myeloid",0.005473574,14.576473,5.44528
"GSM5050539","DFU-healer","lymphatic_ec",0.5256974,5.3400707,1.4087583
"GSM5050531","DFU-healer","myeloid",0.004667125,12.043139,-4.709801
"GSM5050569","DFU-healer","fibroblast",0.012709972,7.140135,-3.4722376
"GSM5050552","Non-diabetic","endothelial",0.004638617,-4.9620194,-10.823396
"GSM5050547","DFU-healer","endothelial",0.009785979,-3.2722096,-10.100785
"GSM5050552","Non-diabetic","keratinocyte",0.004101692,2.4704769,16.775288
"GSM5050556","Non-diabetic","t_cell",0.0052699633,14.853087,6.508127
"GSM5050539","DFU-healer","fibroblast",0.017766852,-3.2584624,6.747432
"GSM5050564","Non-diabetic","sweat_gland",0.007390484,-2.6192932,11.561823
"GSM5050557","DFU-nonhealer","pericyte_smc",0.008913563,-10.863313,4.8146763
"GSM5050556","Non-diabetic","pericyte_smc",0.014554218,-6.377246,4.87016
"GSM5050564","Non-diabetic","endothelial",0.008816381,0.9821705,-8.899538
"GSM5050547","DFU-healer","myeloid",0.005611181,12.793926,-4.5550904
"GSM5050548","Non-diabetic","pericyte_smc",0.010237341,-10.581204,3.6626623
"GSM5050547","DFU-healer","fibroblast",0.46589038,6.061883,-0.015542952
"GSM5050569","DFU-healer","fibroblast",0.17041995,6.915585,-0.91848356
"GSM5050574","Non-diabetic","fibroblast",0.022089506,4.113717,3.1220984
"GSM5050523","DFU-healer","pericyte_smc",0.01216981,-2.7412841,2.1513307
"GSM5050567","Non-diabetic","lymphatic_ec",0.020376481,4.0645747,-1.6911243
"GSM5050547","DFU-healer","fibroblast",0.29240647,5.6192374,-0.1378405
"GSM5050532","DFU-healer","t_cell",0.006398795,15.109909,6.035653
"GSM5050527","DFU-healer","pericyte_smc",0.019231502,-4.1195517,2.0387788
"GSM5050532","DFU-healer","fibroblast",0.39994392,3.9565883,0.5251913
"GSM5050568","Non-diabetic","melanocyte",0.475382,-8.624827,14.9347515
"GSM5050523","DFU-healer","pericyte_smc",0.049811263,-2.9936078,3.7565234
"GSM5050563","DFU-nonhealer","endothelial",0.0048412792,-4.1165957,-11.088117
"GSM5050539","DFU-healer","t_cell",0.0063247653,13.304855,4.2420483
"GSM5050557","DFU-nonhealer","pericyte_smc",0.01219628,-4.832038,0.9094308
"GSM5050557","DFU-nonhealer","pericyte_smc",0.012821409,-7.88116,5.939441
"GSM5050548","Non-diabetic","pericyte_smc",0.01191029,-7.976059,7.0844407
"GSM5050534","Non-diabetic","keratinocyte",0.008165911,3.6374292,13.868777
"GSM5050574","Non-diabetic","endothelial",0.0066909436,-2.1218643,-11.292741
"GSM5050533","DFU-nonhealer","melanocyte",0.51120144,-8.762113,15.118249
"GSM5050566","DFU-healer","keratinocyte",0.017553244,-1.5990489,11.145174
"GSM5050538","Non-diabetic","sweat_gland",0.0144483745,-10.657761,5.638235
"GSM5050547","DFU-healer","fibroblast",0.016122151,1.5821476,-3.808553
"GSM5050574","Non-diabetic","endothelial",0.0063679586,-4.1733985,-10.519197
"GSM5050563","DFU-nonhealer","pericyte_smc",0.014859265,-4.960382,2.6288483
"GSM5050555","Non-diabetic","mast",0.012247416,12.131683,-0.99325013
"GSM5050564","Non-diabetic","sweat_gland",0.013237381,0.4392575,-0.25729573
"GSM5050555","Non-diabetic","pericyte_smc",0.008231168,-4.5929427,0.5813449
"GSM5050569","DFU-healer","pericyte_smc",0.017675579,-6.4214845,5.308166
"GSM5050530","DFU-nonhealer","t_cell",0.0041557234,16.106232,5.788793
"GSM5050563","DFU-nonhealer","pericyte_smc",0.00748487,-3.9825072,1.3857028
"GSM5050533","DFU-nonhealer","pericyte_smc",0.011631471,-2.0509796,2.102909
"GSM5050523","DFU-healer","fibroblast",0.022316288,5.421423,-2.747162
"GSM5050527","DFU-healer","fibroblast",0.8198823,6.408437,2.2924244
"GSM5050523","DFU-healer","endothelial",0.013169803,1.2729955,-9.036008
"GSM5050558","DFU-nonhealer","pericyte_smc",0.008623946,-11.426512,4.270341
"GSM5050552","Non-diabetic","myeloid",0.006240349,13.278061,-3.1624773
"GSM5050538","Non-diabetic","pericyte_smc",0.0083821,-4.5796022,0.3806879
"GSM5050547","DFU-healer","fibroblast",0.5847202,5.3988953,0.5618011
"GSM5050547","DFU-healer","myeloid",0.009620296,12.67997,-3.6851528
"GSM5050555","Non-diabetic","fibroblast",0.011191138,1.6398634,2.3568542
"GSM5050555","Non-diabetic","mast",0.011415537,11.81684,-1.1730961
"GSM5050534","Non-diabetic","fibroblast",0.0091088135,-0.25639462,0.34848347
"GSM5050568","Non-diabetic","endothelial",0.008157359,0.56589055,-11.6753845
"GSM5050548","Non-diabetic","pericyte_smc",0.012825463,-8.641426,7.3081903
"GSM5050563","DFU-nonhealer","fibroblast",0.009794616,5.7180076,-3.972867
"GSM5050527","DFU-healer","pericyte_smc",0.056145728,-6.2961144,7.8990717
"GSM5050558","DFU-nonhealer","pericyte_smc",0.009165918,-10.438499,3.784917
"GSM5050538","Non-diabetic","endothelial",0.007516327,-3.9421988,-10.047509
"GSM5050557","DFU-nonhealer","pericyte_smc",0.013523583,-9.193677,5.155524
"GSM5050523","DFU-healer","b_plasma",0.009773703,6.1765013,-3.935899
"GSM5050564","Non-diabetic","pericyte_smc",0.015944256,-7.0657616,6.441308
"GSM5050552","Non-diabetic","fibroblast",0.023584044,2.3758907,-0.25138193
"GSM5050534","Non-diabetic","sweat_gland",0.0055304393,-3.4858568,12.759991
"GSM5050539","DFU-healer","b_plasma",0.0069168387,14.573503,2.0618968
"GSM5050533","DFU-nonhealer","pericyte_smc",0.019738367,-2.557478,2.595903
"GSM5050563","DFU-nonhealer","pericyte_smc",0.022865145,-3.4435458,2.934501
"GSM5050532","DFU-healer","fibroblast",0.11479524,2.5072303,-0.35897005
"GSM5050523","DFU-healer","pericyte_smc",0.019452931,-5.6853204,6.6378884
"GSM5050548","Non-diabetic","pericyte_smc",0.01507065,-6.090663,6.147145
"GSM5050556","Non-diabetic","fibroblast",0.009253971,3.6201363,-3.6495152
"GSM5050569","DFU-healer","endothelial",0.012010215,-0.6524165,-10.899168
"GSM5050556","Non-diabetic","keratinocyte",0.0048707086,2.6071608,14.991991
"GSM5050527","DFU-healer","myeloid",0.0056599323,11.522367,-4.1107836
"GSM5050532","DFU-healer","fibroblast",0.037548486,1.6636679,-0.4705925
"GSM5050534","Non-diabetic","fibroblast",0.009663515,2.6276226,4.934209
"GSM5050557","DFU-nonhealer","pericyte_smc",0.0055863555,-9.716433,8.863216
"GSM5050555","Non-diabetic","melanocyte",0.0051711556,10.293404,9.756607
"GSM5050569","DFU-healer","endothelial",0.009260785,-0.04855384,-9.143548
"GSM5050555","Non-diabetic","pericyte_smc",0.009077301,-8.903426,7.724087
"GSM5050556","Non-diabetic","keratinocyte",0.020474536,-6.573577,6.782212
"GSM5050563","DFU-nonhealer","pericyte_smc",0.010297552,-4.893546,1.2287723
"GSM5050556","Non-diabetic","keratinocyte",0.005062881,4.4707375,14.665444
"GSM5050557","DFU-nonhealer","fibroblast",0.011597644,2.4302542,2.9886384
"GSM5050547","DFU-healer","b_plasma",0.008161809,13.790352,5.850126
"GSM5050547","DFU-healer","fibroblast",0.67401755,8.125091,1.2641003
"GSM5050533","DFU-nonhealer","keratinocyte",0.0040593,1.6214794,16.236017
"GSM5050556","Non-diabetic","keratinocyte",0.0042557204,3.0578172,16.428665
"GSM5050527","DFU-healer","pericyte_smc",0.020674262,-4.7990246,4.1868043
"GSM5050534","Non-diabetic","lymphatic_ec",0.022126377,4.58173,3.4366307
"GSM5050573","DFU-healer","pericyte_smc",0.023381611,-3.3717911,3.6667662
"GSM5050547","DFU-healer","keratinocyte",0.0039240597,0.807625,16.47063
"GSM5050566","DFU-healer","sweat_gland",0.0074404296,-1.5761707,13.277947
"GSM5050534","Non-diabetic","keratinocyte",0.016670965,2.265272,3.0515306
"GSM5050531","DFU-healer","fibroblast",0.48685357,6.893603,0.4937798
"GSM5050527","DFU-healer","fibroblast",0.5718698,7.015253,0.887869
"GSM5050523","DFU-healer","fibroblast",0.04746814,4.7199655,-2.390059
"GSM5050574","Non-diabetic","endothelial",0.00578499,-2.93131,-11.405588
"GSM5050534","Non-diabetic","myeloid",0.006493392,10.685282,-2.453554
"GSM5050527","DFU-healer","pericyte_smc",0.0161526,-5.8574443,3.9758956
"GSM5050527","DFU-healer","keratinocyte",0.0035097047,0.0015466765,16.624638
"GSM5050552","Non-diabetic","keratinocyte",0.007825653,4.9265356,11.689422
"GSM5050564","Non-diabetic","endothelial",0.008685546,-0.25153416,-9.694912
"GSM5050557","DFU-nonhealer","fibroblast",0.013827574,0.67114604,1.3943273
"GSM5050567","Non-diabetic","pericyte_smc",0.013158262,-6.328635,2.959368
"GSM5050557","DFU-nonhealer","pericyte_smc",0.008400357,-11.625729,4.0674906
"GSM5050564","Non-diabetic","lymphatic_ec",0.019526852,3.834448,3.2010949
"GSM5050530","DFU-nonhealer","endothelial",0.012525477,-2.369758,-10.185611
"GSM5050523","DFU-healer","endothelial",0.0074113994,-3.6011052,-10.083367
"GSM5050534","Non-diabetic","fibroblast",0.03988409,1.7386372,0.52893496
"GSM5050556","Non-diabetic","fibroblast",0.009156964,3.917134,-3.6468565
"GSM5050574","Non-diabetic","fibroblast",0.008532756,-0.20473994,-2.6606436
"GSM5050533","DFU-nonhealer","endothelial",0.0094007,-2.5857549,-9.316962
"GSM5050531","DFU-healer","fibroblast",0.25478435,5.776697,-0.08784803
"GSM5050558","DFU-nonhealer","t_cell",0.0056988974,16.064552,8.048525
"GSM5050530","DFU-nonhealer","fibroblast",0.19579877,4.6662655,0.85127354
"GSM5050558","DFU-nonhealer","fibroblast",0.011021839,1.1161534,-3.892431
"GSM5050574","Non-diabetic","endothelial",0.005300909,-4.5023365,-10.876482
"GSM5050557","DFU-nonhealer","lymphatic_ec",0.009899783,-3.011753,-8.352984
"GSM5050538","Non-diabetic","pericyte_smc",0.011277466,-5.947865,7.809447
"GSM5050538","Non-diabetic","melanocyte",0.09695295,-7.008843,14.915991
"GSM5050531","DFU-healer","myeloid",0.00728064,13.062014,-1.7785995
"GSM5050556","Non-diabetic","t_cell",0.0057312055,15.31012,8.129729
"GSM5050566","DFU-healer","fibroblast",0.08523251,2.7666686,0.9818999
"GSM5050555","Non-diabetic","fibroblast",0.011655213,2.9126887,1.0018092
"GSM5050538","Non-diabetic","pericyte_smc",0.0082826605,-5.0568857,0.6881256
"GSM5050574","Non-diabetic","sweat_gland",0.00743284,-2.2273576,13.38982
"GSM5050539","DFU-healer","mast",0.0076217097,13.41591,-2.1863532
"GSM5050523","DFU-healer","t_cell",0.005886264,16.376257,6.56536
"GSM5050552","Non-diabetic","fibroblast",0.01369959,2.245119,-4.1016583
"GSM5050523","DFU-healer","fibroblast",0.016091926,7.4884377,-3.0097227
"GSM5050558","DFU-nonhealer","t_cell",0.008074295,14.436188,5.6458178
"GSM5050532","DFU-healer","keratinocyte",0.31916335,3.5409055,0.16794229
"GSM5050555","Non-diabetic","pericyte_smc",0.012568241,-6.3759446,4.421805
"GSM5050527","DFU-healer","endothelial",0.014480233,-3.252453,-8.990423
"GSM5050548","Non-diabetic","pericyte_smc",0.0071819695,-11.788708,4.328791
"GSM5050558","DFU-nonhealer","myeloid",0.009220095,12.908199,-2.3685625
"GSM5050539","DFU-healer","t_cell",0.005674744,14.208151,4.7204485
"GSM5050534","Non-diabetic","pericyte_smc",0.010050793,-5.1631765,2.0079393
"GSM5050563","DFU-nonhealer","fibroblast",0.03443254,6.128771,-2.0653503
"GSM5050548","Non-diabetic","pericyte_smc",0.009442425,-10.642329,3.5203476
"GSM5050527","DFU-healer","keratinocyte",0.0033433014,0.077354625,16.773497
"GSM5050523","DFU-healer","pericyte_smc",0.015630923,-6.3230815,4.332953
"GSM5050564","Non-diabetic","sweat_gland",0.014894885,3.9239886,3.3951802
"GSM5050574","Non-diabetic","endothelial",0.005508242,-1.9124093,-10.802579
"GSM5050563","DFU-nonhealer","fibroblast",0.03771193,1.1969377,-1.0805603
"GSM5050523","DFU-healer","pericyte_smc",0.014082979,-8.167255,4.186869
"GSM5050555","Non-diabetic","mast",0.011227889,14.228772,-0.5014032
"GSM5050557","DFU-nonhealer","keratinocyte",0.0040307,0.79652977,16.131643
"GSM5050563","DFU-nonhealer","lymphatic_ec",0.30555347,-1.5269717,-8.244923
"GSM5050558","DFU-nonhealer","t_cell",0.0056854696,16.122662,7.8259783
"GSM5050530","DFU-nonhealer","endothelial",0.0124797225,-1.7955915,-9.675056
"GSM5050548","Non-diabetic","pericyte_smc",0.008639568,-11.056408,3.4605174
"GSM5050557","DFU-nonhealer","endothelial",0.008336702,-0.31991646,-10.347276
"GSM5050533","DFU-nonhealer","fibroblast",0.007702359,5.2719994,-3.3206375
"GSM5050539","DFU-healer","fibroblast",0.385224,7.445706,0.14943007
"GSM5050574","Non-diabetic","fibroblast",0.008127206,1.9071399,4.476451
"GSM5050532","DFU-healer","endothelial",0.012934526,-0.8382074,-10.549495
"GSM5050547","DFU-healer","fibroblast",0.017205698,-2.4769287,3.7674737
"GSM5050555","Non-diabetic","sweat_gland",0.012402417,4.104114,2.9920876
"GSM5050538","Non-diabetic","keratinocyte",0.004743556,3.7897294,15.676993
"GSM5050538","Non-diabetic","fibroblast",0.011582269,1.0951525,-3.3568933
"GSM5050569","DFU-healer","fibroblast",0.341435,7.2041097,0.13212758
"GSM5050523","DFU-healer","pericyte_smc",0.011151079,-2.6970413,2.0144596
"GSM5050533","DFU-nonhealer","fibroblast",0.009772371,3.028102,-1.3035318
"GSM5050533","DFU-nonhealer","keratinocyte",0.00999064,4.0377903,12.848573
"GSM5050558","DFU-nonhealer","fibroblast",0.024680862,2.3010266,-1.7309248
"GSM5050569","DFU-healer","pericyte_smc",0.015955854,-2.319366,2.860279
"GSM5050538","Non-diabetic","pericyte_smc",0.009315636,-8.13389,7.7708473
"GSM5050552","Non-diabetic","endothelial",0.0050751464,-4.050463,-11.223203
"GSM5050534","Non-diabetic","keratinocyte",0.0050420044,2.8883731,15.787195
"GSM5050531","DFU-healer","fibroblast",0.6406686,7.852387,1.2801167
"GSM5050567","Non-diabetic","lymphatic_ec",0.014944615,-2.314653,-8.006507
"GSM5050564","Non-diabetic","sweat_gland",0.013967182,3.1934354,3.9862177
"GSM5050574","Non-diabetic","endothelial",0.0049161487,-4.593786,-11.091498
"GSM5050533","DFU-nonhealer","fibroblast",0.08753655,5.784242,-1.2365847
"GSM5050556","Non-diabetic","fibroblast",0.01384229,2.7208745,-2.4621637
"GSM5050566","DFU-healer","endothelial",0.006779944,-3.1079648,-11.054034
"GSM5050556","Non-diabetic","pericyte_smc",0.006468169,-9.201382,8.441021
"GSM5050531","DFU-healer","keratinocyte",0.004624339,2.7500677,15.998804
"GSM5050532","DFU-healer","endothelial",0.018561415,-0.06805651,-10.974802
"GSM5050538","Non-diabetic","keratinocyte",0.0050103604,3.668514,15.399856
"GSM5050564","Non-diabetic","fibroblast",0.03351707,1.9039271,1.1241854
"GSM5050558","DFU-nonhealer","pericyte_smc",0.015776811,-8.679002,4.314789
"GSM5050539","DFU-healer","t_cell",0.005847165,13.738968,4.6438794
"GSM5050533","DFU-nonhealer","fibroblast",0.013705745,5.456505,-2.741164
"GSM5050538","Non-diabetic","fibroblast",0.012402834,2.3269918,4.186472
"GSM5050563","DFU-nonhealer","endothelial",0.0088324435,-3.588599,-8.640914
"GSM5050573","DFU-healer","t_cell",0.010969346,14.8626,6.934522
"GSM5050527","DFU-healer","keratinocyte",0.92061245,6.3923726,3.0992813
"GSM5050538","Non-diabetic","keratinocyte",0.0083820345,4.0053787,10.946212
"GSM5050538","Non-diabetic","pericyte_smc",0.007833527,-11.056169,5.718511
"GSM5050574","Non-diabetic","endothelial",0.004859167,-4.776352,-10.169008
"GSM5050557","DFU-nonhealer","pericyte_smc",0.012267237,-9.716186,4.381548
"GSM5050552","Non-diabetic","keratinocyte",0.0060701095,4.3289123,13.736304
"GSM5050548","Non-diabetic","myeloid",0.010265447,10.01042,9.616598
"GSM5050568","Non-diabetic","t_cell",0.005464492,15.957928,8.234644
"GSM5050569","DFU-healer","myeloid",0.026151912,10.94068,-1.1765751
"GSM5050538","Non-diabetic","fibroblast",0.009083677,3.1249945,-4.508016
"GSM5050569","DFU-healer","t_cell",0.014389213,14.197401,6.74146
"GSM5050540","Non-diabetic","pericyte_smc",0.015152769,-1.4336696,3.257485
"GSM5050538","Non-diabetic","keratinocyte",0.005864698,4.156173,13.852887
"GSM5050552","Non-diabetic","keratinocyte",0.0058443896,3.8144946,13.822998
"GSM5050563","DFU-nonhealer","fibroblast",0.010016566,-0.43649584,-1.2711908
"GSM5050547","DFU-healer","fibroblast",0.07423051,2.8240626,-1.6501095
"GSM5050556","Non-diabetic","fibroblast",0.1644441,3.3545923,-0.048001185
"GSM5050530","DFU-nonhealer","t_cell",0.0054611326,16.295427,6.171014
"GSM5050547","DFU-healer","myeloid",0.0072180694,11.776773,-4.6325
"GSM5050574","Non-diabetic","fibroblast",0.014130591,1.3445623,1.7296644
"GSM5050558","DFU-nonhealer","pericyte_smc",0.009549219,-11.575632,4.2251167
"GSM5050548","Non-diabetic","fibroblast",0.01977785,2.7682397,1.4541725
"GSM5050527","DFU-healer","myeloid",0.0049233423,11.807,-4.2016606
"GSM5050569","DFU-healer","fibroblast",0.01902755,6.002816,-1.8004866
"GSM5050566","DFU-healer","lymphatic_ec",0.03859208,-1.4544203,-7.978796
"GSM5050557","DFU-nonhealer","fibroblast",0.018104747,1.7687621,1.0720363
"GSM5050548","Non-diabetic","myeloid",0.005710154,13.908592,-3.2049525
"GSM5050552","Non-diabetic","pericyte_smc",0.012938761,-4.510079,3.143131
"GSM5050563","DFU-nonhealer","fibroblast",0.010634242,0.092246786,-2.358863
"GSM5050574","Non-diabetic","fibroblast",0.010763229,0.3143357,1.1888195
"GSM5050563","DFU-nonhealer","keratinocyte",0.00493409,3.582202,15.001884
"GSM5050568","Non-diabetic","endothelial",0.0063501294,-3.1355062,-11.219843
"GSM5050534","Non-diabetic","keratinocyte",0.025596874,1.8542556,0.9651983
"GSM5050534","Non-diabetic","keratinocyte",0.0058307913,3.2539344,14.86332
"GSM5050557","DFU-nonhealer","t_cell",0.005984267,16.152826,6.209582
"GSM5050534","Non-diabetic","pericyte_smc",0.007737194,-8.491294,9.092873
"GSM5050564","Non-diabetic","sweat_gland",0.019257894,-6.6063476,5.850986
"GSM5050533","DFU-nonhealer","keratinocyte",0.006804667,5.798373,10.617174
"GSM5050538","Non-diabetic","keratinocyte",0.006042938,4.159763,14.7509
"GSM5050556","Non-diabetic","fibroblast",0.0121624945,3.0760763,4.200665
"GSM5050568","Non-diabetic","fibroblast",0.019995574,3.6742625,2.9596696
"GSM5050573","DFU-healer","t_cell",0.007085797,15.826768,6.5154676
"GSM5050527","DFU-healer","fibroblast",0.020723674,-3.1348684,6.717682
"GSM5050569","DFU-healer","endothelial",0.026207773,-2.5469177,-9.16915
"GSM5050534","Non-diabetic","pericyte_smc",0.008959241,-10.398367,5.8456273
"GSM5050534","Non-diabetic","sweat_gland",0.013376206,-6.9273577,6.5667644
"GSM5050557","DFU-nonhealer","lymphatic_ec",0.013240964,-4.052676,6.67126
"GSM5050539","DFU-healer","pericyte_smc",0.02244402,-4.4888268,6.3087277
"GSM5050540","Non-diabetic","melanocyte",0.022766998,12.105676,0.23874368
"GSM5050539","DFU-healer","fibroblast",0.62932193,7.438637,1.1420177
"GSM5050557","DFU-nonhealer","myeloid",0.0090579195,13.398425,-1.5505607
"GSM5050534","Non-diabetic","sweat_gland",0.0143246595,-6.500558,7.623635
"GSM5050530","DFU-nonhealer","lymphatic_ec",0.016372781,-4.463517,6.541282
"GSM5050538","Non-diabetic","fibroblast",0.0052859136,1.7697288,4.745963
"GSM5050523","DFU-healer","pericyte_smc",0.0128628425,-6.2910366,4.4698596
"GSM5050531","DFU-healer","keratinocyte",0.0038593933,0.7473665,16.188633
"GSM5050558","DFU-nonhealer","myeloid",0.0066766366,12.602163,-2.4388363
"GSM5050538","Non-diabetic","endothelial",0.00695702,-1.98858,-10.823006
"GSM5050531","DFU-healer","endothelial",0.006446517,-3.7922995,-10.308484
"GSM5050547","DFU-healer","keratinocyte",0.0034115396,0.3524751,16.573736
"GSM5050556","Non-diabetic","keratinocyte",0.03417267,1.9219023,-1.989855
"GSM5050527","DFU-healer","pericyte_smc",0.012995935,-5.0061007,4.503758
"GSM5050538","Non-diabetic","fibroblast",0.01527765,1.8068025,3.1423962
"GSM5050547","DFU-healer","fibroblast",0.7396426,5.285917,1.493602
"GSM5050538","Non-diabetic","fibroblast",0.01634514,3.0507977,0.864161
"GSM5050558","DFU-nonhealer","myeloid",0.007191459,13.434633,-2.6312978
"GSM5050523","DFU-healer","fibroblast",0.031427085,5.27065,-2.6258075
"GSM5050534","Non-diabetic","pericyte_smc",0.032475833,1.9956483,-0.22156262
"GSM5050555","Non-diabetic","mast",0.019194046,11.981565,-0.8911939
"GSM5050569","DFU-healer","fibroblast",0.015061938,6.939687,-3.3718326
"GSM5050564","Non-diabetic","endothelial",0.005331643,-3.949942,-10.921162
"GSM5050533","DFU-nonhealer","pericyte_smc",0.011540174,-3.4400659,1.8695434
"GSM5050532","DFU-healer","fibroblast",0.014896606,0.70673215,-1.3654822
"GSM5050557","DFU-nonhealer","myeloid",0.00581034,11.083114,-3.376456
"GSM5050547","DFU-healer","fibroblast",0.019867385,5.0042496,-1.7961068
"GSM5050552","Non-diabetic","keratinocyte",0.005031445,2.800813,15.182027
"GSM5050556","Non-diabetic","pericyte_smc",0.0141761815,-6.791946,6.2370768
"GSM5050523","DFU-healer","pericyte_smc",0.010774163,-1.599819,2.4286315
"GSM5050557","DFU-nonhealer","fibroblast",0.014919112,1.7576095,3.0405734
"GSM5050547","DFU-healer","fibroblast",0.71682364,6.637302,2.0381324
"GSM5050533","DFU-nonhealer","keratinocyte",0.0066705397,3.637146,11.173767
"GSM5050563","DFU-nonhealer","pericyte_smc",0.015744582,-6.641514,4.702921
"GSM5050558","DFU-nonhealer","fibroblast",0.009812944,0.35862932,1.271834
"GSM5050523","DFU-healer","pericyte_smc",0.007965408,-6.704948,3.7918432
"GSM5050556","Non-diabetic","t_cell",0.0058162212,15.545349,5.888305
"GSM5050558","DFU-nonhealer","pericyte_smc",0.009486011,-10.887213,3.572134
"GSM5050573","DFU-healer","endothelial",0.014309122,-10.812254,-1.0695022
"GSM5050547","DFU-healer","pericyte_smc",0.02115093,-1.13921,2.984944
"GSM5050563","DFU-nonhealer","endothelial",0.00814126,-3.1535966,-10.616338
"GSM5050548","Non-diabetic","endothelial",0.007776377,-0.6251502,-9.39677
"GSM5050555","Non-diabetic","pericyte_smc",0.0065573133,-9.295969,8.641848
"GSM5050539","DFU-healer","myeloid",0.005400146,12.348902,-5.0546374
"GSM5050534","Non-diabetic","pericyte_smc",0.018239029,-6.2517047,6.9476614
"GSM5050558","DFU-nonhealer","myeloid",0.011093006,13.843162,-0.57161343
"GSM5050527","DFU-healer","endothelial",0.008195685,-3.4532628,-9.964329
"GSM5050538","Non-diabetic","keratinocyte",0.006507258,-3.0424933,12.6355715
"GSM5050558","DFU-nonhealer","t_cell",0.005705676,15.6359625,7.408177
"GSM5050532","DFU-healer","endothelial",0.012527754,-1.0700125,-10.752022
"GSM5050548","Non-diabetic","myeloid",0.008079172,12.680205,-2.1926734
"GSM5050574","Non-diabetic","fibroblast",0.009327152,-0.63866365,-1.2869352
"GSM5050574","Non-diabetic","fibroblast",0.009232524,4.5459857,-3.2401826
"GSM5050563","DFU-nonhealer","pericyte_smc",0.014325683,-5.8364377,7.410913
"GSM5050547","DFU-healer","t_cell",0.007011893,15.870287,6.082975
"GSM5050523","DFU-healer","fibroblast",0.027171232,5.38784,-1.4998095
"GSM5050532","DFU-healer","pericyte_smc",0.009859218,-8.536534,8.12783
"GSM5050566","DFU-healer","endothelial",0.010929846,0.10253971,-9.967621
"GSM5050540","Non-diabetic","t_cell",0.010275129,17.160429,6.0183673
"GSM5050548","Non-diabetic","pericyte_smc",0.013326188,-7.478069,6.4987645
"GSM5050532","DFU-healer","endothelial",0.014075646,0.75198,-9.06715
"GSM5050563","DFU-nonhealer","endothelial",0.0073755006,-3.5231583,-11.025125
"GSM5050557","DFU-nonhealer","pericyte_smc",0.011004448,-9.74062,5.1226416
"GSM5050556","Non-diabetic","fibroblast",0.01188117,2.2196903,-1.1426481
"GSM5050540","Non-diabetic","myeloid",0.008047669,13.632406,0.5014505
"GSM5050563","DFU-nonhealer","endothelial",0.004956144,-3.8753765,-11.336268
"GSM5050568","Non-diabetic","melanocyte",0.022215266,4.4971175,3.194249
"GSM5050533","DFU-nonhealer","fibroblast",0.006411587,6.1175714,-3.8921998
"GSM5050538","Non-diabetic","lymphatic_ec",0.012804644,-3.0270011,-8.352629
"GSM5050534","Non-diabetic","keratinocyte",0.015512124,0.20680335,-0.022247616
"GSM5050538","Non-diabetic","keratinocyte",0.0067885583,3.9820487,13.174097
"GSM5050534","Non-diabetic","mast",0.010618022,10.855296,-1.546081
"GSM5050568","Non-diabetic","fibroblast",0.008012559,-0.3543358,-2.442038
"GSM5050568","Non-diabetic","pericyte_smc",0.010288347,-7.0269914,3.93329
"GSM5050569","DFU-healer","fibroblast",0.047952786,2.6970296,0.022425715
"GSM5050557","DFU-nonhealer","fibroblast",0.015930647,3.6664686,3.1857204
"GSM5050555","Non-diabetic","keratinocyte",0.004527131,3.9123893,15.868672
"GSM5050547","DFU-healer","pericyte_smc",0.055253975,-2.614531,3.5784676
"GSM5050547","DFU-healer","pericyte_smc",0.015473906,-4.272677,1.6671416
"GSM5050556","Non-diabetic","fibroblast",0.009781237,1.6860782,-4.3386497
"GSM5050533","DFU-nonhealer","keratinocyte",0.008741979,3.7842531,13.985347
"GSM5050534","Non-diabetic","fibroblast",0.0072641894,2.22775,5.100069
"GSM5050538","Non-diabetic","keratinocyte",0.005671212,4.032459,14.794512
"GSM5050563","DFU-nonhealer","keratinocyte",0.0074169245,2.8580625,14.555093
"GSM5050523","DFU-healer","lymphatic_ec",0.019355543,-2.6733131,4.4637265
"GSM5050547","DFU-healer","fibroblast",0.44199863,4.192658,0.5550803
"GSM5050563","DFU-nonhealer","pericyte_smc",0.017915111,-6.7421317,6.9098687
"GSM5050574","Non-diabetic","lymphatic_ec",0.010209325,-3.0913231,-8.540306
"GSM5050534","Non-diabetic","fibroblast",0.013375422,2.769009,3.5390527
"GSM5050557","DFU-nonhealer","pericyte_smc",0.008163102,-11.477047,4.495377
"GSM5050556","Non-diabetic","sweat_gland",0.008181031,-2.7335696,11.688599
"GSM5050532","DFU-healer","fibroblast",0.15511543,3.0073647,0.1121921
"GSM5050538","Non-diabetic","keratinocyte",0.012520645,5.4192457,10.799116
"GSM5050556","Non-diabetic","fibroblast",0.015217362,2.125354,3.5043678
"GSM5050530","DFU-nonhealer","pericyte_smc",0.015024788,-1.4283692,2.6607614
"GSM5050547","DFU-healer","pericyte_smc",0.011220152,-4.5896845,1.7791914
"GSM5050538","Non-diabetic","pericyte_smc",0.010056471,-10.312253,6.299633
"GSM5050523","DFU-healer","fibroblast",0.008255618,6.4600787,-4.1117134
"GSM5050538","Non-diabetic","keratinocyte",0.0074982056,3.976424,13.435615
"GSM5050523","DFU-healer","pericyte_smc",0.016425548,-6.4512568,2.5137079
"GSM5050556","Non-diabetic","fibroblast",0.009473215,5.864061,-3.5590646
"GSM5050523","DFU-healer","fibroblast",0.006453548,7.4621778,-4.408522
"GSM5050548","Non-diabetic","pericyte_smc",0.00736119,-9.616855,8.436911
"GSM5050555","Non-diabetic","pericyte_smc",0.011484252,-6.7007914,6.9059916
"GSM5050563","DFU-nonhealer","fibroblast",0.032021485,4.4307694,-3.115343
"GSM5050527","DFU-healer","t_cell",0.006990232,14.928324,7.1711597
"GSM5050557","DFU-nonhealer","myeloid",0.0065385127,13.351383,-3.1072516
"GSM5050573","DFU-healer","pericyte_smc",0.013328644,-1.6247113,2.5768812
"GSM5050574","Non-diabetic","pericyte_smc",0.0064665023,-10.83493,6.528817
"GSM5050573","DFU-healer","endothelial",0.014827016,-1.4977131,-9.925608
"GSM5050556","Non-diabetic","pericyte_smc",0.01117024,-7.057365,4.0400324
"GSM5050538","Non-diabetic","sweat_gland",0.012053699,-5.4775667,7.683469
"GSM5050547","DFU-healer","fibroblast",0.020006342,3.0317333,-1.6545131
"GSM5050548","Non-diabetic","pericyte_smc",0.010417809,-6.9755993,2.2716923
"GSM5050538","Non-diabetic","melanocyte",0.025112005,3.1177013,1.85594
"GSM5050573","DFU-healer","fibroblast",0.03870402,-2.258212,3.2332704
"GSM5050568","Non-diabetic","melanocyte",0.195983,-7.892708,14.811969
"GSM5050573","DFU-healer","fibroblast",0.08513624,6.9659247,-1.1749684
"GSM5050547","DFU-healer","fibroblast",0.017551897,-3.6970074,6.1568465
"GSM5050523","DFU-healer","fibroblast",0.02778997,6.307026,-2.4872262
"GSM5050540","Non-diabetic","fibroblast",0.90530825,6.630561,2.8865428
"GSM5050555","Non-diabetic","sweat_gland",0.009032202,-3.1814988,12.645903
"GSM5050566","DFU-healer","endothelial",0.061615206,-1.8806083,-8.814881
"GSM5050573","DFU-healer","fibroblast",0.64384925,6.017118,1.1654882
"GSM5050533","DFU-nonhealer","keratinocyte",0.008247407,3.549543,11.234348
"GSM5050534","Non-diabetic","pericyte_smc",0.009942407,-8.707567,8.254565
"GSM5050574","Non-diabetic","pericyte_smc",0.020018013,-6.097085,5.3324203
"GSM5050569","DFU-healer","fibroblast",0.014517918,4.6455383,-3.2152913
"GSM5050573","DFU-healer","pericyte_smc",0.016348846,-5.951129,2.216419
"GSM5050527","DFU-healer","pericyte_smc",0.050771657,-3.378989,6.951947
"GSM5050538","Non-diabetic","sweat_gland",0.015646702,-5.67393,1.6070567
"GSM5050557","DFU-nonhealer","myeloid",0.010803361,12.747064,0.59600997
"GSM5050538","Non-diabetic","endothelial",0.0056037954,-3.383822,-10.949619
"GSM5050539","DFU-healer","b_plasma",0.006280524,14.602725,2.0102208
"GSM5050556","Non-diabetic","fibroblast",0.016125612,4.418123,-2.5929801
"GSM5050573","DFU-healer","endothelial",0.027512014,-0.037404217,-10.596918
"GSM5050538","Non-diabetic","keratinocyte",0.0100205345,1.4193494,11.584167
"GSM5050557","DFU-nonhealer","endothelial",0.0057073873,-4.4902883,-10.551839
"GSM5050548","Non-diabetic","pericyte_smc",0.013048364,-8.883336,3.786169
"GSM5050569","DFU-healer","pericyte_smc",0.023543647,-3.334962,2.8428667
"GSM5050563","DFU-nonhealer","keratinocyte",0.0035259826,0.52366984,16.548126
"GSM5050555","Non-diabetic","fibroblast",0.009904617,1.8996432,4.069053
"GSM5050566","DFU-healer","t_cell",0.005496812,15.369529,8.322748
"GSM5050574","Non-diabetic","fibroblast",0.0087627405,-0.36582896,-1.99426
"GSM5050563","DFU-nonhealer","pericyte_smc",0.0136921285,-6.3300786,1.7841328
"GSM5050538","Non-diabetic","pericyte_smc",0.0076658376,-8.983397,8.98994
"GSM5050534","Non-diabetic","pericyte_smc",0.013879392,-6.6184673,5.5734215
"GSM5050540","Non-diabetic","fibroblast",0.43919474,7.7281914,0.32266453
"GSM5050538","Non-diabetic","pericyte_smc",0.014316146,-5.369021,4.774655
"GSM5050547","DFU-healer","b_plasma",0.0094910655,13.967045,1.9498549
"GSM5050567","Non-diabetic","fibroblast",0.008660963,1.9526627,3.8150198
"GSM5050555","Non-diabetic","mast",0.008769497,11.905517,-1.4339459
"GSM5050569","DFU-healer","endothelial",0.01211167,0.45338488,-11.689954
"GSM5050548","Non-diabetic","fibroblast",0.01451021,1.0465926,-1.758712
"GSM5050555","Non-diabetic","fibroblast",0.012412531,3.1594527,-2.935042
"GSM5050555","Non-diabetic","fibroblast",0.01697146,2.9130363,2.440182
"GSM5050534","Non-diabetic","pericyte_smc",0.021454714,-6.1547446,1.7794462
"GSM5050557","DFU-nonhealer","pericyte_smc",0.0085834125,-11.383922,4.5126123
"GSM5050555","Non-diabetic","fibroblast",0.0123452395,1.7334288,-3.0976765
"GSM5050566","DFU-healer","b_plasma",0.005522661,13.172567,-1.4690036
"GSM5050552","Non-diabetic","pericyte_smc",0.05560461,-3.386025,4.619966
"GSM5050548","Non-diabetic","myeloid",0.00574936,12.871635,-4.091368
"GSM5050533","DFU-nonhealer","keratinocyte",0.008033442,4.903032,10.745995
"GSM5050573","DFU-healer","pericyte_smc",0.016319977,-2.2683167,3.134785
"GSM5050564","Non-diabetic","sweat_gland",0.022050077,2.044063,1.0250543
"GSM5050566","DFU-healer","fibroblast",0.07391753,2.9935641,0.9868986
"GSM5050568","Non-diabetic","keratinocyte",0.006212572,-1.6413884,13.454691
"GSM5050532","DFU-healer","myeloid",0.007630041,12.143078,-3.0884595
"GSM5050534","Non-diabetic","keratinocyte",0.005698025,3.4900615,14.8793545
"GSM5050555","Non-diabetic","pericyte_smc",0.008310703,-8.711068,7.9969316
"GSM5050532","DFU-healer","fibroblast",0.017068522,6.2256646,-2.5946083
"GSM5050533","DFU-nonhealer","fibroblast",0.017810235,4.2390404,-1.2333127
"GSM5050555","Non-diabetic","pericyte_smc",0.009480078,-9.639009,5.161805
"GSM5050540","Non-diabetic","t_cell",0.0063279,17.002502,6.3335023
"GSM5050533","DFU-nonhealer","keratinocyte",0.009162983,3.587465,11.214851
"GSM5050523","DFU-healer","pericyte_smc",0.013276939,-8.43007,6.4252687
"GSM5050555","Non-diabetic","myeloid",0.005842316,11.557165,-3.0430703
"GSM5050540","Non-diabetic","fibroblast",0.58699524,7.7904434,0.7741215
"GSM5050531","DFU-healer","pericyte_smc",0.024670659,-1.6627631,3.4634955
"GSM5050563","DFU-nonhealer","fibroblast",0.1535156,5.7272205,-0.25035623
"GSM5050566","DFU-healer","t_cell",0.005370512,15.602216,7.793669
"GSM5050547","DFU-healer","pericyte_smc",0.013618958,-3.8017356,6.0545406
"GSM5050556","Non-diabetic","fibroblast",0.009770551,1.8233647,-4.3584867
"GSM5050569","DFU-healer","fibroblast",0.023899572,5.541096,-1.8845584
"GSM5050557","DFU-nonhealer","pericyte_smc",0.008738879,-11.728887,4.319827
"GSM5050538","Non-diabetic","endothelial",0.020638822,-1.4079015,-6.1410713
"GSM5050532","DFU-healer","fibroblast",0.015797602,0.8861816,-2.876684
"GSM5050567","Non-diabetic","lymphatic_ec",0.014467704,-2.7897635,-8.823862
"GSM5050574","Non-diabetic","endothelial",0.009542888,10.139209,9.926552
"GSM5050557","DFU-nonhealer","myeloid",0.0075359885,11.70018,-2.955334
"GSM5050552","Non-diabetic","pericyte_smc",0.015625421,-5.9117794,5.0462766
"GSM5050574","Non-diabetic","fibroblast",0.011551452,-0.09818386,0.14215505
"GSM5050523","DFU-healer","pericyte_smc",0.012966125,-5.0444746,7.422608
"GSM5050538","Non-diabetic","melanocyte",0.16294017,-8.007396,14.725151
"GSM5050538","Non-diabetic","pericyte_smc",0.009167432,-6.1364756,1.4505365
"GSM5050538","Non-diabetic","keratinocyte",0.0060155755,4.0146694,14.098926
"GSM5050557","DFU-nonhealer","pericyte_smc",0.0124863,-3.9662006,1.7536601
"GSM5050534","Non-diabetic","pericyte_smc",0.022458289,-6.3005567,4.343304
"GSM5050533","DFU-nonhealer","endothelial",0.007962104,-1.3705863,-10.371687
"GSM5050523","DFU-healer","pericyte_smc",0.009998842,-4.0336857,1.2983836
"GSM5050523","DFU-healer","keratinocyte",0.007343955,1.870731,13.527849
"GSM5050540","Non-diabetic","t_cell",0.008218549,16.717382,5.942622
"GSM5050563","DFU-nonhealer","fibroblast",0.058090635,3.2514682,-1.5530844
"GSM5050534","Non-diabetic","keratinocyte",0.018873872,-2.9916291,10.624393
"GSM5050558","DFU-nonhealer","lymphatic_ec",0.015627576,-5.066306,7.493
"GSM5050547","DFU-healer","pericyte_smc",0.016272727,-2.400743,2.1276028
"GSM5050527","DFU-healer","pericyte_smc",0.017995296,-5.4833097,4.558484
"GSM5050532","DFU-healer","myeloid",0.0062030205,13.847419,-3.1704109
"GSM5050532","DFU-healer","fibroblast",0.4750892,7.180741,0.427409
"GSM5050539","DFU-healer","myeloid",0.005783295,12.54194,-4.6477246
"GSM5050538","Non-diabetic","sweat_gland",0.016710415,-4.6685314,3.5300996
"GSM5050566","DFU-healer","t_cell",0.006017334,13.9961195,7.032521
"GSM5050534","Non-diabetic","pericyte_smc",0.012019862,-10.101211,6.4441977
"GSM5050533","DFU-nonhealer","keratinocyte",0.004955497,2.1188374,15.625596
"GSM5050533","DFU-nonhealer","keratinocyte",0.010580385,2.7524657,13.140141
"GSM5050533","DFU-nonhealer","lymphatic_ec",0.014165163,-3.9327402,5.29157
"GSM5050574","Non-diabetic","endothelial",0.007881822,0.39028984,-9.206852
"GSM5050569","DFU-healer","pericyte_smc",0.012389922,-2.9881625,1.9850188
"GSM5050534","Non-diabetic","myeloid",0.009015487,10.708679,-2.2552178
"GSM5050523","DFU-healer","pericyte_smc",0.018343829,-8.223038,5.811356
"GSM5050563","DFU-nonhealer","pericyte_smc",0.010843976,-6.8161974,4.74826
"GSM5050564","Non-diabetic","fibroblast",0.02219097,0.4167219,-0.33753464
"GSM5050539","DFU-healer","b_plasma",0.009245375,14.405269,1.2996231
"GSM5050574","Non-diabetic","endothelial",0.005066336,-4.259698,-11.186396
"GSM5050540","Non-diabetic","myeloid",0.06837124,12.005682,-0.028273042
"GSM5050548","Non-diabetic","melanocyte",0.012856079,9.97769,9.55769
"GSM5050538","Non-diabetic","melanocyte",0.020576892,-2.9007835,-8.1941185
"GSM5050552","Non-diabetic","endothelial",0.0116385985,-2.7873065,-10.280478
"GSM5050548","Non-diabetic","endothelial",0.008418647,0.9981974,-8.676057
"GSM5050530","DFU-nonhealer","fibroblast",0.34087253,5.4724226,0.92933
"GSM5050527","DFU-healer","fibroblast",0.5084574,4.49716,1.0128522
"GSM5050563","DFU-nonhealer","fibroblast",0.008882743,6.1278925,-3.6841536
"GSM5050530","DFU-nonhealer","t_cell",0.0064214948,14.237282,4.8743253
"GSM5050557","DFU-nonhealer","endothelial",0.010150608,-1.8731189,-10.584019
"GSM5050564","Non-diabetic","sweat_gland",0.020750226,2.207144,1.1633829
"GSM5050534","Non-diabetic","pericyte_smc",0.013768941,-5.90699,1.7914138
"GSM5050539","DFU-healer","lymphatic_ec",0.021055516,-4.8644066,5.246725
"GSM5050532","DFU-healer","myeloid",0.0071209,11.899211,-2.6698987
"GSM5050555","Non-diabetic","myeloid",0.0043935166,11.728416,-4.3432727
"GSM5050538","Non-diabetic","melanocyte",0.008000101,1.2985768,3.5410116
"GSM5050532","DFU-healer","fibroblast",0.04004278,1.9337746,0.18198146
"GSM5050527","DFU-healer","myeloid",0.007693984,10.898324,-3.5507846
"GSM5050532","DFU-healer","fibroblast",0.019156743,1.2051365,-0.91145813
"GSM5050533","DFU-nonhealer","pericyte_smc",0.013899267,-3.5974655,2.268269
"GSM5050566","DFU-healer","keratinocyte",0.010519988,4.708971,11.982008
"GSM5050527","DFU-healer","myeloid",0.005468952,11.06143,-3.6884408
"GSM5050538","Non-diabetic","melanocyte",0.006559434,14.371179,5.521458
"GSM5050558","DFU-nonhealer","pericyte_smc",0.014669636,-5.6770844,6.405184
"GSM5050540","Non-diabetic","pericyte_smc",0.1639884,-1.0717854,4.466545
"GSM5050557","DFU-nonhealer","myeloid",0.009089048,13.113568,-0.49394774
"GSM5050523","DFU-healer","fibroblast",0.015788095,5.089015,-3.5646076
"GSM5050558","DFU-nonhealer","pericyte_smc",0.009516897,-8.103721,5.6155057
"GSM5050533","DFU-nonhealer","pericyte_smc",0.014379277,-3.6705992,1.8513856
"GSM5050539","DFU-healer","myeloid",0.0070002587,12.688549,-4.401206
"GSM5050530","DFU-nonhealer","b_plasma",0.0033267841,11.952328,-6.254979
"GSM5050558","DFU-nonhealer","myeloid",0.00510481,13.552886,-3.625795
"GSM5050532","DFU-healer","myeloid",0.0052784164,13.097763,-4.3543077
"GSM5050532","DFU-healer","fibroblast",0.03082865,1.8214692,-0.8635149
"GSM5050574","Non-diabetic","keratinocyte",0.013767947,-1.3225112,11.270059
"GSM5050538","Non-diabetic","sweat_gland",0.016168814,-6.87401,3.1318471
"GSM5050533","DFU-nonhealer","keratinocyte",0.0068210033,4.539943,12.430646
"GSM5050547","DFU-healer","myeloid",0.113485076,9.940459,10.127207
"GSM5050548","Non-diabetic","fibroblast",0.0060807066,2.38195,4.671688
"GSM5050548","Non-diabetic","melanocyte",0.4526727,-8.647922,15.042116
"GSM5050569","DFU-healer","fibroblast",0.009875386,6.2974505,-4.2565403
"GSM5050555","Non-diabetic","fibroblast",0.013568259,3.9471548,-2.864044
"GSM5050532","DFU-healer","myeloid",0.008334778,13.10716,-1.0273949
"GSM5050531","DFU-healer","keratinocyte",0.004668605,2.368984,15.88284
"GSM5050530","DFU-nonhealer","t_cell",0.010402328,14.826846,5.591038
"GSM5050538","Non-diabetic","myeloid",0.008090261,11.864377,-2.4390426
"GSM5050540","Non-diabetic","b_plasma",0.15669376,-1.2838149,4.604041
"GSM5050527","DFU-healer","pericyte_smc",0.014503643,-4.2613497,4.295048
"GSM5050573","DFU-healer","keratinocyte",0.01773993,3.5710897,13.149411
"GSM5050557","DFU-nonhealer","lymphatic_ec",0.009814833,-3.674094,-8.414804
"GSM5050558","DFU-nonhealer","myeloid",0.0063149007,12.824551,-2.8920195
"GSM5050573","DFU-healer","pericyte_smc",0.032129657,-1.2215781,3.3581202
"GSM5050557","DFU-nonhealer","endothelial",0.0061174524,-3.8826008,-10.601491
"GSM5050530","DFU-nonhealer","endothelial",0.014755666,0.42031142,-10.26599
"GSM5050569","DFU-healer","fibroblast",0.032903377,4.6296067,-3.1069076
"GSM5050569","DFU-healer","fibroblast",0.008642628,7.153475,-3.5283952
"GSM5050539","DFU-healer","pericyte_smc",0.012075612,-5.929222,7.8358293
"GSM5050534","Non-diabetic","sweat_gland",0.008195733,9.885608,9.8548975
"GSM5050563","DFU-nonhealer","endothelial",0.0072768116,-3.7883143,-9.696347
"GSM5050533","DFU-nonhealer","pericyte_smc",0.009808955,-4.9702797,1.1761252
"GSM5050533","DFU-nonhealer","keratinocyte",0.0050826287,4.1439266,15.671848
"GSM5050538","Non-diabetic","endothelial",0.0057309624,-4.455276,-10.469721
"GSM5050530","DFU-nonhealer","pericyte_smc",0.027108314,-4.9346514,3.1885977
"GSM5050539","DFU-healer","t_cell",0.0063192192,16.426292,6.414906
"GSM5050573","DFU-healer","pericyte_smc",0.015603876,-2.3762805,2.0009427
"GSM5050569","DFU-healer","fibroblast",0.017796563,6.05033,-2.7306907
"GSM5050557","DFU-nonhealer","fibroblast",0.012321912,3.650163,3.8516684
"GSM5050573","DFU-healer","b_plasma",0.008429097,14.015001,1.8018582
"GSM5050527","DFU-healer","fibroblast",0.5469023,5.289322,-0.0732129
"GSM5050533","DFU-nonhealer","pericyte_smc",0.019294182,-5.461041,5.8432965
"GSM5050530","DFU-nonhealer","keratinocyte",0.0032235344,-0.23770843,16.528824
"GSM5050564","Non-diabetic","myeloid",0.0071437056,11.308853,-2.430748
"GSM5050534","Non-diabetic","keratinocyte",0.004618411,3.0074875,15.924905
"GSM5050573","DFU-healer","melanocyte",0.024569461,-3.8699996,6.667404
"GSM5050573","DFU-healer","pericyte_smc",0.017713219,-8.120573,4.124795
"GSM5050547","DFU-healer","pericyte_smc",0.021516157,-3.6071603,3.806723
"GSM5050556","Non-diabetic","keratinocyte",0.010699571,6.0793867,9.455581
"GSM5050555","Non-diabetic","myeloid",0.004657111,10.915588,-3.252764
"GSM5050530","DFU-nonhealer","t_cell",0.008959526,14.287134,5.590423
"GSM5050563","DFU-nonhealer","keratinocyte",0.013472675,5.339385,11.222445
"GSM5050547","DFU-healer","pericyte_smc",0.014793685,-4.4136834,6.8578734
"GSM5050558","DFU-nonhealer","pericyte_smc",0.01057895,-8.010231,4.6615615
"GSM5050555","Non-diabetic","pericyte_smc",0.009130006,-5.754463,3.1265
"GSM5050530","DFU-nonhealer","b_plasma",0.042236697,-1.3466825,11.532164
"GSM5050538","Non-diabetic","pericyte_smc",0.009007778,-11.551129,5.1511564
"GSM5050563","DFU-nonhealer","endothelial",0.0068782233,-3.3971047,-10.707383
"GSM5050558","DFU-nonhealer","pericyte_smc",0.01021567,-10.293308,4.2885313
"GSM5050558","DFU-nonhealer","pericyte_smc",0.0111601,-8.533582,4.3642597
"GSM5050534","Non-diabetic","endothelial",0.009150245,-1.9623994,-8.41586
"GSM5050557","DFU-nonhealer","mast",0.008787846,11.893036,-1.5000477
"GSM5050574","Non-diabetic","fibroblast",0.021097872,0.7610275,-1.5325098
"GSM5050540","Non-diabetic","t_cell",0.009923208,13.215163,-0.80356026
"GSM5050547","DFU-healer","fibroblast",0.03791844,3.1781147,-3.1175854
"GSM5050540","Non-diabetic","b_plasma",0.015931858,13.929702,1.1693724
"GSM5050567","Non-diabetic","endothelial",0.0074925036,-2.608873,-10.711052
"GSM5050548","Non-diabetic","pericyte_smc",0.009626697,-11.057045,4.100037
"GSM5050534","Non-diabetic","pericyte_smc",0.009255174,-8.214878,7.061157
"GSM5050569","DFU-healer","endothelial",0.019177921,-1.6819007,-9.273809
"GSM5050555","Non-diabetic","fibroblast",0.0165722,2.578716,0.76677525
"GSM5050558","DFU-nonhealer","b_plasma",0.0070590093,13.860948,5.4778867
"GSM5050538","Non-diabetic","endothelial",0.017323712,-1.689278,-8.078851
"GSM5050555","Non-diabetic","pericyte_smc",0.014299094,-6.2151537,7.105571
"GSM5050552","Non-diabetic","myeloid",0.006605621,12.752305,-3.971155
"GSM5050540","Non-diabetic","b_plasma",0.007844922,14.508348,2.057817
"GSM5050538","Non-diabetic","keratinocyte",0.006940074,4.273401,12.494343
"GSM5050534","Non-diabetic","fibroblast",0.01747023,2.78185,-2.5453036
"GSM5050569","DFU-healer","lymphatic_ec",0.022320226,-1.8966421,-9.631732
"GSM5050557","DFU-nonhealer","lymphatic_ec",0.006959928,12.9750595,-3.600299
"GSM5050558","DFU-nonhealer","fibroblast",0.0249322,1.982811,0.91217506
"GSM5050547","DFU-healer","fibroblast",0.010120085,4.0165663,-3.0285993
"GSM5050563","DFU-nonhealer","pericyte_smc",0.01109353,-9.14843,6.458289
"GSM5050557","DFU-nonhealer","pericyte_smc",0.010468565,-5.410356,3.2180276
"GSM5050558","DFU-nonhealer","myeloid",0.007739954,13.115154,-3.5882115
"GSM5050539","DFU-healer","t_cell",0.006250176,17.078304,6.3463535
"GSM5050557","DFU-nonhealer","endothelial",0.01013137,-3.5545762,-9.24703
"GSM5050533","DFU-nonhealer","keratinocyte",0.009014061,3.9050431,12.630551
"GSM5050574","Non-diabetic","fibroblast",0.014652105,2.3206532,-1.1874937
"GSM5050539","DFU-healer","fibroblast",0.5578584,7.8498445,0.71627516
"GSM5050563","DFU-nonhealer","pericyte_smc",0.009001751,-4.4813514,2.6891592
"GSM5050523","DFU-healer","fibroblast",0.012926584,7.5534296,-3.136101
"GSM5050555","Non-diabetic","keratinocyte",0.0038591165,1.4365258,16.635994
"GSM5050574","Non-diabetic","lymphatic_ec",0.011235221,-3.024967,-8.553623
"GSM5050573","DFU-healer","t_cell",0.007524109,14.549288,6.6366115
"GSM5050558","DFU-nonhealer","t_cell",0.00453895,16.747555,7.4409933
"GSM5050538","Non-diabetic","endothelial",0.008848128,-0.7906048,-9.563639
"GSM5050558","DFU-nonhealer","b_plasma",0.006819274,14.576602,2.2863793
"GSM5050563","DFU-nonhealer","fibroblast",0.034812372,2.2341952,-0.6305886
"GSM5050523","DFU-healer","fibroblast",0.009646225,7.291234,-3.9098878
"GSM5050563","DFU-nonhealer","endothelial",0.0077461577,0.60520387,-8.8678
"GSM5050555","Non-diabetic","endothelial",0.004392013,-5.123085,-10.225901
"GSM5050563","DFU-nonhealer","endothelial",0.0084857205,-0.26467502,-11.400625
"GSM5050527","DFU-healer","fibroblast",0.22153129,4.667816,-0.12488532
"GSM5050556","Non-diabetic","fibroblast",0.00719766,0.118063584,-2.96902
"GSM5050558","DFU-nonhealer","lymphatic_ec",0.0063184095,-3.9025037,-11.095914
"GSM5050531","DFU-healer","fibroblast",0.051413383,6.458699,-2.2420998
"GSM5050523","DFU-healer","pericyte_smc",0.014867955,-4.933928,5.030995
"GSM5050538","Non-diabetic","endothelial",0.0057934695,-4.056927,-9.257031
"GSM5050547","DFU-healer","pericyte_smc",0.025385365,-1.824875,3.0076694
"GSM5050527","DFU-healer","endothelial",0.014958969,-3.1940398,-8.936771
"GSM5050567","Non-diabetic","keratinocyte",0.011080056,-1.3875221,11.668991
"GSM5050533","DFU-nonhealer","keratinocyte",0.0069730226,3.5506418,10.135009
"GSM5050540","Non-diabetic","b_plasma",0.007783404,14.147507,2.2733657
"GSM5050547","DFU-healer","myeloid",0.89961255,6.510817,3.0278726
"GSM5050540","Non-diabetic","t_cell",0.011088928,16.999084,6.164133
"GSM5050556","Non-diabetic","keratinocyte",0.008441463,5.8384895,9.115386
"GSM5050574","Non-diabetic","endothelial",0.0050187553,-4.26063,-10.065581
"GSM5050558","DFU-nonhealer","myeloid",0.005060888,11.204733,-2.7886972
"GSM5050573","DFU-healer","lymphatic_ec",0.018199595,-4.572395,4.6438217
"GSM5050548","Non-diabetic","fibroblast",0.004974111,2.5115757,4.736921
"GSM5050532","DFU-healer","endothelial",0.007987869,-1.094495,-9.782706
"GSM5050552","Non-diabetic","lymphatic_ec",0.03142768,-2.287524,-8.044306
"GSM5050558","DFU-nonhealer","endothelial",0.0060074246,-1.0186992,-9.861656
"GSM5050552","Non-diabetic","fibroblast",0.013707325,1.7478218,-4.08534
"GSM5050538","Non-diabetic","keratinocyte",0.0066137677,3.432731,13.810185
"GSM5050531","DFU-healer","pericyte_smc",0.016108146,-2.0345123,2.3845723
"GSM5050566","DFU-healer","keratinocyte",0.020106241,-1.6474204,11.243779
"GSM5050523","DFU-healer","fibroblast",0.012121842,6.311564,-2.8603125
"GSM5050533","DFU-nonhealer","melanocyte",0.416788,-8.3620405,14.74616
"GSM5050573","DFU-healer","pericyte_smc",0.015785554,-2.9903412,-8.698048
"GSM5050547","DFU-healer","myeloid",0.018326966,-1.1673054,-8.862624
"GSM5050539","DFU-healer","pericyte_smc",0.021005241,-4.741354,3.0784543
"GSM5050558","DFU-nonhealer","pericyte_smc",0.004284903,-9.60912,9.351961
"GSM5050574","Non-diabetic","fibroblast",0.015635503,0.4459958,0.07981405
"GSM5050530","DFU-nonhealer","t_cell",0.005425327,15.026535,5.04886
"GSM5050538","Non-diabetic","lymphatic_ec",0.010934399,-10.665064,4.7686434
"GSM5050557","DFU-nonhealer","myeloid",0.007549394,11.54488,-2.361344
"GSM5050534","Non-diabetic","fibroblast",0.02130684,0.9258496,0.050629817
"GSM5050523","DFU-healer","fibroblast",0.009108123,7.850624,-3.6887221
"GSM5050573","DFU-healer","pericyte_smc",0.1092848,-1.130204,4.48962
"GSM5050547","DFU-healer","keratinocyte",0.0077567943,3.9874396,13.566855
"GSM5050533","DFU-nonhealer","keratinocyte",0.012369698,3.7472045,10.388356
"GSM5050540","Non-diabetic","myeloid",0.013787399,11.783357,-4.3460803
"GSM5050547","DFU-healer","fibroblast",0.28559843,5.892714,-0.44487554
"GSM5050534","Non-diabetic","keratinocyte",0.008705302,12.986789,6.874377
"GSM5050563","DFU-nonhealer","fibroblast",0.021613747,1.3541185,-1.2148249
"GSM5050548","Non-diabetic","pericyte_smc",0.0062250514,-9.140254,8.829211
"GSM5050523","DFU-healer","pericyte_smc",0.007484994,-5.741503,1.1327317
"GSM5050568","Non-diabetic","sweat_gland",0.012375147,10.140011,9.76191
"GSM5050574","Non-diabetic","endothelial",0.006563308,-2.672203,-11.237781
"GSM5050527","DFU-healer","fibroblast",0.026980286,5.5349193,-2.9623225
"GSM5050573","DFU-healer","pericyte_smc",0.16885538,-1.4030114,4.5460095
"GSM5050564","Non-diabetic","sweat_gland",0.021838263,3.3466017,2.8532279
"GSM5050531","DFU-healer","fibroblast",0.07194448,1.8700922,-1.3746456
"GSM5050523","DFU-healer","pericyte_smc",0.015812635,-5.553442,3.6083848
"GSM5050540","Non-diabetic","myeloid",0.6739352,9.319238,0.34135675
"GSM5050527","DFU-healer","fibroblast",0.7040988,7.1889486,1.6244695
"GSM5050557","DFU-nonhealer","pericyte_smc",0.021448852,1.375594,0.39565027
"GSM5050527","DFU-healer","myeloid",0.007221584,11.159902,-4.1739726
"GSM5050540","Non-diabetic","fibroblast",0.32822582,7.2495294,-0.07359417
"GSM5050533","DFU-nonhealer","keratinocyte",0.009495738,3.5184288,10.736585
"GSM5050573","DFU-healer","endothelial",0.010689709,0.45040655,-11.635008
"GSM5050531","DFU-healer","t_cell",0.00809329,14.671325,8.0136595
"GSM5050557","DFU-nonhealer","t_cell",0.0068725655,15.402071,5.9644666
"GSM5050538","Non-diabetic","pericyte_smc",0.012231223,-6.0016513,5.981075
"GSM5050574","Non-diabetic","endothelial",0.0055947118,-1.8034266,-10.847321
"GSM5050548","Non-diabetic","pericyte_smc",0.008802262,-11.34642,5.031124
"GSM5050523","DFU-healer","pericyte_smc",0.018065426,-6.8315024,4.0700464
"GSM5050532","DFU-healer","t_cell",0.0057970234,16.843,7.4495506
"GSM5050539","DFU-healer","myeloid",0.0056536226,12.35093,-4.9201427
"GSM5050552","Non-diabetic","pericyte_smc",0.011799537,-4.715346,5.9765296
"GSM5050547","DFU-healer","pericyte_smc",0.009958101,-3.607428,1.5037751
"GSM5050574","Non-diabetic","endothelial",0.005791737,-4.291663,-10.911943
"GSM5050533","DFU-nonhealer","pericyte_smc",0.017242733,-6.522305,2.047754
"GSM5050566","DFU-healer","endothelial",0.0076151625,-2.415498,-9.240398
"GSM5050523","DFU-healer","fibroblast",0.048166864,6.1973095,-1.8808439
"GSM5050568","Non-diabetic","fibroblast",0.0071240957,-0.5209416,-1.7429457
"GSM5050530","DFU-nonhealer","b_plasma",0.10697285,-2.4102643,3.7531173
"GSM5050547","DFU-healer","keratinocyte",0.0033210875,0.3345588,16.685602
"GSM5050566","DFU-healer","endothelial",0.009957811,-0.008502131,-10.792293
"GSM5050557","DFU-nonhealer","pericyte_smc",0.0068963105,-9.470603,8.544841
"GSM5050557","DFU-nonhealer","fibroblast",0.008475548,3.0704288,-4.563147
"GSM5050533","DFU-nonhealer","keratinocyte",0.005741672,4.3401847,14.696247
"GSM5050527","DFU-healer","keratinocyte",0.0033108143,-0.035343874,16.729826
"GSM5050547","DFU-healer","myeloid",0.0073919194,13.287261,-2.871062
"GSM5050569","DFU-healer","fibroblast",0.028740644,6.7656174,-2.3029013
"GSM5050523","DFU-healer","fibroblast",0.013917726,7.7771826,-3.2805195
"GSM5050563","DFU-nonhealer","fibroblast",0.013070111,2.1719732,-4.2969284
"GSM5050566","DFU-healer","keratinocyte",0.027923387,-2.4574058,10.99254
"GSM5050527","DFU-healer","myeloid",0.007802672,11.217636,-3.4250054
"GSM5050538","Non-diabetic","endothelial",0.013068318,-3.6227698,-8.44968
"GSM5050557","DFU-nonhealer","pericyte_smc",0.007805962,-10.091989,4.0071516
"GSM5050538","Non-diabetic","keratinocyte",0.021916948,2.244845,12.10701
"GSM5050540","Non-diabetic","t_cell",0.0049528754,16.351688,6.1176677
"GSM5050534","Non-diabetic","pericyte_smc",0.011202617,-9.783764,5.1537876
"GSM5050557","DFU-nonhealer","mast",0.0056232754,-3.5963955,12.514528
"GSM5050531","DFU-healer","t_cell",0.0053755436,16.329933,6.380687
"GSM5050530","DFU-nonhealer","b_plasma",0.011944708,11.598512,-3.4690943
"GSM5050558","DFU-nonhealer","pericyte_smc",0.0098224245,-11.63222,4.626926
"GSM5050534","Non-diabetic","lymphatic_ec",0.01467438,-3.699874,-8.122615
"GSM5050532","DFU-healer","endothelial",0.008872637,-2.139093,-10.483038
"GSM5050540","Non-diabetic","fibroblast",0.49685332,7.56745,0.66213983
"GSM5050569","DFU-healer","fibroblast",0.19039392,6.932199,-0.9396469
"GSM5050533","DFU-nonhealer","keratinocyte",0.008043056,2.7494879,13.687179
"GSM5050566","DFU-healer","endothelial",0.0074389456,-1.9192998,-10.637605
"GSM5050539","DFU-healer","t_cell",0.006744238,13.605671,4.8364472
"GSM5050547","DFU-healer","myeloid",0.017818358,10.133482,9.807552
"GSM5050532","DFU-healer","fibroblast",0.09600348,2.6935983,0.057560723
"GSM5050530","DFU-nonhealer","myeloid",0.005277079,12.829022,-4.2842164
"GSM5050552","Non-diabetic","keratinocyte",0.0039066807,2.124984,16.841484
"GSM5050564","Non-diabetic","sweat_gland",0.009768474,-1.3721037,11.76566
"GSM5050569","DFU-healer","lymphatic_ec",0.011587676,0.28012127,-10.809749
"GSM5050527","DFU-healer","fibroblast",0.390873,4.2858357,0.83555436
"GSM5050566","DFU-healer","fibroblast",0.09846897,2.1508534,-0.5486012
"GSM5050564","Non-diabetic","sweat_gland",0.008160152,-1.9588333,12.948463
"GSM5050547","DFU-healer","t_cell",0.006983505,15.962832,7.020275
"GSM5050539","DFU-healer","pericyte_smc",0.011279792,-4.9915276,2.293258
"GSM5050557","DFU-nonhealer","endothelial",0.006541628,-0.74259084,-9.750646
"GSM5050566","DFU-healer","t_cell",0.0071772197,14.770134,8.166149
"GSM5050538","Non-diabetic","sweat_gland",0.012128819,2.424231,4.1992598
"GSM5050548","Non-diabetic","pericyte_smc",0.011045865,-2.9228942,1.8713948
"GSM5050573","DFU-healer","t_cell",0.006092786,14.953721,6.8560386
"GSM5050573","DFU-healer","keratinocyte",0.008469774,4.7608986,12.562853
"GSM5050533","DFU-nonhealer","keratinocyte",0.0046299337,3.1355422,16.03272
"GSM5050539","DFU-healer","t_cell",0.006458569,15.550935,7.354034
"GSM5050548","Non-diabetic","fibroblast",0.016315399,2.7264037,2.7137592
"GSM5050573","DFU-healer","pericyte_smc",0.013480603,-5.7445903,1.6928014
"GSM5050539","DFU-healer","lymphatic_ec",0.07709613,-1.1835661,-9.538795
"GSM5050563","DFU-nonhealer","pericyte_smc",0.013889894,-6.773324,4.872047
"GSM5050547","DFU-healer","fibroblast",0.016686073,3.6224978,-0.16827992
"GSM5050540","Non-diabetic","fibroblast",0.25229773,7.6602015,-0.3712369
"GSM5050568","Non-diabetic","endothelial",0.007868009,1.2783002,-8.738187
"GSM5050573","DFU-healer","keratinocyte",0.0040134145,1.1724349,16.172684
"GSM5050556","Non-diabetic","pericyte_smc",0.009557895,-6.8969584,3.588233
"GSM5050538","Non-diabetic","keratinocyte",0.0042687594,3.1199875,16.349438
"GSM5050527","DFU-healer","pericyte_smc",0.0532986,-2.6294847,3.165464
"GSM5050523","DFU-healer","pericyte_smc",0.022928583,-3.6886358,2.684586
"GSM5050540","Non-diabetic","t_cell",0.010512584,16.647097,6.2515135
"GSM5050556","Non-diabetic","keratinocyte",0.012945492,-0.99568677,11.825087
"GSM5050567","Non-diabetic","pericyte_smc",0.014708799,-6.9164557,6.458028
"GSM5050557","DFU-nonhealer","t_cell",0.005123566,16.099096,6.945712
"GSM5050548","Non-diabetic","pericyte_smc",0.011700615,-7.6380386,6.1685185
"GSM5050530","DFU-nonhealer","keratinocyte",0.0035633408,-0.02158815,16.591036
"GSM5050534","Non-diabetic","pericyte_smc",0.011419371,-10.111694,5.706611
"GSM5050523","DFU-healer","pericyte_smc",0.0131363785,-1.9861728,2.0891094
"GSM5050547","DFU-healer","pericyte_smc",0.017189248,-7.7357244,8.066005
"GSM5050530","DFU-nonhealer","b_plasma",0.0069110873,14.384362,0.7140802
"GSM5050548","Non-diabetic","pericyte_smc",0.011812292,-9.883449,4.1629767
"GSM5050548","Non-diabetic","pericyte_smc",0.015219598,-6.45603,6.046792
"GSM5050552","Non-diabetic","endothelial",0.0068786656,-1.4982805,-10.800883
"GSM5050538","Non-diabetic","sweat_gland",0.0073772524,1.568811,4.1254835
"GSM5050527","DFU-healer","fibroblast",0.057394024,-3.2130477,6.7972946
"GSM5050573","DFU-healer","keratinocyte",0.0062866393,2.4469502,14.95407
"GSM5050548","Non-diabetic","endothelial",0.009026304,0.46494234,-9.163167
"GSM5050569","DFU-healer","fibroblast",0.008973489,7.032692,-4.0766625
"GSM5050556","Non-diabetic","endothelial",0.0059089107,-4.791296,-10.048507
"GSM5050557","DFU-nonhealer","fibroblast",0.008271202,1.0885836,2.4892993
"GSM5050548","Non-diabetic","endothelial",0.0069606127,-0.62416416,-9.407784
"GSM5050527","DFU-healer","fibroblast",0.22678842,4.9074297,-0.463306
"GSM5050569","DFU-healer","endothelial",0.010179447,-0.5735293,-11.05211
"GSM5050547","DFU-healer","myeloid",0.12315922,1.772851,-1.3686166
"GSM5050556","Non-diabetic","pericyte_smc",0.009437036,-7.70109,5.379619
"GSM5050573","DFU-healer","keratinocyte",0.00406592,0.3920067,16.223715
"GSM5050568","Non-diabetic","fibroblast",0.011986402,0.76362234,-0.9912981
"GSM5050556","Non-diabetic","keratinocyte",0.0071668257,-0.67510223,13.296441
"GSM5050547","DFU-healer","fibroblast",0.15315548,5.07786,-0.9337156
"GSM5050574","Non-diabetic","endothelial",0.004506632,-5.0316033,-10.576243
"GSM5050573","DFU-healer","pericyte_smc",0.06783423,-0.9600703,3.8841414
"GSM5050573","DFU-healer","keratinocyte",0.24839492,-2.2985725,11.450566
"GSM5050574","Non-diabetic","keratinocyte",0.0097743245,-0.89116156,11.871983
"GSM5050557","DFU-nonhealer","fibroblast",0.006543213,-0.99555093,-1.246583
"GSM5050533","DFU-nonhealer","melanocyte",0.01930848,-3.2200532,4.2603297
"GSM5050534","Non-diabetic","keratinocyte",0.008404945,3.5554776,4.430855
"GSM5050523","DFU-healer","pericyte_smc",0.023309682,-6.9603643,3.8882072
"GSM5050557","DFU-nonhealer","pericyte_smc",0.0077060093,-10.051246,6.7680917
"GSM5050558","DFU-nonhealer","pericyte_smc",0.010462979,-10.310122,4.0830483
"GSM5050563","DFU-nonhealer","pericyte_smc",0.011062226,-4.8803883,3.216266
"GSM5050555","Non-diabetic","pericyte_smc",0.02451626,-4.919258,4.8251724
"GSM5050568","Non-diabetic","pericyte_smc",0.015480314,-5.290618,2.0758436
"GSM5050563","DFU-nonhealer","fibroblast",0.012625139,1.3733872,-3.5117528
"GSM5050574","Non-diabetic","pericyte_smc",0.007922821,-4.845796,0.9126508
"GSM5050533","DFU-nonhealer","keratinocyte",0.014010268,-1.4351761,11.893906
"GSM5050573","DFU-healer","keratinocyte",0.011736074,6.0166306,9.530451
"GSM5050532","DFU-healer","myeloid",0.00525518,11.390073,-3.170574
"GSM5050569","DFU-healer","fibroblast",0.17897922,-1.1917061,4.523067
"GSM5050555","Non-diabetic","myeloid",0.006709094,10.764744,-2.7015696
"GSM5050540","Non-diabetic","t_cell",0.015096464,16.748482,5.6729546
"GSM5050523","DFU-healer","pericyte_smc",0.015289114,-4.362744,4.678005
"GSM5050557","DFU-nonhealer","pericyte_smc",0.007885545,-11.796231,4.259431
"GSM5050552","Non-diabetic","keratinocyte",0.0043572304,3.34427,16.412529
"GSM5050547","DFU-healer","myeloid",0.007025541,13.31116,-3.4522183
"GSM5050566","DFU-healer","keratinocyte",0.016394546,-1.803289,11.340512
"GSM5050558","DFU-nonhealer","myeloid",0.0070693637,14.635214,6.864247
"GSM5050539","DFU-healer","fibroblast",0.14052305,5.6939874,-0.58250356
"GSM5050547","DFU-healer","pericyte_smc",0.019128384,-5.1153393,4.192241
"GSM5050527","DFU-healer","pericyte_smc",0.089759745,-3.5996196,5.7080016
"GSM5050523","DFU-healer","fibroblast",0.019344496,6.387621,-2.735049
"GSM5050531","DFU-healer","fibroblast",0.012518143,7.0859284,-3.8196325
"GSM5050567","Non-diabetic","endothelial",0.006642201,-0.56002957,-9.57062
"GSM5050573","DFU-healer","t_cell",0.006712762,13.9485235,8.68061
"GSM5050574","Non-diabetic","pericyte_smc",0.019755095,4.407776,2.8656344
"GSM5050530","DFU-nonhealer","pericyte_smc",0.016973019,-4.3365874,2.6161377
"GSM5050547","DFU-healer","keratinocyte",0.0040035583,1.2711167,16.300562
"GSM5050573","DFU-healer","fibroblast",0.81681657,7.00649,2.2496746
"GSM5050531","DFU-healer","fibroblast",0.50359625,6.9365277,0.69328004
"GSM5050552","Non-diabetic","mast",0.0061630625,11.898596,-2.2354612
"GSM5050573","DFU-healer","pericyte_smc",0.019835658,-6.0303016,2.8473752
"GSM5050534","Non-diabetic","keratinocyte",0.01839366,2.2608879,11.917996
"GSM5050532","DFU-healer","fibroblast",0.025700718,1.3589376,-0.8179048
"GSM5050569","DFU-healer","pericyte_smc",0.0070783887,-8.864147,8.495422
"GSM5050523","DFU-healer","pericyte_smc",0.014069605,-3.0732596,2.8974323
"GSM5050547","DFU-healer","pericyte_smc",0.045143303,-3.3081343,2.4660506
"GSM5050568","Non-diabetic","fibroblast",0.012416087,2.4288476,3.1545548
"GSM5050530","DFU-nonhealer","endothelial",0.014582039,-0.66594696,-10.661263
"GSM5050563","DFU-nonhealer","endothelial",0.023970094,0.21953812,-10.890788
"GSM5050534","Non-diabetic","pericyte_smc",0.016135992,-6.7141123,4.4481263
"GSM5050557","DFU-nonhealer","fibroblast",0.0148637295,2.1527472,2.5126538
"GSM5050574","Non-diabetic","fibroblast",0.008247124,-0.87100875,-1.2319102
"GSM5050547","DFU-healer","fibroblast",0.8254859,7.1191382,2.1570618
"GSM5050548","Non-diabetic","fibroblast",0.011450484,-0.73614734,-1.0728563
"GSM5050573","DFU-healer","pericyte_smc",0.013384449,-4.5755353,1.1422417
"GSM5050555","Non-diabetic","pericyte_smc",0.010243521,-7.4821134,4.728292
"GSM5050523","DFU-healer","pericyte_smc",0.012316263,-4.521413,7.0715294
"GSM5050569","DFU-healer","fibroblast",0.017959928,2.4608817,-2.8040283
"GSM5050555","Non-diabetic","pericyte_smc",0.008636337,-4.455659,0.6553653
"GSM5050547","DFU-healer","myeloid",0.006868504,12.947601,-4.2130427
"GSM5050555","Non-diabetic","pericyte_smc",0.015127336,-6.1672773,5.3594594
"GSM5050523","DFU-healer","fibroblast",0.008304493,7.123932,-4.2394404
"GSM5050555","Non-diabetic","fibroblast",0.011886303,1.6602149,-3.3752756
"GSM5050534","Non-diabetic","keratinocyte",0.025090413,-10.703114,-1.1698232
"GSM5050548","Non-diabetic","pericyte_smc",0.014512696,-7.679296,6.9799933
"GSM5050574","Non-diabetic","lymphatic_ec",0.014015511,-2.92432,-8.157335
"GSM5050530","DFU-nonhealer","keratinocyte",0.009521938,-2.6307702,13.297292
"GSM5050569","DFU-healer","endothelial",0.023921434,0.19380751,-10.685129
"GSM5050538","Non-diabetic","sweat_gland",0.028997876,3.6750412,-2.476666
"GSM5050556","Non-diabetic","melanocyte",0.0077284086,10.082272,9.953713
"GSM5050533","DFU-nonhealer","melanocyte",0.013438866,5.6130915,10.475934
"GSM5050530","DFU-nonhealer","b_plasma",0.009370868,12.754307,0.8058852
"GSM5050538","Non-diabetic","sweat_gland",0.0121986605,-8.614519,3.4476678
"GSM5050539","DFU-healer","myeloid",0.0071386374,13.251443,-3.5003376
"GSM5050573","DFU-healer","t_cell",0.0061773234,14.439026,5.1956215
"GSM5050573","DFU-healer","keratinocyte",0.021619665,-0.5016995,12.921485
"GSM5050573","DFU-healer","pericyte_smc",0.013695412,-4.187825,5.2499757
"GSM5050569","DFU-healer","fibroblast",0.0135507565,1.0591401,-3.2407672
"GSM5050538","Non-diabetic","keratinocyte",0.00925861,4.2544155,12.362532
"GSM5050555","Non-diabetic","myeloid",0.0073621497,12.020537,-2.0136328
"GSM5050564","Non-diabetic","pericyte_smc",0.020454545,-2.7982194,10.76331
"GSM5050533","DFU-nonhealer","melanocyte",0.532013,-8.709329,15.1339655
"GSM5050557","DFU-nonhealer","keratinocyte",0.0041244775,1.5272807,16.192247
"GSM5050523","DFU-healer","fibroblast",0.037339143,6.0373807,-2.2984042
"GSM5050531","DFU-healer","myeloid",0.014788983,11.100854,-4.5846395
"GSM5050573","DFU-healer","keratinocyte",0.004953634,2.9813983,15.623271
"GSM5050552","Non-diabetic","melanocyte",0.0067057763,-3.388374,-9.866817
"GSM5050531","DFU-healer","endothelial",0.012920301,-1.5908719,-10.391264
"GSM5050538","Non-diabetic","keratinocyte",0.0081750415,4.5309863,11.459714
"GSM5050573","DFU-healer","pericyte_smc",0.021084141,-4.435113,4.7867327
"GSM5050547","DFU-healer","fibroblast",0.01354263,1.3520768,-3.8266413
"GSM5050527","DFU-healer","myeloid",0.028292252,10.824424,-4.524011
"GSM5050534","Non-diabetic","keratinocyte",0.0041026506,2.0969095,16.335125
"GSM5050552","Non-diabetic","endothelial",0.0063053602,-2.7529309,-10.58884
"GSM5050569","DFU-healer","pericyte_smc",0.007473172,-4.3061056,1.1750189
"GSM5050555","Non-diabetic","pericyte_smc",0.009201778,-5.14871,0.5803494
"GSM5050527","DFU-healer","fibroblast",0.021560831,3.4524498,-2.5042577
"GSM5050530","DFU-nonhealer","t_cell",0.0048328848,16.03207,5.6624107
"GSM5050556","Non-diabetic","keratinocyte",0.015666835,1.1432005,11.375478
"GSM5050558","DFU-nonhealer","myeloid",0.007205077,11.553294,-2.5822823
"GSM5050538","Non-diabetic","endothelial",0.005776686,-3.7382202,-10.506135
"GSM5050548","Non-diabetic","pericyte_smc",0.009400933,-11.187915,4.8613014
"GSM5050538","Non-diabetic","keratinocyte",0.0049419007,3.2552712,16.0976
"GSM5050556","Non-diabetic","fibroblast",0.009638666,3.6492195,4.389208
"GSM5050569","DFU-healer","fibroblast",0.01085561,6.9053392,-2.7830687
"GSM5050531","DFU-healer","pericyte_smc",0.02461181,-2.5939226,2.9893358
"GSM5050530","DFU-nonhealer","t_cell",0.0057784338,15.038306,5.204969
"GSM5050557","DFU-nonhealer","myeloid",0.005929759,12.943879,-2.7913163
"GSM5050539","DFU-healer","pericyte_smc",0.019707317,-5.8150735,5.531143
"GSM5050527","DFU-healer","myeloid",0.0071907723,10.691486,-2.6521199
"GSM5050548","Non-diabetic","pericyte_smc",0.0096821375,-9.393845,8.204415
"GSM5050523","DFU-healer","pericyte_smc",0.013314298,-6.4214444,2.130477
"GSM5050523","DFU-healer","pericyte_smc",0.016209332,-9.002113,4.771591
"GSM5050552","Non-diabetic","keratinocyte",0.0040143267,1.9024462,16.510384
"GSM5050523","DFU-healer","endothelial",0.00837554,-0.49663058,-9.277641
"GSM5050555","Non-diabetic","myeloid",0.00640545,11.679056,-2.6573648
"GSM5050527","DFU-healer","fibroblast",0.5864831,5.6993113,0.3550704
"GSM5050534","Non-diabetic","pericyte_smc",0.015702758,-6.7865996,7.090562
"GSM5050538","Non-diabetic","endothelial",0.015057082,-1.5502992,-6.633307
"GSM5050573","DFU-healer","keratinocyte",0.011738159,-1.8409903,11.464222
"GSM5050540","Non-diabetic","fibroblast",0.268493,7.1326838,-0.32503173
"GSM5050557","DFU-nonhealer","myeloid",0.0065837866,14.001069,-2.8659208
"GSM5050534","Non-diabetic","pericyte_smc",0.012600676,-6.9711704,5.2768044
"GSM5050558","DFU-nonhealer","t_cell",0.0052731954,16.281187,7.7470226
"GSM5050557","DFU-nonhealer","myeloid",0.005309012,12.9164915,-4.3941894
"GSM5050534","Non-diabetic","fibroblast",0.015887445,0.670647,0.30893832
"GSM5050556","Non-diabetic","myeloid",0.006770907,11.740688,-2.7994945
"GSM5050547","DFU-healer","fibroblast",0.010547469,2.6711261,-4.6915417
"GSM5050552","Non-diabetic","endothelial",0.006666509,-4.0239625,-11.004666
"GSM5050538","Non-diabetic","keratinocyte",0.008801048,4.4024835,12.82876
"GSM5050547","DFU-healer","myeloid",0.0074726655,12.17013,-4.557967
"GSM5050540","Non-diabetic","fibroblast",0.40886632,7.3746758,0.09587237
"GSM5050534","Non-diabetic","endothelial",0.008840361,-1.1070173,-9.015627
"GSM5050563","DFU-nonhealer","endothelial",0.16260901,-1.3137745,-7.552671
"GSM5050523","DFU-healer","fibroblast",0.018313866,4.1145077,-2.785833
"GSM5050552","Non-diabetic","keratinocyte",0.0071918527,4.3531837,11.5529585
"GSM5050552","Non-diabetic","fibroblast",0.014997747,3.3439784,-1.7360288
"GSM5050534","Non-diabetic","pericyte_smc",0.0148955835,-1.4821858,-7.783442
"GSM5050538","Non-diabetic","pericyte_smc",0.009223111,-4.949424,0.5293926
"GSM5050556","Non-diabetic","keratinocyte",0.0048814462,4.1833014,14.835397
"GSM5050532","DFU-healer","fibroblast",0.022265224,1.0467168,-2.7663994
"GSM5050556","Non-diabetic","fibroblast",0.009035332,2.9857805,-4.4447436
"GSM5050531","DFU-healer","lymphatic_ec",0.15244897,-1.511517,-8.865183
"GSM5050552","Non-diabetic","fibroblast",0.03559789,2.0859344,2.0597265
"GSM5050558","DFU-nonhealer","pericyte_smc",0.013222194,-8.041924,4.6864014
"GSM5050558","DFU-nonhealer","pericyte_smc",0.0136238625,-8.616136,3.4027445
"GSM5050547","DFU-healer","pericyte_smc",0.0651281,-3.1234794,6.7601123
"GSM5050539","DFU-healer","myeloid",0.00472355,13.14561,-3.6797254
"GSM5050547","DFU-healer","keratinocyte",0.004853133,2.2254612,15.50318
"GSM5050539","DFU-healer","pericyte_smc",0.021197665,-4.2842045,1.8063387
"GSM5050574","Non-diabetic","fibroblast",0.00952282,-0.38484177,-0.7833936
"GSM5050538","Non-diabetic","keratinocyte",0.0042405156,3.326419,16.3566
"GSM5050534","Non-diabetic","myeloid",0.00753117,10.758026,-2.39916
"GSM5050555","Non-diabetic","melanocyte",0.0056231124,10.268922,9.7728195
"GSM5050556","Non-diabetic","pericyte_smc",0.0066840453,-9.353559,8.544879
"GSM5050534","Non-diabetic","sweat_gland",0.010659803,-9.909909,5.593079
"GSM5050558","DFU-nonhealer","pericyte_smc",0.011268634,-10.532288,4.3136587
"GSM5050534","Non-diabetic","fibroblast",0.008681359,-0.20954064,0.7237915
"GSM5050566","DFU-healer","keratinocyte",0.009311559,5.848771,10.531248
"GSM5050538","Non-diabetic","sweat_gland",0.007043097,-4.0132856,-8.5359745
"GSM5050556","Non-diabetic","fibroblast",0.009709864,3.016049,-3.2966392
"GSM5050534","Non-diabetic","pericyte_smc",0.010451414,-10.009917,6.473077
"GSM5050548","Non-diabetic","t_cell",0.004712581,16.881985,6.630619
"GSM5050538","Non-diabetic","sweat_gland",0.012800483,-5.132497,2.9756985
"GSM5050548","Non-diabetic","keratinocyte",0.0038386718,1.8626287,16.543968
"GSM5050531","DFU-healer","t_cell",0.004650064,16.477665,6.4169564
"GSM5050557","DFU-nonhealer","fibroblast",0.02203594,2.9166255,2.635338
"GSM5050531","DFU-healer","pericyte_smc",0.016834946,-1.7255607,3.3036509
"GSM5050530","DFU-nonhealer","sweat_gland",0.020120054,-1.6048167,11.184699
"GSM5050527","DFU-healer","fibroblast",0.48672602,4.8500104,0.4641067
"GSM5050557","DFU-nonhealer","pericyte_smc",0.013188527,-8.306641,3.9347007
"GSM5050558","DFU-nonhealer","pericyte_smc",0.013620959,-4.778583,6.489982
"GSM5050548","Non-diabetic","pericyte_smc",0.014717788,-7.2482142,5.419564
"GSM5050557","DFU-nonhealer","mast",0.0079011815,13.894661,-1.3614134
"GSM5050574","Non-diabetic","keratinocyte",0.009772359,-1.8295685,12.549365
"GSM5050555","Non-diabetic","pericyte_smc",0.010572247,-5.440906,7.3955407
"GSM5050533","DFU-nonhealer","fibroblast",0.012060848,4.609575,-3.231774
"GSM5050523","DFU-healer","fibroblast",0.017475389,5.4178543,-2.631125
"GSM5050538","Non-diabetic","pericyte_smc",0.014384453,-6.7583156,7.925089
"GSM5050557","DFU-nonhealer","melanocyte",0.00979754,-3.2825458,12.7322235
"GSM5050538","Non-diabetic","pericyte_smc",0.013552699,-5.7351513,5.46746
"GSM5050547","DFU-healer","fibroblast",0.26422626,5.12311,-0.56456774
"GSM5050555","Non-diabetic","mast",0.00963365,11.996934,-1.0848793
"GSM5050540","Non-diabetic","fibroblast",0.19540185,-1.0556941,4.600965
"GSM5050558","DFU-nonhealer","myeloid",0.006223812,13.740829,-3.087393
"GSM5050538","Non-diabetic","sweat_gland",0.0099194525,-4.708979,0.9523698
"GSM5050557","DFU-nonhealer","myeloid",0.004859423,13.795463,-4.0992126
"GSM5050538","Non-diabetic","fibroblast",0.02316423,1.9626747,-2.283093
"GSM5050533","DFU-nonhealer","keratinocyte",0.0064526205,3.9727697,13.934402
"GSM5050527","DFU-healer","fibroblast",0.17848614,4.8270173,-0.70797604
"GSM5050556","Non-diabetic","fibroblast",0.014024685,2.3016875,-1.4280692
"GSM5050552","Non-diabetic","keratinocyte",0.0034595474,0.9528177,16.750168
"GSM5050573","DFU-healer","melanocyte",0.021390466,-6.4000826,7.395887
"GSM5050557","DFU-nonhealer","pericyte_smc",0.0069212588,-10.908321,5.9401417
"GSM5050547","DFU-healer","pericyte_smc",0.013321827,-7.315311,5.3173704
"GSM5050557","DFU-nonhealer","t_cell",0.007188183,14.975221,5.538764
"GSM5050547","DFU-healer","endothelial",0.03721712,-1.615403,-7.72561
"GSM5050573","DFU-healer","keratinocyte",0.0048130797,3.1211681,15.162812
"GSM5050555","Non-diabetic","pericyte_smc",0.013823928,-7.3931756,7.374812
"GSM5050531","DFU-healer","keratinocyte",0.0034566128,0.3975072,16.686672
"GSM5050569","DFU-healer","fibroblast",0.0074099437,6.21316,-4.3994503
"GSM5050523","DFU-healer","fibroblast",0.16094148,7.0149584,-0.99762034
"GSM5050556","Non-diabetic","endothelial",0.0052889185,-4.701966,-10.124673
"GSM5050569","DFU-healer","fibroblast",0.052660447,7.0355277,-1.7215534
"GSM5050547","DFU-healer","myeloid",0.0063186674,13.230097,-3.5365813
"GSM5050534","Non-diabetic","keratinocyte",0.006817824,3.4263594,13.794807
"GSM5050532","DFU-healer","fibroblast",0.4750683,5.952572,0.37778354
"GSM5050538","Non-diabetic","pericyte_smc",0.012782274,-6.223655,3.8785214
"GSM5050569","DFU-healer","t_cell",0.011244719,17.135223,5.609412
"GSM5050555","Non-diabetic","fibroblast",0.017834786,2.9998055,-2.358019
"GSM5050538","Non-diabetic","keratinocyte",0.0056166393,3.8660932,14.797013
"GSM5050569","DFU-healer","endothelial",0.047287643,-2.4692307,-8.870551
"GSM5050530","DFU-nonhealer","pericyte_smc",0.036036752,-3.1949844,2.7349722
"GSM5050540","Non-diabetic","fibroblast",0.5023231,5.9130354,1.0718101
"GSM5050574","Non-diabetic","endothelial",0.006093915,-3.3201337,-11.195507
"GSM5050539","DFU-healer","myeloid",0.00856219,13.08086,-1.4592535
"GSM5050532","DFU-healer","fibroblast",0.02717688,1.9661874,1.124581
"GSM5050538","Non-diabetic","pericyte_smc",0.013955996,-7.317082,4.2628245
"GSM5050538","Non-diabetic","keratinocyte",0.007506234,3.9799995,11.656725
"GSM5050538","Non-diabetic","fibroblast",0.008615637,-0.6877136,-2.4133828
"GSM5050533","DFU-nonhealer","fibroblast",0.012202329,4.559,-1.895803
"GSM5050563","DFU-nonhealer","pericyte_smc",0.011234223,-7.8787293,7.1675925
"GSM5050573","DFU-healer","fibroblast",0.09532178,5.721592,-0.9628102
"GSM5050532","DFU-healer","pericyte_smc",0.011307307,-8.029471,4.8324924
"GSM5050548","Non-diabetic","myeloid",0.007453943,12.629515,-2.368732
"GSM5050563","DFU-nonhealer","pericyte_smc",0.017229386,-5.14897,6.7398643
"GSM5050527","DFU-healer","pericyte_smc",0.013657298,-5.8200135,4.1900263
"GSM5050573","DFU-healer","pericyte_smc",0.02575937,-1.937468,2.4611843
"GSM5050558","DFU-nonhealer","myeloid",0.007375091,13.287685,-1.4795219
"GSM5050555","Non-diabetic","keratinocyte",0.012897765,2.687986,-2.1785896
"GSM5050530","DFU-nonhealer","pericyte_smc",0.20009127,-2.0653524,4.2510147
"GSM5050539","DFU-healer","myeloid",0.0059512416,13.0044985,-4.236389
"GSM5050538","Non-diabetic","endothelial",0.0068570413,-2.2836003,-9.7249
"GSM5050568","Non-diabetic","fibroblast",0.017700823,2.4342701,2.4511263
"GSM5050564","Non-diabetic","pericyte_smc",0.013552306,-6.273623,3.830697
"GSM5050534","Non-diabetic","keratinocyte",0.03101025,2.8283863,0.51356035
"GSM5050523","DFU-healer","pericyte_smc",0.011234976,-5.5808363,3.7824562
"GSM5050557","DFU-nonhealer","myeloid",0.0064258273,13.802059,-2.2534137
"GSM5050557","DFU-nonhealer","myeloid",0.005370714,12.324272,-3.7635794
"GSM5050558","DFU-nonhealer","fibroblast",0.030832421,2.0534635,1.569408
"GSM5050556","Non-diabetic","fibroblast",0.013423821,1.8854926,-3.2570262
"GSM5050556","Non-diabetic","pericyte_smc",0.0075156954,-4.48297,0.31569916
"GSM5050548","Non-diabetic","endothelial",0.0057783364,-2.2213323,-10.610359
"GSM5050539","DFU-healer","myeloid",0.005601187,13.616808,-3.9925714
"GSM5050547","DFU-healer","t_cell",0.004714081,16.669792,6.6075535
"GSM5050556","Non-diabetic","myeloid",0.00602247,13.650676,-3.1956408
"GSM5050538","Non-diabetic","keratinocyte",0.0051718173,4.667874,14.355725
"GSM5050533","DFU-nonhealer","fibroblast",0.01176239,5.055498,-2.8064218
"GSM5050523","DFU-healer","fibroblast",0.6751511,7.7006626,1.491125
"GSM5050574","Non-diabetic","keratinocyte",0.008111291,-2.0512402,12.5602455
"GSM5050547","DFU-healer","t_cell",0.006900293,16.09732,7.19157
"GSM5050574","Non-diabetic","mast",0.010220614,12.535302,-0.030207861
"GSM5050573","DFU-healer","fibroblast",0.08254242,6.005273,-1.3684583
"GSM5050574","Non-diabetic","endothelial",0.01328234,4.2247524,3.9686136
"GSM5050552","Non-diabetic","keratinocyte",0.003248068,0.6959216,16.795284
"GSM5050538","Non-diabetic","fibroblast",0.0069144736,-0.73117626,-0.64153165
"GSM5050538","Non-diabetic","pericyte_smc",0.014680765,-5.9773197,4.7379036
"GSM5050548","Non-diabetic","lymphatic_ec",0.010939091,-5.3992996,7.86355
"GSM5050548","Non-diabetic","pericyte_smc",0.009820868,-11.034695,4.1298227
"GSM5050534","Non-diabetic","keratinocyte",0.014191218,-7.144427,6.227694
"GSM5050527","DFU-healer","t_cell",0.008110089,14.384554,5.6871595
"GSM5050523","DFU-healer","t_cell",0.0056483983,17.156393,6.204709
"GSM5050548","Non-diabetic","keratinocyte",0.0050755967,3.7023098,15.612401
"GSM5050556","Non-diabetic","sweat_gland",0.0062005995,2.3070827,5.1441116
"GSM5050569","DFU-healer","fibroblast",0.06009964,6.9482703,-1.8977001
"GSM5050534","Non-diabetic","fibroblast",0.018621584,2.230691,0.78269804
"GSM5050569","DFU-healer","fibroblast",0.034665566,6.3468437,-2.5760658
"GSM5050568","Non-diabetic","endothelial",0.0051169987,-4.735308,-10.799837
"GSM5050558","DFU-nonhealer","t_cell",0.009035353,16.149817,7.186224
"GSM5050564","Non-diabetic","pericyte_smc",0.012846927,-10.56216,5.8309517
"GSM5050555","Non-diabetic","pericyte_smc",0.015919587,-4.750414,4.6289463
"GSM5050564","Non-diabetic","pericyte_smc",0.013429715,-7.7879424,3.5993733
"GSM5050566","DFU-healer","keratinocyte",0.005860098,-1.7513896,12.9446945
"GSM5050538","Non-diabetic","sweat_gland",0.008436666,1.9668545,4.463814
"GSM5050538","Non-diabetic","myeloid",0.0067769163,11.440637,-2.2603076
"GSM5050547","DFU-healer","pericyte_smc",0.011767922,-8.11368,7.37984
"GSM5050534","Non-diabetic","myeloid",0.014107458,10.659864,-2.1110117
"GSM5050538","Non-diabetic","pericyte_smc",0.014564563,-8.543571,6.17265
"GSM5050569","DFU-healer","fibroblast",0.011304133,4.148902,-3.6388605
"GSM5050573","DFU-healer","pericyte_smc",0.018609542,-2.3762832,3.9697766
"GSM5050533","DFU-nonhealer","keratinocyte",0.005470736,4.3244967,14.948602
"GSM5050532","DFU-healer","pericyte_smc",0.008277638,-6.156609,3.4661589
"GSM5050533","DFU-nonhealer","keratinocyte",0.0047751158,3.0775018,15.670519
"GSM5050538","Non-diabetic","myeloid",0.0057674674,11.846293,-3.1150131
"GSM5050538","Non-diabetic","pericyte_smc",0.017183075,-4.747775,1.4127052
"GSM5050548","Non-diabetic","fibroblast",0.011741966,1.2374959,1.9711311
"GSM5050533","DFU-nonhealer","melanocyte",0.070311256,-6.9418116,14.899944
"GSM5050534","Non-diabetic","fibroblast",0.024345512,3.0978196,-0.6404668
"GSM5050555","Non-diabetic","fibroblast",0.012257449,1.2796615,-2.8704946
"GSM5050558","DFU-nonhealer","endothelial",0.008298993,-2.221431,-10.666104
"GSM5050574","Non-diabetic","t_cell",0.0053054113,16.102703,8.073731
"GSM5050530","DFU-nonhealer","t_cell",0.0042067207,15.841431,6.707836
"GSM5050552","Non-diabetic","t_cell",0.012777927,-4.0838284,4.844101
"GSM5050533","DFU-nonhealer","endothelial",0.0093648555,-0.29748735,-8.823438
"GSM5050527","DFU-healer","fibroblast",0.70032537,5.09103,1.2449362
"GSM5050558","DFU-nonhealer","t_cell",0.006398549,15.208673,7.702555
"GSM5050527","DFU-healer","endothelial",0.006460797,-3.893939,-9.212267
"GSM5050556","Non-diabetic","keratinocyte",0.0064883935,5.2965035,11.5823
"GSM5050523","DFU-healer","fibroblast",0.01482319,7.531749,-3.167064
"GSM5050527","DFU-healer","pericyte_smc",0.020221243,-2.4277062,2.3466997
"GSM5050527","DFU-healer","pericyte_smc",0.23672445,-1.3464328,4.5714183
"GSM5050564","Non-diabetic","myeloid",0.0063149836,14.014615,-1.8227352
"GSM5050538","Non-diabetic","endothelial",0.0063674087,-4.0267825,-9.258723
"GSM5050532","DFU-healer","fibroblast",0.22325379,2.8224897,-0.44894454
"GSM5050547","DFU-healer","fibroblast",0.010119178,3.0994604,-3.119451
"GSM5050557","DFU-nonhealer","pericyte_smc",0.0105093075,-10.531254,5.013598
"GSM5050566","DFU-healer","endothelial",0.008809034,-0.37165403,-10.869739
"GSM5050531","DFU-healer","fibroblast",0.19359197,6.9474845,-0.6581049
"GSM5050533","DFU-nonhealer","fibroblast",0.021869022,2.888102,1.2826366
"GSM5050556","Non-diabetic","pericyte_smc",0.009650833,-10.020244,4.333386
"GSM5050547","DFU-healer","myeloid",0.010267609,13.100283,-1.4468257
"GSM5050547","DFU-healer","pericyte_smc",0.014086145,-5.222046,6.248902
"GSM5050566","DFU-healer","fibroblast",0.037911262,2.0123527,-0.64027476
"GSM5050555","Non-diabetic","sweat_gland",0.0025788485,-4.682953,13.14134
"GSM5050534","Non-diabetic","pericyte_smc",0.012801578,-8.057438,7.717807
"GSM5050573","DFU-healer","pericyte_smc",0.037473097,-3.0994306,4.278921
"GSM5050556","Non-diabetic","endothelial",0.0054384717,-4.407322,-9.926885
"GSM5050539","DFU-healer","fibroblast",0.741254,6.7704487,1.8742416
"GSM5050548","Non-diabetic","keratinocyte",0.0050002285,2.8017495,16.077644
"GSM5050557","DFU-nonhealer","fibroblast",0.019618543,2.3178856,2.1603832
"GSM5050556","Non-diabetic","pericyte_smc",0.009604111,-11.311511,4.5126114
"GSM5050540","Non-diabetic","fibroblast",0.59541905,8.012756,1.0145925
"GSM5050569","DFU-healer","fibroblast",0.053566314,4.062115,-2.9033287
"GSM5050538","Non-diabetic","endothelial",0.006118475,-4.1083527,-9.763905
"GSM5050523","DFU-healer","myeloid",0.010599033,12.632038,-3.3871887
"GSM5050538","Non-diabetic","keratinocyte",0.0043103523,2.8894045,16.02953
"GSM5050527","DFU-healer","keratinocyte",0.028425753,9.943209,10.11292
"GSM5050556","Non-diabetic","keratinocyte",0.010561867,5.5787888,9.699688
"GSM5050523","DFU-healer","pericyte_smc",0.023442166,-6.462162,2.4132478
"GSM5050556","Non-diabetic","fibroblast",0.014940997,3.346973,3.163769
"GSM5050574","Non-diabetic","keratinocyte",0.008374518,-0.52126765,13.241875
"GSM5050563","DFU-nonhealer","endothelial",0.00676278,-3.633361,-8.748322
"GSM5050557","DFU-nonhealer","endothelial",0.0053266427,-4.521796,-10.500331
"GSM5050533","DFU-nonhealer","keratinocyte",0.008064561,4.1330304,13.657348
"GSM5050523","DFU-healer","endothelial",0.010841137,-2.6648543,-10.178827
"GSM5050574","Non-diabetic","sweat_gland",0.007581223,-2.6845307,11.625045
"GSM5050533","DFU-nonhealer","keratinocyte",0.0048280214,3.1057565,15.838912
"GSM5050539","DFU-healer","t_cell",0.0052010287,15.617328,5.317479
"GSM5050523","DFU-healer","pericyte_smc",0.009253551,-4.612499,0.54203093
"GSM5050558","DFU-nonhealer","pericyte_smc",0.0092364345,-4.3529444,0.849571
"GSM5050523","DFU-healer","fibroblast",0.008101937,7.301434,-4.300111
"GSM5050540","Non-diabetic","fibroblast",0.5255501,7.820639,0.69286245
"GSM5050547","DFU-healer","myeloid",0.007840791,12.46678,-4.01389
"GSM5050523","DFU-healer","fibroblast",0.019952286,-2.0113745,3.869126
"GSM5050563","DFU-nonhealer","endothelial",0.006484217,-4.093429,-11.050903
"GSM5050556","Non-diabetic","keratinocyte",0.011906393,-1.140704,11.654488
"GSM5050548","Non-diabetic","pericyte_smc",0.010169139,-5.896798,3.488718
"GSM5050573","DFU-healer","endothelial",0.0076927654,-3.5461621,-10.54216
"GSM5050533","DFU-nonhealer","keratinocyte",0.0083636865,4.173611,12.48465
"GSM5050552","Non-diabetic","pericyte_smc",0.023548732,-7.2159977,3.9881792
"GSM5050534","Non-diabetic","myeloid",0.008520461,10.767928,-2.0786264
"GSM5050539","DFU-healer","fibroblast",0.18719059,7.1281443,-0.71320325
"GSM5050547","DFU-healer","pericyte_smc",0.013784325,-4.3682175,5.4931936
"GSM5050569","DFU-healer","fibroblast",0.053016465,3.145034,-1.2650965
"GSM5050533","DFU-nonhealer","fibroblast",0.011597925,5.495306,-3.3142736
"GSM5050567","Non-diabetic","keratinocyte",0.011443898,-0.98873425,12.50464
"GSM5050555","Non-diabetic","fibroblast",0.008415179,-0.026800215,-1.7883916
"GSM5050540","Non-diabetic","fibroblast",0.63102645,8.140937,1.1353145
"GSM5050534","Non-diabetic","keratinocyte",0.0119385,3.5141242,10.705071
"GSM5050534","Non-diabetic","keratinocyte",0.00706949,3.6099997,13.758761
"GSM5050566","DFU-healer","pericyte_smc",0.018441977,-8.860501,6.803057
"GSM5050538","Non-diabetic","fibroblast",0.009792496,1.8868219,-4.196429
"GSM5050555","Non-diabetic","pericyte_smc",0.007666289,-11.576735,5.151238
"GSM5050531","DFU-healer","pericyte_smc",0.0165248,-2.488053,3.7437203
"GSM5050532","DFU-healer","fibroblast",0.014083585,0.6473599,-1.1529902
"GSM5050531","DFU-healer","endothelial",0.0070453524,-3.8422863,-9.900694
"GSM5050574","Non-diabetic","pericyte_smc",0.022131845,4.3651686,3.6998577
"GSM5050523","DFU-healer","pericyte_smc",0.010032661,-6.538471,1.8843784
"GSM5050552","Non-diabetic","pericyte_smc",0.0120170005,-6.5224314,4.091409
"GSM5050534","Non-diabetic","pericyte_smc",0.014550766,-4.850889,2.5579433
"GSM5050573","DFU-healer","pericyte_smc",0.037257537,-5.9444714,7.785478
"GSM5050539","DFU-healer","b_plasma",0.0067807343,14.667596,1.130725
"GSM5050574","Non-diabetic","endothelial",0.0053053303,-4.061936,-11.09604
"GSM5050574","Non-diabetic","fibroblast",0.016235089,3.5968995,-1.7469277
"GSM5050555","Non-diabetic","t_cell",0.005432862,15.269761,5.489266
"GSM5050548","Non-diabetic","pericyte_smc",0.009886525,-9.564889,5.5112023
"GSM5050530","DFU-nonhealer","fibroblast",0.0901265,5.889219,-1.6111324
"GSM5050548","Non-diabetic","keratinocyte",0.007903962,5.2562885,11.090726
"GSM5050539","DFU-healer","b_plasma",0.006801869,14.4911175,1.3692564
"GSM5050530","DFU-nonhealer","fibroblast",0.7877666,6.5783334,2.1079063
"GSM5050533","DFU-nonhealer","endothelial",0.0092818625,-0.9977797,-10.625503
"GSM5050540","Non-diabetic","t_cell",0.010044829,15.564483,5.6636763
"GSM5050556","Non-diabetic","pericyte_smc",0.013038979,-5.781695,7.7075133
"GSM5050557","DFU-nonhealer","pericyte_smc",0.011250335,-10.084723,3.9010973
"GSM5050533","DFU-nonhealer","keratinocyte",0.014471468,4.962273,10.379285
"GSM5050557","DFU-nonhealer","myeloid",0.006319481,13.399245,-1.8663588
"GSM5050552","Non-diabetic","keratinocyte",0.0053495523,4.1132197,14.469812
"GSM5050533","DFU-nonhealer","keratinocyte",0.0063269716,4.5830975,14.124734
"GSM5050530","DFU-nonhealer","pericyte_smc",0.024844237,-2.3442402,2.5125008
"GSM5050534","Non-diabetic","fibroblast",0.032530244,1.4927278,-0.061154287
"GSM5050556","Non-diabetic","pericyte_smc",0.026450861,-5.039498,6.0477176
"GSM5050523","DFU-healer","fibroblast",0.023629112,0.79264784,-2.1847234
"GSM5050532","DFU-healer","fibroblast",0.051213697,5.7651796,-1.866992
"GSM5050539","DFU-healer","myeloid",0.0063751987,13.011157,-4.167227
"GSM5050548","Non-diabetic","pericyte_smc",0.010597238,-7.4693074,2.3456101
"GSM5050532","DFU-healer","keratinocyte",0.010436986,3.3916247,13.200286
"GSM5050538","Non-diabetic","pericyte_smc",0.006139248,-9.1210575,9.1627655
"GSM5050534","Non-diabetic","keratinocyte",0.007064218,2.299369,5.0798817
"GSM5050523","DFU-healer","melanocyte",0.0076730717,-3.2364779,-10.09165
"GSM5050533","DFU-nonhealer","pericyte_smc",0.014177279,-6.1154003,2.3359575
"GSM5050555","Non-diabetic","keratinocyte",0.013614227,0.32615924,12.98921
"GSM5050539","DFU-healer","b_plasma",0.0071207536,14.280736,2.322211
"GSM5050556","Non-diabetic","mast",0.017135061,13.200832,-0.18449262
"GSM5050523","DFU-healer","fibroblast",0.03142537,3.0056431,-1.2594811
"GSM5050547","DFU-healer","pericyte_smc",0.017468361,-7.581525,7.2642446
"GSM5050555","Non-diabetic","mast",0.0095525505,11.939457,-2.4052343
"GSM5050534","Non-diabetic","fibroblast",0.020147609,0.7617677,-0.07793228
"GSM5050540","Non-diabetic","t_cell",0.0077521773,14.964491,8.244418
"GSM5050569","DFU-healer","fibroblast",0.15148634,7.2987704,-1.0300274
"GSM5050533","DFU-nonhealer","keratinocyte",0.0046232594,3.1735535,16.233036
"GSM5050568","Non-diabetic","endothelial",0.00542656,-3.256763,-11.082176
"GSM5050563","DFU-nonhealer","endothelial",0.0070701083,-1.7682471,-10.850278
"GSM5050523","DFU-healer","pericyte_smc",0.023180762,-5.1485424,4.911357
"GSM5050534","Non-diabetic","keratinocyte",0.0051331455,2.5199373,15.392464
"GSM5050555","Non-diabetic","pericyte_smc",0.009243681,-3.7913544,0.7646458
"GSM5050538","Non-diabetic","keratinocyte",0.0048294803,3.1454182,16.061993
"GSM5050540","Non-diabetic","fibroblast",0.44503292,7.215645,0.3635166
"GSM5050531","DFU-healer","fibroblast",0.12369472,6.966429,-1.1014794
"GSM5050574","Non-diabetic","fibroblast",0.009899269,3.9421039,-1.6739848
"GSM5050566","DFU-healer","t_cell",0.0061773504,15.456375,7.370497
"GSM5050533","DFU-nonhealer","keratinocyte",0.0068900455,4.0981402,13.571744
"GSM5050556","Non-diabetic","pericyte_smc",0.012931025,-3.487745,1.5124675
"GSM5050573","DFU-healer","fibroblast",0.007864619,6.254703,-3.1423614
"GSM5050523","DFU-healer","pericyte_smc",0.015495507,-5.856813,3.2244573
"GSM5050527","DFU-healer","pericyte_smc",0.025482517,-3.1366785,2.3020723
"GSM5050564","Non-diabetic","sweat_gland",0.0082140155,-1.7478762,11.024315
"GSM5050538","Non-diabetic","sweat_gland",0.011579922,-9.094417,7.3406157
"GSM5050533","DFU-nonhealer","keratinocyte",0.01254166,5.3769684,9.796583
"GSM5050534","Non-diabetic","keratinocyte",0.011843383,-5.4976406,1.9171385
"GSM5050557","DFU-nonhealer","t_cell",0.0052459342,13.912789,4.6084886
"GSM5050564","Non-diabetic","keratinocyte",0.0050073876,4.055989,14.580529
"GSM5050548","Non-diabetic","keratinocyte",0.0053022327,4.6518526,14.78499
"GSM5050563","DFU-nonhealer","fibroblast",0.48648316,5.7176447,0.42880222
"GSM5050548","Non-diabetic","endothelial",0.0074007106,-0.738521,-9.766064
"GSM5050569","DFU-healer","t_cell",0.014782946,16.532402,5.7648973
"GSM5050573","DFU-healer","t_cell",0.0064686234,14.2070875,5.7114983
"GSM5050527","DFU-healer","pericyte_smc",0.011602073,-5.557517,7.822215
"GSM5050563","DFU-nonhealer","t_cell",0.008492288,14.098413,7.844554
"GSM5050548","Non-diabetic","pericyte_smc",0.011408776,-6.982282,7.7066307
"GSM5050532","DFU-healer","fibroblast",0.024621582,1.8137084,-0.45674923
"GSM5050538","Non-diabetic","fibroblast",0.009774593,0.507886,-2.7845824
"GSM5050527","DFU-healer","pericyte_smc",0.014348997,-4.152365,1.3683169
"GSM5050534","Non-diabetic","fibroblast",0.01566964,0.9240255,-0.70031863
"GSM5050558","DFU-nonhealer","myeloid",0.0069857226,13.053295,-2.5253756
"GSM5050569","DFU-healer","myeloid",0.011162929,12.597415,-3.6296864
"GSM5050555","Non-diabetic","fibroblast",0.013790692,2.811777,3.2002165
"GSM5050540","Non-diabetic","fibroblast",0.46199375,6.819011,0.67751837
"GSM5050555","Non-diabetic","melanocyte",0.010084573,-3.3981183,12.721395
"GSM5050539","DFU-healer","b_plasma",0.0075993803,14.266442,2.0270638
"GSM5050527","DFU-healer","fibroblast",0.08250671,4.5720606,-1.3522229
"GSM5050569","DFU-healer","myeloid",0.00918304,12.174013,-3.864333
"GSM5050573","DFU-healer","fibroblast",0.008372533,5.030684,-2.719591
"GSM5050568","Non-diabetic","sweat_gland",0.007474023,-0.40558654,13.290811
"GSM5050540","Non-diabetic","pericyte_smc",0.024091942,-1.3381957,2.8663132
"GSM5050556","Non-diabetic","pericyte_smc",0.010663153,-7.8265133,5.5559597
"GSM5050538","Non-diabetic","pericyte_smc",0.011825012,-9.240794,7.1901846
"GSM5050574","Non-diabetic","keratinocyte",0.013337868,-1.3078815,11.960398
"GSM5050534","Non-diabetic","fibroblast",0.012165926,0.49932545,-1.1788787
"GSM5050534","Non-diabetic","keratinocyte",0.004763524,2.1436098,15.690708
"GSM5050573","DFU-healer","pericyte_smc",0.023128899,-2.3150537,2.7401712
"GSM5050556","Non-diabetic","endothelial",0.005334021,-4.463413,-9.80419
"GSM5050568","Non-diabetic","fibroblast",0.017100653,3.9683812,3.6970615
"GSM5050557","DFU-nonhealer","melanocyte",0.0065947245,-3.5251963,12.643689
"GSM5050539","DFU-healer","fibroblast",0.090379,5.9901023,-1.7475861
"GSM5050555","Non-diabetic","myeloid",0.0069032665,11.784156,-2.4263346
"GSM5050563","DFU-nonhealer","fibroblast",0.013605749,0.13586691,-2.0143964
"GSM5050547","DFU-healer","pericyte_smc",0.043300286,-3.927999,4.8725314
"GSM5050555","Non-diabetic","pericyte_smc",0.011409546,-7.38275,4.612657
"GSM5050530","DFU-nonhealer","endothelial",0.010816106,-0.071673594,-9.599107
"GSM5050574","Non-diabetic","pericyte_smc",0.022009498,4.1052694,3.2844398
"GSM5050547","DFU-healer","pericyte_smc",0.008626216,-4.5143805,1.4202164
"GSM5050547","DFU-healer","keratinocyte",0.0051600863,2.2991147,15.473133
"GSM5050532","DFU-healer","fibroblast",0.054364663,2.330392,-0.47015736
"GSM5050527","DFU-healer","keratinocyte",0.0044944775,1.6711605,16.174297
"GSM5050527","DFU-healer","keratinocyte",0.0036416457,0.7755889,16.62615
"GSM5050574","Non-diabetic","fibroblast",0.012794398,2.1397893,3.263214
"GSM5050557","DFU-nonhealer","pericyte_smc",0.008582447,-11.440197,3.8656816
"GSM5050569","DFU-healer","endothelial",0.030246932,-2.3852677,-9.214595
"GSM5050574","Non-diabetic","endothelial",0.0057106907,-3.1764677,-9.620367
"GSM5050558","DFU-nonhealer","keratinocyte",0.0033491624,0.87140095,16.148973
"GSM5050552","Non-diabetic","endothelial",0.0056283562,-3.8381941,-11.28077
"GSM5050534","Non-diabetic","keratinocyte",0.014734948,-6.8917646,6.9704723
"GSM5050540","Non-diabetic","fibroblast",0.08705312,-1.1838137,4.433938
"GSM5050538","Non-diabetic","endothelial",0.005795341,-4.5618024,-9.831024
"GSM5050556","Non-diabetic","pericyte_smc",0.011214709,-5.626685,8.027487
"GSM5050556","Non-diabetic","fibroblast",0.011251691,1.0544596,-3.5892525
"GSM5050527","DFU-healer","myeloid",0.028657487,10.470334,-3.737765
"GSM5050569","DFU-healer","keratinocyte",0.01280267,3.1209707,13.536015
"GSM5050568","Non-diabetic","endothelial",0.008851125,0.9121798,-8.963097
"GSM5050523","DFU-healer","pericyte_smc",0.01702541,-6.6121583,6.201229
"GSM5050530","DFU-nonhealer","fibroblast",0.21086301,6.0115247,-0.48680645
"GSM5050540","Non-diabetic","fibroblast",0.81812954,6.7140365,2.2256308
"GSM5050552","Non-diabetic","fibroblast",0.017136127,2.4222102,-3.951179
"GSM5050523","DFU-healer","pericyte_smc",0.012024948,-4.4678392,2.7951329
"GSM5050548","Non-diabetic","pericyte_smc",0.010323436,-6.6948285,4.880106
"GSM5050533","DFU-nonhealer","fibroblast",0.00760733,5.215358,-3.5286677
"GSM5050555","Non-diabetic","keratinocyte",0.0073440773,-2.1214466,13.036868
"GSM5050533","DFU-nonhealer","melanocyte",0.3305462,-8.338047,14.967529
"GSM5050556","Non-diabetic","myeloid",0.011212264,13.234459,0.8786907
"GSM5050532","DFU-healer","endothelial",0.011304121,0.7718855,-9.079123
"GSM5050539","DFU-healer","myeloid",0.0050465865,12.820088,-4.509643
"GSM5050555","Non-diabetic","mast",0.011672264,13.335755,0.728373
"GSM5050556","Non-diabetic","pericyte_smc",0.008677754,-5.2215157,1.8959322
"GSM5050557","DFU-nonhealer","myeloid",0.0064542624,12.542097,-2.8368871
"GSM5050557","DFU-nonhealer","endothelial",0.01010843,-3.2521224,-9.398717
"GSM5050573","DFU-healer","fibroblast",0.6974745,7.672753,1.5244734
"GSM5050556","Non-diabetic","endothelial",0.0054323683,-4.612317,-9.931849
"GSM5050557","DFU-nonhealer","myeloid",0.017834809,11.536705,-2.2615497
"GSM5050556","Non-diabetic","pericyte_smc",0.014195564,-5.923267,7.1730065
"GSM5050557","DFU-nonhealer","pericyte_smc",0.0085613895,-11.145658,5.626241
"GSM5050566","DFU-healer","endothelial",0.010687765,-0.16124283,-9.637802
"GSM5050566","DFU-healer","lymphatic_ec",0.015980981,-0.34160438,-10.90909
"GSM5050539","DFU-healer","myeloid",0.0073800175,13.139151,-2.5720508
"GSM5050568","Non-diabetic","pericyte_smc",0.014509683,-8.790938,3.7856307
"GSM5050557","DFU-nonhealer","myeloid",0.0057281884,12.017372,-3.2773185
"GSM5050531","DFU-healer","myeloid",0.0060810675,12.744682,-3.185488
"GSM5050573","DFU-healer","fibroblast",0.13166496,5.6882076,-0.8269797
"GSM5050530","DFU-nonhealer","mast",0.008233929,14.275428,1.9851186
"GSM5050532","DFU-healer","fibroblast",0.08596338,6.7424912,-1.5530976
"GSM5050552","Non-diabetic","keratinocyte",0.004400665,3.3489943,16.237753
"GSM5050556","Non-diabetic","pericyte_smc",0.013308131,-2.273271,1.9840126
"GSM5050548","Non-diabetic","pericyte_smc",0.008247691,-11.0666895,5.926209
"GSM5050555","Non-diabetic","pericyte_smc",0.013099897,-7.0026674,6.4899836
"GSM5050573","DFU-healer","keratinocyte",0.008245925,3.2108433,14.063597
"GSM5050539","DFU-healer","myeloid",0.0048467154,12.426512,-4.8433294
"GSM5050523","DFU-healer","fibroblast",0.0242409,5.4686427,-2.3895288
"GSM5050538","Non-diabetic","b_plasma",0.014597209,-6.506673,4.1031566
"GSM5050539","DFU-healer","t_cell",0.014631892,16.19401,5.3977094
"GSM5050556","Non-diabetic","keratinocyte",0.006369317,4.6623154,13.208438
"GSM5050534","Non-diabetic","pericyte_smc",0.03113774,2.8285651,2.1718998
"GSM5050556","Non-diabetic","pericyte_smc",0.011653246,-9.877894,4.8854694
"GSM5050548","Non-diabetic","pericyte_smc",0.013061074,-6.5721216,5.16493
"GSM5050574","Non-diabetic","fibroblast",0.01321555,4.238654,-1.9716865
"GSM5050532","DFU-healer","endothelial",0.0063863555,-4.3071704,-10.242328
"GSM5050573","DFU-healer","pericyte_smc",0.026435694,-4.4706225,2.2235265
"GSM5050555","Non-diabetic","pericyte_smc",0.012737781,-6.8214746,2.299177
"GSM5050530","DFU-nonhealer","pericyte_smc",0.01629866,-3.483815,6.1964207
"GSM5050569","DFU-healer","fibroblast",0.2945334,7.370542,-0.29163402
"GSM5050533","DFU-nonhealer","pericyte_smc",0.01065631,-5.186425,7.636294
"GSM5050556","Non-diabetic","keratinocyte",0.01625902,-1.4783212,11.262269
"GSM5050533","DFU-nonhealer","pericyte_smc",0.016880533,-4.110101,3.196343
"GSM5050527","DFU-healer","keratinocyte",0.0036894286,0.44133514,16.32528
"GSM5050523","DFU-healer","t_cell",0.011859701,6.816746,-3.7055755
"GSM5050538","Non-diabetic","sweat_gland",0.014223507,2.3937628,3.7066395
"GSM5050566","DFU-healer","endothelial",0.0064484505,-0.7651404,-11.224416
"GSM5050533","DFU-nonhealer","fibroblast",0.01168626,5.0734606,-2.8544526
"GSM5050540","Non-diabetic","fibroblast",0.6651381,8.158946,1.203666
"GSM5050547","DFU-healer","pericyte_smc",0.012335539,-4.056064,3.2599416
"GSM5050523","DFU-healer","fibroblast",0.012364652,6.12087,-3.8068051
"GSM5050555","Non-diabetic","pericyte_smc",0.011015286,-7.129254,2.7111201
"GSM5050564","Non-diabetic","pericyte_smc",0.012605942,-6.53277,3.871841
"GSM5050539","DFU-healer","myeloid",0.0064734616,12.26518,-4.8799763
"GSM5050557","DFU-nonhealer","sweat_gland",0.0056541082,-1.9508215,13.367265
"GSM5050557","DFU-nonhealer","myeloid",0.009119638,12.737099,-3.2565348
"GSM5050555","Non-diabetic","fibroblast",0.01822516,2.9759443,-2.5942101
"GSM5050538","Non-diabetic","fibroblast",0.0093607055,1.2116083,2.8105462
"GSM5050556","Non-diabetic","keratinocyte",0.0058698016,4.5090203,13.614027
"GSM5050563","DFU-nonhealer","fibroblast",0.01041941,5.6490574,-3.929873
"GSM5050533","DFU-nonhealer","keratinocyte",0.010781981,4.846202,10.414313
"GSM5050547","DFU-healer","pericyte_smc",0.02971109,-3.6697898,4.2533426
"GSM5050532","DFU-healer","fibroblast",0.10933938,2.238094,-0.21918002
"GSM5050556","Non-diabetic","keratinocyte",0.0062378845,5.156296,11.873061
"GSM5050564","Non-diabetic","keratinocyte",0.004357402,2.2947738,14.227911
"GSM5050523","DFU-healer","endothelial",0.013304235,0.9315097,-9.640444
"GSM5050566","DFU-healer","t_cell",0.0060234503,14.079643,7.784998
"GSM5050556","Non-diabetic","fibroblast",0.031522673,3.3526244,2.6463065
"GSM5050523","DFU-healer","mast",0.008404914,13.757769,5.371693
"GSM5050573","DFU-healer","fibroblast",0.14893559,4.952178,-0.49575448
"GSM5050533","DFU-nonhealer","pericyte_smc",0.012999083,-5.1122203,1.1616048
"GSM5050568","Non-diabetic","fibroblast",0.018813942,3.6032624,3.1706202
"GSM5050538","Non-diabetic","fibroblast",0.02311863,2.7556534,1.4128253
"GSM5050555","Non-diabetic","pericyte_smc",0.0110133495,-7.3432007,7.9269867
"GSM5050555","Non-diabetic","lymphatic_ec",0.016673742,-3.4282875,-8.866259
"GSM5050566","DFU-healer","pericyte_smc",0.018317118,-8.968737,4.042941
"GSM5050540","Non-diabetic","b_plasma",0.011201603,14.160561,1.1709293
"GSM5050568","Non-diabetic","fibroblast",0.0105203325,3.0023835,3.9988325
"GSM5050564","Non-diabetic","fibroblast",0.018157989,1.2281977,-0.83207977
"GSM5050539","DFU-healer","pericyte_smc",0.013867737,-4.272493,4.382652
"GSM5050523","DFU-healer","fibroblast",0.01575891,6.919396,-3.5051198
"GSM5050568","Non-diabetic","myeloid",0.007924676,12.521658,0.138471
"GSM5050556","Non-diabetic","fibroblast",0.016117994,2.3971086,-3.9054103
"GSM5050523","DFU-healer","pericyte_smc",0.015005631,-4.807748,4.8943543
"GSM5050530","DFU-nonhealer","lymphatic_ec",0.027501354,-2.2342482,-8.990876
"GSM5050530","DFU-nonhealer","pericyte_smc",0.0137627935,-3.9748323,1.6092738
"GSM5050534","Non-diabetic","pericyte_smc",0.008883033,-8.027594,8.608253
"GSM5050539","DFU-healer","t_cell",0.004737795,16.176514,5.6997504
"GSM5050540","Non-diabetic","t_cell",0.69912136,7.5860386,1.3361315
"GSM5050547","DFU-healer","pericyte_smc",0.017523356,-2.7388453,3.3555164
"GSM5050573","DFU-healer","pericyte_smc",0.16113257,-1.1065965,4.5911746
"GSM5050540","Non-diabetic","myeloid",0.6032669,9.353442,0.3137562
"GSM5050574","Non-diabetic","melanocyte",0.008156433,10.123132,9.987687
"GSM5050523","DFU-healer","fibroblast",0.009912722,6.6593685,-3.8040621
"GSM5050556","Non-diabetic","myeloid",0.00925257,12.976467,-0.33427697
"GSM5050532","DFU-healer","fibroblast",0.23288251,5.676405,-0.73638225
"GSM5050556","Non-diabetic","sweat_gland",0.012188372,-6.146965,3.043158
"GSM5050540","Non-diabetic","t_cell",0.005205251,16.721008,6.2730036
"GSM5050548","Non-diabetic","t_cell",0.0044636107,15.833636,6.381773
"GSM5050558","DFU-nonhealer","myeloid",0.00556948,14.057807,-3.3004713
"GSM5050534","Non-diabetic","keratinocyte",0.0051150797,4.1605725,15.604881
"GSM5050557","DFU-nonhealer","pericyte_smc",0.009041277,-11.134561,4.76195
"GSM5050539","DFU-healer","pericyte_smc",0.013824956,-7.9939313,5.7333374
"GSM5050567","Non-diabetic","keratinocyte",0.010195382,-0.9418305,11.971129
"GSM5050523","DFU-healer","fibroblast",0.018910939,6.525374,-3.3578303
"GSM5050538","Non-diabetic","pericyte_smc",0.0067928554,-9.094618,9.154771
"GSM5050540","Non-diabetic","fibroblast",0.404434,7.045059,0.40679735
"GSM5050558","DFU-nonhealer","fibroblast",0.015189449,0.6774698,0.8485747
"GSM5050558","DFU-nonhealer","fibroblast",0.013599725,2.9529483,3.0580142
"GSM5050539","DFU-healer","pericyte_smc",0.022319956,-4.686223,4.806161
"GSM5050547","DFU-healer","pericyte_smc",0.019430611,-3.229003,2.144777
"GSM5050534","Non-diabetic","pericyte_smc",0.008683793,-8.246207,8.705799
"GSM5050547","DFU-healer","t_cell",0.007715651,16.97071,6.5037327
"GSM5050547","DFU-healer","t_cell",0.0085193245,13.706828,4.5756307
"GSM5050534","Non-diabetic","myeloid",0.0088011855,10.751299,-2.4167738
"GSM5050547","DFU-healer","pericyte_smc",0.017122837,-3.6434405,4.960159
"GSM5050523","DFU-healer","endothelial",0.0087315645,-2.5270865,-9.483085
"GSM5050548","Non-diabetic","keratinocyte",0.0049114707,4.105509,15.55796
"GSM5050556","Non-diabetic","pericyte_smc",0.013151921,-6.0219574,6.243807
"GSM5050527","DFU-healer","pericyte_smc",0.021706436,-8.086285,8.167234
"GSM5050539","DFU-healer","b_plasma",0.0091679245,14.053366,1.1003612
"GSM5050548","Non-diabetic","pericyte_smc",0.01572274,-5.9815245,7.4177527
"GSM5050564","Non-diabetic","melanocyte",0.4581128,-8.623402,14.950315
"GSM5050557","DFU-nonhealer","myeloid",0.00685866,12.989269,-3.1499307
"GSM5050533","DFU-nonhealer","endothelial",0.008380908,-2.1611712,-10.637408
"GSM5050532","DFU-healer","fibroblast",0.0434218,1.5160241,-1.4165953
"GSM5050540","Non-diabetic","t_cell",0.009376217,13.344367,-0.7172598
"GSM5050564","Non-diabetic","sweat_gland",0.020006465,-2.5585678,10.923222
"GSM5050531","DFU-healer","pericyte_smc",0.018024547,-7.068251,7.363224
"GSM5050557","DFU-nonhealer","keratinocyte",0.0034705438,0.5020975,16.456348
"GSM5050547","DFU-healer","pericyte_smc",0.047864042,-3.7987268,5.5490704
"GSM5050540","Non-diabetic","t_cell",0.012745898,13.284573,1.0116019
"GSM5050538","Non-diabetic","pericyte_smc",0.014145117,-10.343554,4.89968
"GSM5050531","DFU-healer","t_cell",0.008186168,16.947445,6.773701
"GSM5050574","Non-diabetic","pericyte_smc",0.03004382,3.3332698,1.5005153
"GSM5050564","Non-diabetic","keratinocyte",0.0048533436,4.250922,14.994957
"GSM5050538","Non-diabetic","fibroblast",0.0074799657,1.5523032,4.171568
"GSM5050569","DFU-healer","fibroblast",0.14718574,7.3985367,-0.9350335
"GSM5050569","DFU-healer","fibroblast",0.04321883,7.01356,-1.9209156
"GSM5050552","Non-diabetic","mast",0.00773866,10.719035,-0.97799957
"GSM5050539","DFU-healer","b_plasma",0.00653817,14.20033,2.3536763
"GSM5050547","DFU-healer","endothelial",0.0068855477,-3.665585,-10.680779
"GSM5050555","Non-diabetic","pericyte_smc",0.01703721,-6.5453935,6.6112905
"GSM5050563","DFU-nonhealer","endothelial",0.0071222372,-3.3152697,-10.882265
"GSM5050540","Non-diabetic","fibroblast",0.68852425,8.176999,1.3375851
"GSM5050532","DFU-healer","keratinocyte",0.0036987555,1.1599361,16.643913
"GSM5050538","Non-diabetic","keratinocyte",0.0060692932,4.6023383,13.451816
"GSM5050568","Non-diabetic","endothelial",0.008739964,0.8425925,-9.120683
"GSM5050548","Non-diabetic","pericyte_smc",0.0112517895,-6.040341,5.498627
"GSM5050556","Non-diabetic","fibroblast",0.018695347,2.810404,0.17292623
"GSM5050569","DFU-healer","keratinocyte",0.0037728488,1.1177233,16.34898
"GSM5050540","Non-diabetic","t_cell",0.005703452,16.369839,5.7661476
"GSM5050563","DFU-nonhealer","endothelial",0.062694654,-1.9446095,-8.831787
"GSM5050573","DFU-healer","fibroblast",0.30767164,5.8037734,1.4722192
"GSM5050523","DFU-healer","pericyte_smc",0.049167395,-3.612304,4.3731623
"GSM5050557","DFU-nonhealer","pericyte_smc",0.012633647,-8.522859,5.082062
"GSM5050523","DFU-healer","pericyte_smc",0.008911221,-5.151204,2.3074222
"GSM5050532","DFU-healer","endothelial",0.009899516,-2.4780564,-10.433357
"GSM5050547","DFU-healer","keratinocyte",0.02420467,-1.3921735,11.976113
"GSM5050552","Non-diabetic","keratinocyte",0.0034396981,1.55432,16.965513
"GSM5050548","Non-diabetic","myeloid",0.0051654656,13.065466,-4.223707
"GSM5050569","DFU-healer","pericyte_smc",0.007997615,-9.036718,8.447158
"GSM5050569","DFU-healer","fibroblast",0.0074183894,5.8420305,-4.334698
"GSM5050556","Non-diabetic","keratinocyte",0.0051544374,2.9753385,15.164518
"GSM5050523","DFU-healer","endothelial",0.0060301237,-2.4083774,-10.705234
"GSM5050547","DFU-healer","pericyte_smc",0.0160066,-5.0461526,5.849642
"GSM5050523","DFU-healer","endothelial",0.007629037,-0.2361961,-8.960442
"GSM5050568","Non-diabetic","pericyte_smc",0.014690174,-6.9189696,6.5545487
"GSM5050548","Non-diabetic","pericyte_smc",0.011831227,-10.249721,4.163803
"GSM5050534","Non-diabetic","fibroblast",0.010720258,3.486987,4.3919873
"GSM5050533","DFU-nonhealer","pericyte_smc",0.011660722,-6.6671677,1.5880111
"GSM5050547","DFU-healer","myeloid",0.030244943,10.743566,-4.581086
"GSM5050548","Non-diabetic","keratinocyte",0.0041646147,3.4295602,16.62806
"GSM5050569","DFU-healer","keratinocyte",0.008579894,3.3792298,13.534855
"GSM5050523","DFU-healer","t_cell",0.009686057,14.745188,5.413313
"GSM5050534","Non-diabetic","pericyte_smc",0.020787232,-8.504746,7.7224517
"GSM5050555","Non-diabetic","sweat_gland",0.01740334,3.118198,1.9760761
"GSM5050530","DFU-nonhealer","b_plasma",0.0036513135,11.797893,-5.9868107
"GSM5050538","Non-diabetic","pericyte_smc",0.01049773,-9.336076,7.7739396
"GSM5050552","Non-diabetic","endothelial",0.007284991,-1.6836295,-10.702742
"GSM5050556","Non-diabetic","fibroblast",0.010930786,2.0216732,-4.2396183
"GSM5050552","Non-diabetic","endothelial",0.004948028,-4.929138,-10.431306
"GSM5050540","Non-diabetic","fibroblast",0.22569536,-2.0687995,4.609749
"GSM5050523","DFU-healer","t_cell",0.0058188485,16.334702,6.879754
"GSM5050533","DFU-nonhealer","pericyte_smc",0.009544158,-3.7992659,1.2488794
"GSM5050538","Non-diabetic","pericyte_smc",0.009002785,-10.693556,5.1985474
"GSM5050552","Non-diabetic","keratinocyte",0.00867645,1.6130074,11.856588
"GSM5050538","Non-diabetic","endothelial",0.00925675,-10.875187,-0.984192
"GSM5050530","DFU-nonhealer","fibroblast",0.16128567,-2.8403833,6.477468
"GSM5050523","DFU-healer","endothelial",0.007420558,0.342712,-8.763169
"GSM5050533","DFU-nonhealer","melanocyte",0.44949135,-8.610693,15.011267
"GSM5050548","Non-diabetic","pericyte_smc",0.015029059,-7.61386,6.4567313
"GSM5050530","DFU-nonhealer","b_plasma",0.003731314,11.696075,-5.973525
"GSM5050547","DFU-healer","fibroblast",0.029584715,-3.188,6.8988867
"GSM5050534","Non-diabetic","keratinocyte",0.005923641,3.1183395,15.241808
"GSM5050534","Non-diabetic","keratinocyte",0.035538413,-5.904468,6.2033706
"GSM5050557","DFU-nonhealer","myeloid",0.008030589,12.926862,-2.891684
"GSM5050556","Non-diabetic","pericyte_smc",0.013774234,-6.866751,5.628669
"GSM5050533","DFU-nonhealer","keratinocyte",0.0064300243,3.5919137,10.612432
"GSM5050558","DFU-nonhealer","t_cell",0.0061745634,13.1905985,3.6148732
"GSM5050533","DFU-nonhealer","keratinocyte",0.0052281823,1.8212289,15.714463
"GSM5050574","Non-diabetic","pericyte_smc",0.010884371,-9.521116,5.827574
"GSM5050548","Non-diabetic","pericyte_smc",0.010061581,-10.233256,4.9357867
"GSM5050555","Non-diabetic","pericyte_smc",0.011800728,-7.1894317,3.25843
"GSM5050569","DFU-healer","fibroblast",0.017278247,7.1974287,-3.194608
"GSM5050563","DFU-nonhealer","pericyte_smc",0.009137873,-5.0317893,2.4541905
"GSM5050563","DFU-nonhealer","pericyte_smc",0.012391611,-7.5492654,7.6844
"GSM5050547","DFU-healer","keratinocyte",0.0043844506,4.037826,16.212328
"GSM5050563","DFU-nonhealer","endothelial",0.006564185,-0.9411672,-11.312752
"GSM5050533","DFU-nonhealer","melanocyte",0.013058901,3.2779257,12.506988
"GSM5050552","Non-diabetic","endothelial",0.009056818,-1.5627191,-10.679255
"GSM5050534","Non-diabetic","keratinocyte",0.0046636667,2.399864,15.897097
"GSM5050574","Non-diabetic","pericyte_smc",0.018813642,4.542646,3.3231418
"GSM5050548","Non-diabetic","keratinocyte",0.004880283,4.3655524,15.235011
"GSM5050534","Non-diabetic","lymphatic_ec",0.011485694,-3.5751107,-8.388599
"GSM5050556","Non-diabetic","pericyte_smc",0.018542906,-5.6094246,6.7222586
"GSM5050547","DFU-healer","pericyte_smc",0.015846863,-3.5378277,4.5674148
"GSM5050540","Non-diabetic","t_cell",0.011545221,12.81242,0.44965592
"GSM5050567","Non-diabetic","pericyte_smc",0.023675667,-2.8511627,10.726282
"GSM5050566","DFU-healer","t_cell",0.006276506,14.600254,8.053508
"GSM5050532","DFU-healer","fibroblast",0.013957392,0.9234171,-1.3012961
"GSM5050556","Non-diabetic","pericyte_smc",0.0105604045,-4.8085365,1.984741
"GSM5050523","DFU-healer","pericyte_smc",0.012383419,-7.825193,3.8200483
"GSM5050539","DFU-healer","myeloid",0.015314683,12.215475,-3.7480361
"GSM5050568","Non-diabetic","fibroblast",0.01313401,1.5945174,-2.9780397
"GSM5050534","Non-diabetic","keratinocyte",0.004069918,1.3679652,16.307428
"GSM5050556","Non-diabetic","pericyte_smc",0.014174661,-5.84974,3.8135896
"GSM5050523","DFU-healer","b_plasma",0.00650015,14.514563,5.006161
"GSM5050573","DFU-healer","pericyte_smc",0.035993863,-3.351736,4.353648
"GSM5050534","Non-diabetic","sweat_gland",0.01736377,1.3258412,0.32819274
"GSM5050538","Non-diabetic","sweat_gland",0.009677561,-5.1608357,0.84952843
"GSM5050527","DFU-healer","keratinocyte",0.02067056,-4.555888,6.225442
"GSM5050555","Non-diabetic","mast",0.007834747,12.008536,-1.4641143
"GSM5050533","DFU-nonhealer","keratinocyte",0.0053722393,4.826288,15.187754
"GSM5050538","Non-diabetic","endothelial",0.0058870455,-4.42717,-10.160509
"GSM5050523","DFU-healer","pericyte_smc",0.013687505,-5.3231926,2.9755466
"GSM5050558","DFU-nonhealer","t_cell",0.005930844,15.443963,6.3982387
"GSM5050548","Non-diabetic","fibroblast",0.014428612,3.24903,3.3976784
"GSM5050563","DFU-nonhealer","endothelial",0.009928641,0.6337661,-11.03148
"GSM5050552","Non-diabetic","endothelial",0.0056378623,-3.587521,-11.259267
"GSM5050540","Non-diabetic","pericyte_smc",0.028594578,-3.7253783,4.7860303
"GSM5050538","Non-diabetic","pericyte_smc",0.009591831,-5.2213373,0.75034475
"GSM5050523","DFU-healer","pericyte_smc",0.014597973,-4.8608146,2.3425035
"GSM5050566","DFU-healer","endothelial",0.007124498,-3.6662438,-10.459028
"GSM5050548","Non-diabetic","pericyte_smc",0.010079616,-6.71862,2.033747
"GSM5050547","DFU-healer","myeloid",0.0052079246,13.30897,-3.9804106
"GSM5050530","DFU-nonhealer","pericyte_smc",0.0133901825,-1.0665985,2.8376422
"GSM5050557","DFU-nonhealer","mast",0.008275369,14.225468,-1.1629015
"GSM5050556","Non-diabetic","keratinocyte",0.0046909475,4.499572,15.522365
"GSM5050552","Non-diabetic","keratinocyte",0.0054414845,3.4601445,14.937022
"GSM5050523","DFU-healer","pericyte_smc",0.014530271,-6.589347,2.1714659
"GSM5050556","Non-diabetic","keratinocyte",0.0052146544,4.8211193,13.507279
"GSM5050523","DFU-healer","fibroblast",0.024999052,6.5094833,-2.5705423
"GSM5050538","Non-diabetic","keratinocyte",0.004933608,4.0260873,15.090542
"GSM5050573","DFU-healer","t_cell",0.006066587,15.474747,7.3249435
"GSM5050532","DFU-healer","endothelial",0.01905308,-2.0677018,-10.0363865
"GSM5050527","DFU-healer","myeloid",0.0076397895,11.234411,-3.7171512
"GSM5050538","Non-diabetic","pericyte_smc",0.015360407,3.2556372,2.9390762
"GSM5050574","Non-diabetic","fibroblast",0.011658461,0.2897561,0.85669714
"GSM5050523","DFU-healer","keratinocyte",0.012999138,-2.6521606,12.875258
"GSM5050540","Non-diabetic","myeloid",0.014105136,12.904294,-2.787901
"GSM5050569","DFU-healer","fibroblast",0.008022192,7.1241937,-3.81837
"GSM5050548","Non-diabetic","pericyte_smc",0.00898974,-5.8609915,3.62126
"GSM5050531","DFU-healer","pericyte_smc",0.012920923,-2.320616,2.0398924
"GSM5050573","DFU-healer","pericyte_smc",0.016792031,-6.5738873,4.578073
"GSM5050552","Non-diabetic","myeloid",0.009325814,13.20613,-0.41845205
"GSM5050556","Non-diabetic","fibroblast",0.010480695,0.8426246,-2.1500762
"GSM5050556","Non-diabetic","keratinocyte",0.004522067,4.8591475,15.110686
"GSM5050558","DFU-nonhealer","myeloid",0.006993628,14.670879,-1.3729616
"GSM5050547","DFU-healer","pericyte_smc",0.0150393415,-5.318123,5.9833374
"GSM5050533","DFU-nonhealer","keratinocyte",0.008949074,3.5778382,11.913264
"GSM5050556","Non-diabetic","fibroblast",0.013155952,5.2425447,-1.8892931
"GSM5050552","Non-diabetic","endothelial",0.0065272045,-3.5235775,-10.733669
"GSM5050534","Non-diabetic","pericyte_smc",0.012146296,-6.953835,5.2503934
"GSM5050564","Non-diabetic","keratinocyte",0.006202004,3.7628891,14.669361
"GSM5050548","Non-diabetic","keratinocyte",0.008084169,4.1026587,13.37427
"GSM5050533","DFU-nonhealer","keratinocyte",0.005624134,4.9388766,14.064338
"GSM5050556","Non-diabetic","pericyte_smc",0.012209426,-4.6462045,0.720324
"GSM5050534","Non-diabetic","myeloid",0.0077066887,10.814595,-2.7151825
"GSM5050556","Non-diabetic","keratinocyte",0.0070274994,-1.4924705,13.383416
"GSM5050532","DFU-healer","pericyte_smc",0.01939131,-8.854244,4.9277654
"GSM5050534","Non-diabetic","pericyte_smc",0.009630626,-10.519213,5.6368413
"GSM5050564","Non-diabetic","sweat_gland",0.013989198,-5.3786907,7.286066
"GSM5050552","Non-diabetic","endothelial",0.008774635,-0.53299564,-11.314289
"GSM5050563","DFU-nonhealer","pericyte_smc",0.015735313,-3.6215544,4.3647065
"GSM5050574","Non-diabetic","fibroblast",0.015910437,1.9933347,1.6016643
"GSM5050567","Non-diabetic","pericyte_smc",0.008868441,-10.665626,6.1542063
"GSM5050538","Non-diabetic","fibroblast",0.0078328075,1.6062832,4.0119424
"GSM5050534","Non-diabetic","pericyte_smc",0.009258219,-9.819477,5.2426677
"GSM5050568","Non-diabetic","endothelial",0.016185155,0.24139252,-8.969034
"GSM5050556","Non-diabetic","pericyte_smc",0.010860059,-6.089942,2.629156
"GSM5050538","Non-diabetic","pericyte_smc",0.009750112,-8.836573,8.830673
"GSM5050534","Non-diabetic","keratinocyte",0.0045606922,3.1952631,16.195791
"GSM5050533","DFU-nonhealer","keratinocyte",0.0049198265,4.3487387,15.765847
"GSM5050564","Non-diabetic","endothelial",0.0077850604,-0.08588966,-9.81082
"GSM5050540","Non-diabetic","t_cell",0.008253279,17.12156,6.1850038
"GSM5050538","Non-diabetic","keratinocyte",0.0036904633,0.9978006,16.809517
"GSM5050564","Non-diabetic","lymphatic_ec",0.01213718,-2.8140028,-8.190108
"GSM5050533","DFU-nonhealer","keratinocyte",0.008461053,-0.48098746,13.235584
"GSM5050569","DFU-healer","myeloid",0.019355688,12.979393,-2.2720747
"GSM5050557","DFU-nonhealer","myeloid",0.009598735,2.2802074,4.740556
"GSM5050547","DFU-healer","melanocyte",0.008920307,13.863795,2.007559
"GSM5050531","DFU-healer","fibroblast",0.0627357,6.265989,-1.9181901
"GSM5050552","Non-diabetic","endothelial",0.010250604,-1.2264781,-11.177038
"GSM5050540","Non-diabetic","fibroblast",0.22639768,-0.8683565,4.794909
"GSM5050547","DFU-healer","fibroblast",0.62364185,7.1126885,1.1022036
"GSM5050555","Non-diabetic","fibroblast",0.021440139,3.0212204,1.2570418
"GSM5050532","DFU-healer","pericyte_smc",0.015435063,-5.130619,4.0635624
"GSM5050547","DFU-healer","pericyte_smc",0.021189004,-9.450972,6.735502
"GSM5050533","DFU-nonhealer","fibroblast",0.0073916567,4.6279936,-3.4234433
"GSM5050557","DFU-nonhealer","fibroblast",0.04136377,3.6690865,-1.1205163
"GSM5050523","DFU-healer","fibroblast",0.009426439,4.1949587,-3.6049435
"GSM5050547","DFU-healer","fibroblast",0.6687011,7.769456,1.2635394
"GSM5050555","Non-diabetic","pericyte_smc",0.008552224,-11.232434,5.1009336
"GSM5050558","DFU-nonhealer","fibroblast",0.07489861,3.0306568,2.630871
"GSM5050552","Non-diabetic","endothelial",0.00585261,-4.2636676,-11.018081
"GSM5050556","Non-diabetic","pericyte_smc",0.011328644,-6.2779207,5.83038
"GSM5050523","DFU-healer","lymphatic_ec",0.009694408,-4.6448927,7.438987
"GSM5050540","Non-diabetic","fibroblast",0.78688335,7.017739,1.4175533
"GSM5050566","DFU-healer","t_cell",0.004807141,14.792373,4.8389196
"GSM5050557","DFU-nonhealer","fibroblast",0.016393315,2.7304032,2.576021
"GSM5050574","Non-diabetic","keratinocyte",0.007305296,-0.6809835,13.235517
"GSM5050557","DFU-nonhealer","t_cell",0.0066326032,15.313591,7.912708
"GSM5050527","DFU-healer","fibroblast",0.29934746,5.0507045,0.29485366
"GSM5050532","DFU-healer","fibroblast",0.17223488,2.9214623,-0.2234165
"GSM5050555","Non-diabetic","sweat_gland",0.012527932,12.720484,0.80576456
"GSM5050539","DFU-healer","t_cell",0.005769872,14.582491,4.9900966
"GSM5050534","Non-diabetic","pericyte_smc",0.010901541,-6.3869786,4.1316257
"GSM5050555","Non-diabetic","mast",0.012196467,-3.5388606,1.5008
"GSM5050523","DFU-healer","pericyte_smc",0.014166207,-4.2266955,3.762028
"GSM5050523","DFU-healer","fibroblast",0.023944136,5.476427,-2.581309
"GSM5050558","DFU-nonhealer","myeloid",0.004413583,12.391479,-4.9821825
"GSM5050530","DFU-nonhealer","fibroblast",0.6142517,-1.6838704,4.603782
"GSM5050555","Non-diabetic","lymphatic_ec",0.014905005,-3.1818702,-8.18898
"GSM5050556","Non-diabetic","pericyte_smc",0.011250055,-8.2781925,8.017702
"GSM5050540","Non-diabetic","t_cell",0.006371244,16.44517,7.316984
"GSM5050569","DFU-healer","fibroblast",0.008319071,6.9229193,-3.6408978
"GSM5050539","DFU-healer","myeloid",0.006824227,12.859885,-2.3260036
"GSM5050547","DFU-healer","t_cell",0.005836156,16.886555,6.695
"GSM5050533","DFU-nonhealer","keratinocyte",0.013125883,3.506333,9.809667
"GSM5050523","DFU-healer","pericyte_smc",0.014225033,-4.2917433,3.2567565
"GSM5050539","DFU-healer","myeloid",0.06229696,-2.61009,4.2413483
"GSM5050558","DFU-nonhealer","pericyte_smc",0.009308568,-6.0604863,1.5066466
"GSM5050552","Non-diabetic","pericyte_smc",0.009527518,-7.0135174,1.8252332
"GSM5050547","DFU-healer","pericyte_smc",0.012160143,-2.058306,2.1601377
"GSM5050532","DFU-healer","pericyte_smc",0.00982957,-6.1849036,2.371247
"GSM5050530","DFU-nonhealer","b_plasma",0.0065628663,14.572819,0.9033575
"GSM5050566","DFU-healer","t_cell",0.0075408197,13.300784,3.5135894
"GSM5050558","DFU-nonhealer","t_cell",0.004896147,16.507885,7.122669
